device_name,site_name,latitude,longitude,date,pred_z,pred_pm25,lower,upper,aqi_category
ag_588c8125eca4,Kyebando,0.358762,32.584203,2026-08-01,0.5520072,49.878506,29.92469,69.83232,Unhealthy for Sensitive Groups
ag_588c8125eca4,Kyebando,0.358762,32.584203,2026-08-02,0.5520072,49.878506,29.92469,69.83232,Unhealthy for Sensitive Groups
ag_588c8125eca4,Kyebando,0.358762,32.584203,2026-08-03,0.5520072,49.878506,29.92469,69.83232,Unhealthy for Sensitive Groups
ag_588c8125eca4,Kyebando,0.358762,32.584203,2026-08-04,0.5520072,49.878506,29.92469,69.83232,Unhealthy for Sensitive Groups
ag_588c8125eca4,Kyebando,0.358762,32.584203,2026-08-05,0.5520072,49.878506,29.92469,69.83232,Unhealthy for Sensitive Groups
ag_588c8125eca4,Kyebando,0.358762,32.584203,2026-08-06,0.5520072,49.878506,29.92469,69.83232,Unhealthy for Sensitive Groups
ag_588c8125eca4,Kyebando,0.358762,32.584203,2026-08-07,0.5520072,49.878506,29.92469,69.83232,Unhealthy for Sensitive Groups
ag_588c8125eca4,Kyebando,0.358762,32.584203,2026-08-08,0.5520072,49.878506,29.92469,69.83232,Unhealthy for Sensitive Groups
ag_588c8125eca4,Kyebando,0.358762,32.584203,2026-08-09,0.5520072,49.878506,29.92469,69.83232,Unhealthy for Sensitive Groups
ag_588c8125eca4,Kyebando,0.358762,32.584203,2026-08-10,0.5520072,49.878506,29.92469,69.83232,Unhealthy for Sensitive Groups
ag_588c8125eca4,Kyebando,0.358762,32.584203,2026-08-11,0.5520072,49.878506,29.92469,69.83232,Unhealthy for Sensitive Groups
ag_588c8125eca4,Kyebando,0.358762,32.584203,2026-08-12,0.5520072,49.878506,29.92469,69.83232,Unhealthy for Sensitive Groups
ag_588c8125eca4,Kyebando,0.358762,32.584203,2026-08-13,0.5520072,49.878506,29.92469,69.83232,Unhealthy for Sensitive Groups
ag_588c8125eca4,Kyebando,0.358762,32.584203,2026-08-14,0.5520072,49.878506,29.92469,69.83232,Unhealthy for Sensitive Groups
ag_588c8125eca4,Kyebando,0.358762,32.584203,2026-08-15,0.5520072,49.878506,29.92469,69.83232,Unhealthy for Sensitive Groups
ag_588c8125eca4,Kyebando,0.358762,32.584203,2026-08-16,0.5520072,49.878506,29.92469,69.83232,Unhealthy for Sensitive Groups
ag_588c8125ef30,Sir Apollo Kagwa Road,0.33354,32.56861,2026-08-01,1.2009271,68.284256,48.33044,88.23807,Unhealthy
ag_588c8125ef30,Sir Apollo Kagwa Road,0.33354,32.56861,2026-08-02,1.2009271,68.284256,48.33044,88.23807,Unhealthy
ag_588c8125ef30,Sir Apollo Kagwa Road,0.33354,32.56861,2026-08-03,1.2009271,68.284256,48.33044,88.23807,Unhealthy
ag_588c8125ef30,Sir Apollo Kagwa Road,0.33354,32.56861,2026-08-04,1.2009271,68.284256,48.33044,88.23807,Unhealthy
ag_588c8125ef30,Sir Apollo Kagwa Road,0.33354,32.56861,2026-08-05,1.2009271,68.284256,48.33044,88.23807,Unhealthy
ag_588c8125ef30,Sir Apollo Kagwa Road,0.33354,32.56861,2026-08-06,1.2009271,68.284256,48.33044,88.23807,Unhealthy
ag_588c8125ef30,Sir Apollo Kagwa Road,0.33354,32.56861,2026-08-07,1.2009271,68.284256,48.33044,88.23807,Unhealthy
ag_588c8125ef30,Sir Apollo Kagwa Road,0.33354,32.56861,2026-08-08,1.2009271,68.284256,48.33044,88.23807,Unhealthy
ag_588c8125ef30,Sir Apollo Kagwa Road,0.33354,32.56861,2026-08-09,1.2009271,68.284256,48.33044,88.23807,Unhealthy
ag_588c8125ef30,Sir Apollo Kagwa Road,0.33354,32.56861,2026-08-10,1.2009271,68.284256,48.33044,88.23807,Unhealthy
ag_588c8125ef30,Sir Apollo Kagwa Road,0.33354,32.56861,2026-08-11,1.2009271,68.284256,48.33044,88.23807,Unhealthy
ag_588c8125ef30,Sir Apollo Kagwa Road,0.33354,32.56861,2026-08-12,1.2009271,68.284256,48.33044,88.23807,Unhealthy
ag_588c8125ef30,Sir Apollo Kagwa Road,0.33354,32.56861,2026-08-13,1.2009271,68.284256,48.33044,88.23807,Unhealthy
ag_588c8125ef30,Sir Apollo Kagwa Road,0.33354,32.56861,2026-08-14,1.2009271,68.284256,48.33044,88.23807,Unhealthy
ag_588c8125ef30,Sir Apollo Kagwa Road,0.33354,32.56861,2026-08-15,1.2009271,68.284256,48.33044,88.23807,Unhealthy
ag_588c8125ef30,Sir Apollo Kagwa Road,0.33354,32.56861,2026-08-16,1.2009271,68.284256,48.33044,88.23807,Unhealthy
ag_588c81266ad0,Mpelerwe Trading Center,0.33354,32.56861,2026-08-01,0.6751097,53.370144,33.41633,73.32396,Unhealthy for Sensitive Groups
ag_588c81266ad0,Mpelerwe Trading Center,0.33354,32.56861,2026-08-02,0.6751097,53.370144,33.41633,73.32396,Unhealthy for Sensitive Groups
ag_588c81266ad0,Mpelerwe Trading Center,0.33354,32.56861,2026-08-03,0.6751097,53.370144,33.41633,73.32396,Unhealthy for Sensitive Groups
ag_588c81266ad0,Mpelerwe Trading Center,0.33354,32.56861,2026-08-04,0.6751097,53.370144,33.41633,73.32396,Unhealthy for Sensitive Groups
ag_588c81266ad0,Mpelerwe Trading Center,0.33354,32.56861,2026-08-05,0.6751097,53.370144,33.41633,73.32396,Unhealthy for Sensitive Groups
ag_588c81266ad0,Mpelerwe Trading Center,0.33354,32.56861,2026-08-06,0.6751097,53.370144,33.41633,73.32396,Unhealthy for Sensitive Groups
ag_588c81266ad0,Mpelerwe Trading Center,0.33354,32.56861,2026-08-07,0.6751097,53.370144,33.41633,73.32396,Unhealthy for Sensitive Groups
ag_588c81266ad0,Mpelerwe Trading Center,0.33354,32.56861,2026-08-08,0.6751097,53.370144,33.41633,73.32396,Unhealthy for Sensitive Groups
ag_588c81266ad0,Mpelerwe Trading Center,0.33354,32.56861,2026-08-09,0.6751097,53.370144,33.41633,73.32396,Unhealthy for Sensitive Groups
ag_588c81266ad0,Mpelerwe Trading Center,0.33354,32.56861,2026-08-10,0.6751097,53.370144,33.41633,73.32396,Unhealthy for Sensitive Groups
ag_588c81266ad0,Mpelerwe Trading Center,0.33354,32.56861,2026-08-11,0.6751097,53.370144,33.41633,73.32396,Unhealthy for Sensitive Groups
ag_588c81266ad0,Mpelerwe Trading Center,0.33354,32.56861,2026-08-12,0.6751097,53.370144,33.41633,73.32396,Unhealthy for Sensitive Groups
ag_588c81266ad0,Mpelerwe Trading Center,0.33354,32.56861,2026-08-13,0.6751097,53.370144,33.41633,73.32396,Unhealthy for Sensitive Groups
ag_588c81266ad0,Mpelerwe Trading Center,0.33354,32.56861,2026-08-14,0.6751097,53.370144,33.41633,73.32396,Unhealthy for Sensitive Groups
ag_588c81266ad0,Mpelerwe Trading Center,0.33354,32.56861,2026-08-15,0.6751097,53.370144,33.41633,73.32396,Unhealthy for Sensitive Groups
ag_588c81266ad0,Mpelerwe Trading Center,0.33354,32.56861,2026-08-16,0.6751097,53.370144,33.41633,73.32396,Unhealthy for Sensitive Groups
ag_588c81266dc8,"Nansana east ward, Wakiso",0.3759,32.528,2026-08-01,2.8661053,115.51481,95.56099,135.46863,Unhealthy
ag_588c81266dc8,"Nansana east ward, Wakiso",0.3759,32.528,2026-08-02,2.8661053,115.51481,95.56099,135.46863,Unhealthy
ag_588c81266dc8,"Nansana east ward, Wakiso",0.3759,32.528,2026-08-03,2.8661053,115.51481,95.56099,135.46863,Unhealthy
ag_588c81266dc8,"Nansana east ward, Wakiso",0.3759,32.528,2026-08-04,2.8661053,115.51481,95.56099,135.46863,Unhealthy
ag_588c81266dc8,"Nansana east ward, Wakiso",0.3759,32.528,2026-08-05,2.8661053,115.51481,95.56099,135.46863,Unhealthy
ag_588c81266dc8,"Nansana east ward, Wakiso",0.3759,32.528,2026-08-06,2.8661053,115.51481,95.56099,135.46863,Unhealthy
ag_588c81266dc8,"Nansana east ward, Wakiso",0.3759,32.528,2026-08-07,2.8661053,115.51481,95.56099,135.46863,Unhealthy
ag_588c81266dc8,"Nansana east ward, Wakiso",0.3759,32.528,2026-08-08,2.8661053,115.51481,95.56099,135.46863,Unhealthy
ag_588c81266dc8,"Nansana east ward, Wakiso",0.3759,32.528,2026-08-09,2.8661053,115.51481,95.56099,135.46863,Unhealthy
ag_588c81266dc8,"Nansana east ward, Wakiso",0.3759,32.528,2026-08-10,2.8661053,115.51481,95.56099,135.46863,Unhealthy
ag_588c81266dc8,"Nansana east ward, Wakiso",0.3759,32.528,2026-08-11,2.8661053,115.51481,95.56099,135.46863,Unhealthy
ag_588c81266dc8,"Nansana east ward, Wakiso",0.3759,32.528,2026-08-12,2.8661053,115.51481,95.56099,135.46863,Unhealthy
ag_588c81266dc8,"Nansana east ward, Wakiso",0.3759,32.528,2026-08-13,2.8661053,115.51481,95.56099,135.46863,Unhealthy
ag_588c81266dc8,"Nansana east ward, Wakiso",0.3759,32.528,2026-08-14,2.8661053,115.51481,95.56099,135.46863,Unhealthy
ag_588c81266dc8,"Nansana east ward, Wakiso",0.3759,32.528,2026-08-15,2.8661053,115.51481,95.56099,135.46863,Unhealthy
ag_588c81266dc8,"Nansana east ward, Wakiso",0.3759,32.528,2026-08-16,2.8661053,115.51481,95.56099,135.46863,Unhealthy
ag_588c81267534,Salama Road,0.33354,32.56861,2026-08-01,0.61741793,51.73379,31.779976,71.68761,Unhealthy for Sensitive Groups
ag_588c81267534,Salama Road,0.33354,32.56861,2026-08-02,0.61741793,51.73379,31.779976,71.68761,Unhealthy for Sensitive Groups
ag_588c81267534,Salama Road,0.33354,32.56861,2026-08-03,0.61741793,51.73379,31.779976,71.68761,Unhealthy for Sensitive Groups
ag_588c81267534,Salama Road,0.33354,32.56861,2026-08-04,0.61741793,51.73379,31.779976,71.68761,Unhealthy for Sensitive Groups
ag_588c81267534,Salama Road,0.33354,32.56861,2026-08-05,0.61741793,51.73379,31.779976,71.68761,Unhealthy for Sensitive Groups
ag_588c81267534,Salama Road,0.33354,32.56861,2026-08-06,0.61741793,51.73379,31.779976,71.68761,Unhealthy for Sensitive Groups
ag_588c81267534,Salama Road,0.33354,32.56861,2026-08-07,0.61741793,51.73379,31.779976,71.68761,Unhealthy for Sensitive Groups
ag_588c81267534,Salama Road,0.33354,32.56861,2026-08-08,0.61741793,51.73379,31.779976,71.68761,Unhealthy for Sensitive Groups
ag_588c81267534,Salama Road,0.33354,32.56861,2026-08-09,0.61741793,51.73379,31.779976,71.68761,Unhealthy for Sensitive Groups
ag_588c81267534,Salama Road,0.33354,32.56861,2026-08-10,0.61741793,51.73379,31.779976,71.68761,Unhealthy for Sensitive Groups
ag_588c81267534,Salama Road,0.33354,32.56861,2026-08-11,0.61741793,51.73379,31.779976,71.68761,Unhealthy for Sensitive Groups
ag_588c81267534,Salama Road,0.33354,32.56861,2026-08-12,0.61741793,51.73379,31.779976,71.68761,Unhealthy for Sensitive Groups
ag_588c81267534,Salama Road,0.33354,32.56861,2026-08-13,0.61741793,51.73379,31.779976,71.68761,Unhealthy for Sensitive Groups
ag_588c81267534,Salama Road,0.33354,32.56861,2026-08-14,0.61741793,51.73379,31.779976,71.68761,Unhealthy for Sensitive Groups
ag_588c81267534,Salama Road,0.33354,32.56861,2026-08-15,0.61741793,51.73379,31.779976,71.68761,Unhealthy for Sensitive Groups
ag_588c81267534,Salama Road,0.33354,32.56861,2026-08-16,0.61741793,51.73379,31.779976,71.68761,Unhealthy for Sensitive Groups
ag_a085e3d92f54,Makerere University Weather Station,0.33354,32.56861,2026-08-01,0.24464564,41.160603,21.206787,61.114418,Unhealthy for Sensitive Groups
ag_a085e3d92f54,Makerere University Weather Station,0.33354,32.56861,2026-08-02,0.24464564,41.160603,21.206787,61.114418,Unhealthy for Sensitive Groups
ag_a085e3d92f54,Makerere University Weather Station,0.33354,32.56861,2026-08-03,0.24464564,41.160603,21.206787,61.114418,Unhealthy for Sensitive Groups
ag_a085e3d92f54,Makerere University Weather Station,0.33354,32.56861,2026-08-04,0.24464564,41.160603,21.206787,61.114418,Unhealthy for Sensitive Groups
ag_a085e3d92f54,Makerere University Weather Station,0.33354,32.56861,2026-08-05,0.24464564,41.160603,21.206787,61.114418,Unhealthy for Sensitive Groups
ag_a085e3d92f54,Makerere University Weather Station,0.33354,32.56861,2026-08-06,0.24464564,41.160603,21.206787,61.114418,Unhealthy for Sensitive Groups
ag_a085e3d92f54,Makerere University Weather Station,0.33354,32.56861,2026-08-07,0.24464564,41.160603,21.206787,61.114418,Unhealthy for Sensitive Groups
ag_a085e3d92f54,Makerere University Weather Station,0.33354,32.56861,2026-08-08,0.24464564,41.160603,21.206787,61.114418,Unhealthy for Sensitive Groups
ag_a085e3d92f54,Makerere University Weather Station,0.33354,32.56861,2026-08-09,0.24464564,41.160603,21.206787,61.114418,Unhealthy for Sensitive Groups
ag_a085e3d92f54,Makerere University Weather Station,0.33354,32.56861,2026-08-10,0.24464564,41.160603,21.206787,61.114418,Unhealthy for Sensitive Groups
ag_a085e3d92f54,Makerere University Weather Station,0.33354,32.56861,2026-08-11,0.24464564,41.160603,21.206787,61.114418,Unhealthy for Sensitive Groups
ag_a085e3d92f54,Makerere University Weather Station,0.33354,32.56861,2026-08-12,0.24464564,41.160603,21.206787,61.114418,Unhealthy for Sensitive Groups
ag_a085e3d92f54,Makerere University Weather Station,0.33354,32.56861,2026-08-13,0.24464564,41.160603,21.206787,61.114418,Unhealthy for Sensitive Groups
ag_a085e3d92f54,Makerere University Weather Station,0.33354,32.56861,2026-08-14,0.24464564,41.160603,21.206787,61.114418,Unhealthy for Sensitive Groups
ag_a085e3d92f54,Makerere University Weather Station,0.33354,32.56861,2026-08-15,0.24464564,41.160603,21.206787,61.114418,Unhealthy for Sensitive Groups
ag_a085e3d92f54,Makerere University Weather Station,0.33354,32.56861,2026-08-16,0.24464564,41.160603,21.206787,61.114418,Unhealthy for Sensitive Groups
airqo-g5168,Mbarara Central,-0.614188,30.65904,2026-08-01,-0.32629445,24.966652,5.0128365,44.920467,Moderate
airqo-g5168,Mbarara Central,-0.614188,30.65904,2026-08-02,-0.32629445,24.966652,5.0128365,44.920467,Moderate
airqo-g5168,Mbarara Central,-0.614188,30.65904,2026-08-03,-0.32629445,24.966652,5.0128365,44.920467,Moderate
airqo-g5168,Mbarara Central,-0.614188,30.65904,2026-08-04,-0.32629445,24.966652,5.0128365,44.920467,Moderate
airqo-g5168,Mbarara Central,-0.614188,30.65904,2026-08-05,-0.32629445,24.966652,5.0128365,44.920467,Moderate
airqo-g5168,Mbarara Central,-0.614188,30.65904,2026-08-06,-0.32629445,24.966652,5.0128365,44.920467,Moderate
airqo-g5168,Mbarara Central,-0.614188,30.65904,2026-08-07,-0.32629445,24.966652,5.0128365,44.920467,Moderate
airqo-g5168,Mbarara Central,-0.614188,30.65904,2026-08-08,-0.32629445,24.966652,5.0128365,44.920467,Moderate
airqo-g5168,Mbarara Central,-0.614188,30.65904,2026-08-09,-0.32629445,24.966652,5.0128365,44.920467,Moderate
airqo-g5168,Mbarara Central,-0.614188,30.65904,2026-08-10,-0.32629445,24.966652,5.0128365,44.920467,Moderate
airqo-g5168,Mbarara Central,-0.614188,30.65904,2026-08-11,-0.32629445,24.966652,5.0128365,44.920467,Moderate
airqo-g5168,Mbarara Central,-0.614188,30.65904,2026-08-12,-0.32629445,24.966652,5.0128365,44.920467,Moderate
airqo-g5168,Mbarara Central,-0.614188,30.65904,2026-08-13,-0.32629445,24.966652,5.0128365,44.920467,Moderate
airqo-g5168,Mbarara Central,-0.614188,30.65904,2026-08-14,-0.32629445,24.966652,5.0128365,44.920467,Moderate
airqo-g5168,Mbarara Central,-0.614188,30.65904,2026-08-15,-0.32629445,24.966652,5.0128365,44.920467,Moderate
airqo-g5168,Mbarara Central,-0.614188,30.65904,2026-08-16,-0.32629445,24.966652,5.0128365,44.920467,Moderate
airqo-g5181,Rakai Health Sciences Program Facility,-0.52358,31.62193,2026-08-01,-0.4299409,22.026857,2.073042,41.980675,Moderate
airqo-g5181,Rakai Health Sciences Program Facility,-0.52358,31.62193,2026-08-02,-0.4299409,22.026857,2.073042,41.980675,Moderate
airqo-g5181,Rakai Health Sciences Program Facility,-0.52358,31.62193,2026-08-03,-0.4299409,22.026857,2.073042,41.980675,Moderate
airqo-g5181,Rakai Health Sciences Program Facility,-0.52358,31.62193,2026-08-04,-0.4299409,22.026857,2.073042,41.980675,Moderate
airqo-g5181,Rakai Health Sciences Program Facility,-0.52358,31.62193,2026-08-05,-0.4299409,22.026857,2.073042,41.980675,Moderate
airqo-g5181,Rakai Health Sciences Program Facility,-0.52358,31.62193,2026-08-06,-0.4299409,22.026857,2.073042,41.980675,Moderate
airqo-g5181,Rakai Health Sciences Program Facility,-0.52358,31.62193,2026-08-07,-0.4299409,22.026857,2.073042,41.980675,Moderate
airqo-g5181,Rakai Health Sciences Program Facility,-0.52358,31.62193,2026-08-08,-0.4299409,22.026857,2.073042,41.980675,Moderate
airqo-g5181,Rakai Health Sciences Program Facility,-0.52358,31.62193,2026-08-09,-0.4299409,22.026857,2.073042,41.980675,Moderate
airqo-g5181,Rakai Health Sciences Program Facility,-0.52358,31.62193,2026-08-10,-0.4299409,22.026857,2.073042,41.980675,Moderate
airqo-g5181,Rakai Health Sciences Program Facility,-0.52358,31.62193,2026-08-11,-0.4299409,22.026857,2.073042,41.980675,Moderate
airqo-g5181,Rakai Health Sciences Program Facility,-0.52358,31.62193,2026-08-12,-0.4299409,22.026857,2.073042,41.980675,Moderate
airqo-g5181,Rakai Health Sciences Program Facility,-0.52358,31.62193,2026-08-13,-0.4299409,22.026857,2.073042,41.980675,Moderate
airqo-g5181,Rakai Health Sciences Program Facility,-0.52358,31.62193,2026-08-14,-0.4299409,22.026857,2.073042,41.980675,Moderate
airqo-g5181,Rakai Health Sciences Program Facility,-0.52358,31.62193,2026-08-15,-0.4299409,22.026857,2.073042,41.980675,Moderate
airqo-g5181,Rakai Health Sciences Program Facility,-0.52358,31.62193,2026-08-16,-0.4299409,22.026857,2.073042,41.980675,Moderate
airqo-g5184,"Mbarara University, Mbarara",-0.59402515,30.59608198,2026-08-01,-0.34620455,24.401926,4.4481106,44.355743,Moderate
airqo-g5184,"Mbarara University, Mbarara",-0.59402515,30.59608198,2026-08-02,-0.34620455,24.401926,4.4481106,44.355743,Moderate
airqo-g5184,"Mbarara University, Mbarara",-0.59402515,30.59608198,2026-08-03,-0.34620455,24.401926,4.4481106,44.355743,Moderate
airqo-g5184,"Mbarara University, Mbarara",-0.59402515,30.59608198,2026-08-04,-0.34620455,24.401926,4.4481106,44.355743,Moderate
airqo-g5184,"Mbarara University, Mbarara",-0.59402515,30.59608198,2026-08-05,-0.34620455,24.401926,4.4481106,44.355743,Moderate
airqo-g5184,"Mbarara University, Mbarara",-0.59402515,30.59608198,2026-08-06,-0.34620455,24.401926,4.4481106,44.355743,Moderate
airqo-g5184,"Mbarara University, Mbarara",-0.59402515,30.59608198,2026-08-07,-0.34620455,24.401926,4.4481106,44.355743,Moderate
airqo-g5184,"Mbarara University, Mbarara",-0.59402515,30.59608198,2026-08-08,-0.34620455,24.401926,4.4481106,44.355743,Moderate
airqo-g5184,"Mbarara University, Mbarara",-0.59402515,30.59608198,2026-08-09,-0.34620455,24.401926,4.4481106,44.355743,Moderate
airqo-g5184,"Mbarara University, Mbarara",-0.59402515,30.59608198,2026-08-10,-0.34620455,24.401926,4.4481106,44.355743,Moderate
airqo-g5184,"Mbarara University, Mbarara",-0.59402515,30.59608198,2026-08-11,-0.34620455,24.401926,4.4481106,44.355743,Moderate
airqo-g5184,"Mbarara University, Mbarara",-0.59402515,30.59608198,2026-08-12,-0.34620455,24.401926,4.4481106,44.355743,Moderate
airqo-g5184,"Mbarara University, Mbarara",-0.59402515,30.59608198,2026-08-13,-0.34620455,24.401926,4.4481106,44.355743,Moderate
airqo-g5184,"Mbarara University, Mbarara",-0.59402515,30.59608198,2026-08-14,-0.34620455,24.401926,4.4481106,44.355743,Moderate
airqo-g5184,"Mbarara University, Mbarara",-0.59402515,30.59608198,2026-08-15,-0.34620455,24.401926,4.4481106,44.355743,Moderate
airqo-g5184,"Mbarara University, Mbarara",-0.59402515,30.59608198,2026-08-16,-0.34620455,24.401926,4.4481106,44.355743,Moderate
airqo-g5186,Kawanda 2,0.43673,32.55137,2026-08-01,-0.4726561,20.815298,0.8614826,40.76911,Moderate
airqo-g5186,Kawanda 2,0.43673,32.55137,2026-08-02,-0.4726561,20.815298,0.8614826,40.76911,Moderate
airqo-g5186,Kawanda 2,0.43673,32.55137,2026-08-03,-0.4726561,20.815298,0.8614826,40.76911,Moderate
airqo-g5186,Kawanda 2,0.43673,32.55137,2026-08-04,-0.4726561,20.815298,0.8614826,40.76911,Moderate
airqo-g5186,Kawanda 2,0.43673,32.55137,2026-08-05,-0.4726561,20.815298,0.8614826,40.76911,Moderate
airqo-g5186,Kawanda 2,0.43673,32.55137,2026-08-06,-0.4726561,20.815298,0.8614826,40.76911,Moderate
airqo-g5186,Kawanda 2,0.43673,32.55137,2026-08-07,-0.4726561,20.815298,0.8614826,40.76911,Moderate
airqo-g5186,Kawanda 2,0.43673,32.55137,2026-08-08,-0.4726561,20.815298,0.8614826,40.76911,Moderate
airqo-g5186,Kawanda 2,0.43673,32.55137,2026-08-09,-0.4726561,20.815298,0.8614826,40.76911,Moderate
airqo-g5186,Kawanda 2,0.43673,32.55137,2026-08-10,-0.4726561,20.815298,0.8614826,40.76911,Moderate
airqo-g5186,Kawanda 2,0.43673,32.55137,2026-08-11,-0.4726561,20.815298,0.8614826,40.76911,Moderate
airqo-g5186,Kawanda 2,0.43673,32.55137,2026-08-12,-0.4726561,20.815298,0.8614826,40.76911,Moderate
airqo-g5186,Kawanda 2,0.43673,32.55137,2026-08-13,-0.4726561,20.815298,0.8614826,40.76911,Moderate
airqo-g5186,Kawanda 2,0.43673,32.55137,2026-08-14,-0.4726561,20.815298,0.8614826,40.76911,Moderate
airqo-g5186,Kawanda 2,0.43673,32.55137,2026-08-15,-0.4726561,20.815298,0.8614826,40.76911,Moderate
airqo-g5186,Kawanda 2,0.43673,32.55137,2026-08-16,-0.4726561,20.815298,0.8614826,40.76911,Moderate
airqo-g5187,Gulu Main Market,2.773138133,32.30480826,2026-08-01,-0.6548122,15.648683,0.0,35.602497,Moderate
airqo-g5187,Gulu Main Market,2.773138133,32.30480826,2026-08-02,-0.6548122,15.648683,0.0,35.602497,Moderate
airqo-g5187,Gulu Main Market,2.773138133,32.30480826,2026-08-03,-0.6548122,15.648683,0.0,35.602497,Moderate
airqo-g5187,Gulu Main Market,2.773138133,32.30480826,2026-08-04,-0.6548122,15.648683,0.0,35.602497,Moderate
airqo-g5187,Gulu Main Market,2.773138133,32.30480826,2026-08-05,-0.6548122,15.648683,0.0,35.602497,Moderate
airqo-g5187,Gulu Main Market,2.773138133,32.30480826,2026-08-06,-0.6548122,15.648683,0.0,35.602497,Moderate
airqo-g5187,Gulu Main Market,2.773138133,32.30480826,2026-08-07,-0.6548122,15.648683,0.0,35.602497,Moderate
airqo-g5187,Gulu Main Market,2.773138133,32.30480826,2026-08-08,-0.6548122,15.648683,0.0,35.602497,Moderate
airqo-g5187,Gulu Main Market,2.773138133,32.30480826,2026-08-09,-0.6548122,15.648683,0.0,35.602497,Moderate
airqo-g5187,Gulu Main Market,2.773138133,32.30480826,2026-08-10,-0.6548122,15.648683,0.0,35.602497,Moderate
airqo-g5187,Gulu Main Market,2.773138133,32.30480826,2026-08-11,-0.6548122,15.648683,0.0,35.602497,Moderate
airqo-g5187,Gulu Main Market,2.773138133,32.30480826,2026-08-12,-0.6548122,15.648683,0.0,35.602497,Moderate
airqo-g5187,Gulu Main Market,2.773138133,32.30480826,2026-08-13,-0.6548122,15.648683,0.0,35.602497,Moderate
airqo-g5187,Gulu Main Market,2.773138133,32.30480826,2026-08-14,-0.6548122,15.648683,0.0,35.602497,Moderate
airqo-g5187,Gulu Main Market,2.773138133,32.30480826,2026-08-15,-0.6548122,15.648683,0.0,35.602497,Moderate
airqo-g5187,Gulu Main Market,2.773138133,32.30480826,2026-08-16,-0.6548122,15.648683,0.0,35.602497,Moderate
airqo_g5204,kawempe moslem p/s,0.383729738,32.55533941,2026-08-01,-0.26826647,26.612535,6.65872,46.566353,Moderate
airqo_g5204,kawempe moslem p/s,0.383729738,32.55533941,2026-08-02,-0.26826647,26.612535,6.65872,46.566353,Moderate
airqo_g5204,kawempe moslem p/s,0.383729738,32.55533941,2026-08-03,-0.26826647,26.612535,6.65872,46.566353,Moderate
airqo_g5204,kawempe moslem p/s,0.383729738,32.55533941,2026-08-04,-0.26826647,26.612535,6.65872,46.566353,Moderate
airqo_g5204,kawempe moslem p/s,0.383729738,32.55533941,2026-08-05,-0.26826647,26.612535,6.65872,46.566353,Moderate
airqo_g5204,kawempe moslem p/s,0.383729738,32.55533941,2026-08-06,-0.26826647,26.612535,6.65872,46.566353,Moderate
airqo_g5204,kawempe moslem p/s,0.383729738,32.55533941,2026-08-07,-0.26826647,26.612535,6.65872,46.566353,Moderate
airqo_g5204,kawempe moslem p/s,0.383729738,32.55533941,2026-08-08,-0.26826647,26.612535,6.65872,46.566353,Moderate
airqo_g5204,kawempe moslem p/s,0.383729738,32.55533941,2026-08-09,-0.26826647,26.612535,6.65872,46.566353,Moderate
airqo_g5204,kawempe moslem p/s,0.383729738,32.55533941,2026-08-10,-0.26826647,26.612535,6.65872,46.566353,Moderate
airqo_g5204,kawempe moslem p/s,0.383729738,32.55533941,2026-08-11,-0.26826647,26.612535,6.65872,46.566353,Moderate
airqo_g5204,kawempe moslem p/s,0.383729738,32.55533941,2026-08-12,-0.26826647,26.612535,6.65872,46.566353,Moderate
airqo_g5204,kawempe moslem p/s,0.383729738,32.55533941,2026-08-13,-0.26826647,26.612535,6.65872,46.566353,Moderate
airqo_g5204,kawempe moslem p/s,0.383729738,32.55533941,2026-08-14,-0.26826647,26.612535,6.65872,46.566353,Moderate
airqo_g5204,kawempe moslem p/s,0.383729738,32.55533941,2026-08-15,-0.26826647,26.612535,6.65872,46.566353,Moderate
airqo_g5204,kawempe moslem p/s,0.383729738,32.55533941,2026-08-16,-0.26826647,26.612535,6.65872,46.566353,Moderate
airqo_g5206,"Civic Centre, Kampala Central",0.317279117,32.58707836,2026-08-01,-0.543471,18.806728,0.0,38.760544,Moderate
airqo_g5206,"Civic Centre, Kampala Central",0.317279117,32.58707836,2026-08-02,-0.543471,18.806728,0.0,38.760544,Moderate
airqo_g5206,"Civic Centre, Kampala Central",0.317279117,32.58707836,2026-08-03,-0.543471,18.806728,0.0,38.760544,Moderate
airqo_g5206,"Civic Centre, Kampala Central",0.317279117,32.58707836,2026-08-04,-0.543471,18.806728,0.0,38.760544,Moderate
airqo_g5206,"Civic Centre, Kampala Central",0.317279117,32.58707836,2026-08-05,-0.543471,18.806728,0.0,38.760544,Moderate
airqo_g5206,"Civic Centre, Kampala Central",0.317279117,32.58707836,2026-08-06,-0.543471,18.806728,0.0,38.760544,Moderate
airqo_g5206,"Civic Centre, Kampala Central",0.317279117,32.58707836,2026-08-07,-0.543471,18.806728,0.0,38.760544,Moderate
airqo_g5206,"Civic Centre, Kampala Central",0.317279117,32.58707836,2026-08-08,-0.543471,18.806728,0.0,38.760544,Moderate
airqo_g5206,"Civic Centre, Kampala Central",0.317279117,32.58707836,2026-08-09,-0.543471,18.806728,0.0,38.760544,Moderate
airqo_g5206,"Civic Centre, Kampala Central",0.317279117,32.58707836,2026-08-10,-0.543471,18.806728,0.0,38.760544,Moderate
airqo_g5206,"Civic Centre, Kampala Central",0.317279117,32.58707836,2026-08-11,-0.543471,18.806728,0.0,38.760544,Moderate
airqo_g5206,"Civic Centre, Kampala Central",0.317279117,32.58707836,2026-08-12,-0.543471,18.806728,0.0,38.760544,Moderate
airqo_g5206,"Civic Centre, Kampala Central",0.317279117,32.58707836,2026-08-13,-0.543471,18.806728,0.0,38.760544,Moderate
airqo_g5206,"Civic Centre, Kampala Central",0.317279117,32.58707836,2026-08-14,-0.543471,18.806728,0.0,38.760544,Moderate
airqo_g5206,"Civic Centre, Kampala Central",0.317279117,32.58707836,2026-08-15,-0.543471,18.806728,0.0,38.760544,Moderate
airqo_g5206,"Civic Centre, Kampala Central",0.317279117,32.58707836,2026-08-16,-0.543471,18.806728,0.0,38.760544,Moderate
airqo_g5247,"Nsasa, Kira Municipality",0.421398967,32.65966872,2026-08-01,-0.54765934,18.687933,0.0,38.641747,Moderate
airqo_g5247,"Nsasa, Kira Municipality",0.421398967,32.65966872,2026-08-02,-0.54765934,18.687933,0.0,38.641747,Moderate
airqo_g5247,"Nsasa, Kira Municipality",0.421398967,32.65966872,2026-08-03,-0.54765934,18.687933,0.0,38.641747,Moderate
airqo_g5247,"Nsasa, Kira Municipality",0.421398967,32.65966872,2026-08-04,-0.54765934,18.687933,0.0,38.641747,Moderate
airqo_g5247,"Nsasa, Kira Municipality",0.421398967,32.65966872,2026-08-05,-0.54765934,18.687933,0.0,38.641747,Moderate
airqo_g5247,"Nsasa, Kira Municipality",0.421398967,32.65966872,2026-08-06,-0.54765934,18.687933,0.0,38.641747,Moderate
airqo_g5247,"Nsasa, Kira Municipality",0.421398967,32.65966872,2026-08-07,-0.54765934,18.687933,0.0,38.641747,Moderate
airqo_g5247,"Nsasa, Kira Municipality",0.421398967,32.65966872,2026-08-08,-0.54765934,18.687933,0.0,38.641747,Moderate
airqo_g5247,"Nsasa, Kira Municipality",0.421398967,32.65966872,2026-08-09,-0.54765934,18.687933,0.0,38.641747,Moderate
airqo_g5247,"Nsasa, Kira Municipality",0.421398967,32.65966872,2026-08-10,-0.54765934,18.687933,0.0,38.641747,Moderate
airqo_g5247,"Nsasa, Kira Municipality",0.421398967,32.65966872,2026-08-11,-0.54765934,18.687933,0.0,38.641747,Moderate
airqo_g5247,"Nsasa, Kira Municipality",0.421398967,32.65966872,2026-08-12,-0.54765934,18.687933,0.0,38.641747,Moderate
airqo_g5247,"Nsasa, Kira Municipality",0.421398967,32.65966872,2026-08-13,-0.54765934,18.687933,0.0,38.641747,Moderate
airqo_g5247,"Nsasa, Kira Municipality",0.421398967,32.65966872,2026-08-14,-0.54765934,18.687933,0.0,38.641747,Moderate
airqo_g5247,"Nsasa, Kira Municipality",0.421398967,32.65966872,2026-08-15,-0.54765934,18.687933,0.0,38.641747,Moderate
airqo_g5247,"Nsasa, Kira Municipality",0.421398967,32.65966872,2026-08-16,-0.54765934,18.687933,0.0,38.641747,Moderate
airqo_g5271,"Embassy of France, Lumumba avenue",0.32174,32.5724,2026-08-01,-0.41580597,22.427778,2.4739628,42.38159,Moderate
airqo_g5271,"Embassy of France, Lumumba avenue",0.32174,32.5724,2026-08-02,-0.41580597,22.427778,2.4739628,42.38159,Moderate
airqo_g5271,"Embassy of France, Lumumba avenue",0.32174,32.5724,2026-08-03,-0.41580597,22.427778,2.4739628,42.38159,Moderate
airqo_g5271,"Embassy of France, Lumumba avenue",0.32174,32.5724,2026-08-04,-0.41580597,22.427778,2.4739628,42.38159,Moderate
airqo_g5271,"Embassy of France, Lumumba avenue",0.32174,32.5724,2026-08-05,-0.41580597,22.427778,2.4739628,42.38159,Moderate
airqo_g5271,"Embassy of France, Lumumba avenue",0.32174,32.5724,2026-08-06,-0.41580597,22.427778,2.4739628,42.38159,Moderate
airqo_g5271,"Embassy of France, Lumumba avenue",0.32174,32.5724,2026-08-07,-0.41580597,22.427778,2.4739628,42.38159,Moderate
airqo_g5271,"Embassy of France, Lumumba avenue",0.32174,32.5724,2026-08-08,-0.41580597,22.427778,2.4739628,42.38159,Moderate
airqo_g5271,"Embassy of France, Lumumba avenue",0.32174,32.5724,2026-08-09,-0.41580597,22.427778,2.4739628,42.38159,Moderate
airqo_g5271,"Embassy of France, Lumumba avenue",0.32174,32.5724,2026-08-10,-0.41580597,22.427778,2.4739628,42.38159,Moderate
airqo_g5271,"Embassy of France, Lumumba avenue",0.32174,32.5724,2026-08-11,-0.41580597,22.427778,2.4739628,42.38159,Moderate
airqo_g5271,"Embassy of France, Lumumba avenue",0.32174,32.5724,2026-08-12,-0.41580597,22.427778,2.4739628,42.38159,Moderate
airqo_g5271,"Embassy of France, Lumumba avenue",0.32174,32.5724,2026-08-13,-0.41580597,22.427778,2.4739628,42.38159,Moderate
airqo_g5271,"Embassy of France, Lumumba avenue",0.32174,32.5724,2026-08-14,-0.41580597,22.427778,2.4739628,42.38159,Moderate
airqo_g5271,"Embassy of France, Lumumba avenue",0.32174,32.5724,2026-08-15,-0.41580597,22.427778,2.4739628,42.38159,Moderate
airqo_g5271,"Embassy of France, Lumumba avenue",0.32174,32.5724,2026-08-16,-0.41580597,22.427778,2.4739628,42.38159,Moderate
airqo_g5279,"Bugolobi, Nakawa",0.3109,32.61766,2026-08-01,-0.545945,18.736559,0.0,38.690376,Moderate
airqo_g5279,"Bugolobi, Nakawa",0.3109,32.61766,2026-08-02,-0.545945,18.736559,0.0,38.690376,Moderate
airqo_g5279,"Bugolobi, Nakawa",0.3109,32.61766,2026-08-03,-0.545945,18.736559,0.0,38.690376,Moderate
airqo_g5279,"Bugolobi, Nakawa",0.3109,32.61766,2026-08-04,-0.545945,18.736559,0.0,38.690376,Moderate
airqo_g5279,"Bugolobi, Nakawa",0.3109,32.61766,2026-08-05,-0.545945,18.736559,0.0,38.690376,Moderate
airqo_g5279,"Bugolobi, Nakawa",0.3109,32.61766,2026-08-06,-0.545945,18.736559,0.0,38.690376,Moderate
airqo_g5279,"Bugolobi, Nakawa",0.3109,32.61766,2026-08-07,-0.545945,18.736559,0.0,38.690376,Moderate
airqo_g5279,"Bugolobi, Nakawa",0.3109,32.61766,2026-08-08,-0.545945,18.736559,0.0,38.690376,Moderate
airqo_g5279,"Bugolobi, Nakawa",0.3109,32.61766,2026-08-09,-0.545945,18.736559,0.0,38.690376,Moderate
airqo_g5279,"Bugolobi, Nakawa",0.3109,32.61766,2026-08-10,-0.545945,18.736559,0.0,38.690376,Moderate
airqo_g5279,"Bugolobi, Nakawa",0.3109,32.61766,2026-08-11,-0.545945,18.736559,0.0,38.690376,Moderate
airqo_g5279,"Bugolobi, Nakawa",0.3109,32.61766,2026-08-12,-0.545945,18.736559,0.0,38.690376,Moderate
airqo_g5279,"Bugolobi, Nakawa",0.3109,32.61766,2026-08-13,-0.545945,18.736559,0.0,38.690376,Moderate
airqo_g5279,"Bugolobi, Nakawa",0.3109,32.61766,2026-08-14,-0.545945,18.736559,0.0,38.690376,Moderate
airqo_g5279,"Bugolobi, Nakawa",0.3109,32.61766,2026-08-15,-0.545945,18.736559,0.0,38.690376,Moderate
airqo_g5279,"Bugolobi, Nakawa",0.3109,32.61766,2026-08-16,-0.545945,18.736559,0.0,38.690376,Moderate
airqo_g5281,Kisenyi Health Centre 4 (KCCA),0.31073,32.57276,2026-08-01,-0.3101538,25.42446,5.470644,45.378273,Moderate
airqo_g5281,Kisenyi Health Centre 4 (KCCA),0.31073,32.57276,2026-08-02,-0.3101538,25.42446,5.470644,45.378273,Moderate
airqo_g5281,Kisenyi Health Centre 4 (KCCA),0.31073,32.57276,2026-08-03,-0.3101538,25.42446,5.470644,45.378273,Moderate
airqo_g5281,Kisenyi Health Centre 4 (KCCA),0.31073,32.57276,2026-08-04,-0.3101538,25.42446,5.470644,45.378273,Moderate
airqo_g5281,Kisenyi Health Centre 4 (KCCA),0.31073,32.57276,2026-08-05,-0.3101538,25.42446,5.470644,45.378273,Moderate
airqo_g5281,Kisenyi Health Centre 4 (KCCA),0.31073,32.57276,2026-08-06,-0.3101538,25.42446,5.470644,45.378273,Moderate
airqo_g5281,Kisenyi Health Centre 4 (KCCA),0.31073,32.57276,2026-08-07,-0.3101538,25.42446,5.470644,45.378273,Moderate
airqo_g5281,Kisenyi Health Centre 4 (KCCA),0.31073,32.57276,2026-08-08,-0.3101538,25.42446,5.470644,45.378273,Moderate
airqo_g5281,Kisenyi Health Centre 4 (KCCA),0.31073,32.57276,2026-08-09,-0.3101538,25.42446,5.470644,45.378273,Moderate
airqo_g5281,Kisenyi Health Centre 4 (KCCA),0.31073,32.57276,2026-08-10,-0.3101538,25.42446,5.470644,45.378273,Moderate
airqo_g5281,Kisenyi Health Centre 4 (KCCA),0.31073,32.57276,2026-08-11,-0.3101538,25.42446,5.470644,45.378273,Moderate
airqo_g5281,Kisenyi Health Centre 4 (KCCA),0.31073,32.57276,2026-08-12,-0.3101538,25.42446,5.470644,45.378273,Moderate
airqo_g5281,Kisenyi Health Centre 4 (KCCA),0.31073,32.57276,2026-08-13,-0.3101538,25.42446,5.470644,45.378273,Moderate
airqo_g5281,Kisenyi Health Centre 4 (KCCA),0.31073,32.57276,2026-08-14,-0.3101538,25.42446,5.470644,45.378273,Moderate
airqo_g5281,Kisenyi Health Centre 4 (KCCA),0.31073,32.57276,2026-08-15,-0.3101538,25.42446,5.470644,45.378273,Moderate
airqo_g5281,Kisenyi Health Centre 4 (KCCA),0.31073,32.57276,2026-08-16,-0.3101538,25.42446,5.470644,45.378273,Moderate
airqo_g5282,"Lorry Park, Fort Portal",0.651932091,30.26941156,2026-08-01,-0.5038274,19.931166,0.0,39.88498,Moderate
airqo_g5282,"Lorry Park, Fort Portal",0.651932091,30.26941156,2026-08-02,-0.5038274,19.931166,0.0,39.88498,Moderate
airqo_g5282,"Lorry Park, Fort Portal",0.651932091,30.26941156,2026-08-03,-0.5038274,19.931166,0.0,39.88498,Moderate
airqo_g5282,"Lorry Park, Fort Portal",0.651932091,30.26941156,2026-08-04,-0.5038274,19.931166,0.0,39.88498,Moderate
airqo_g5282,"Lorry Park, Fort Portal",0.651932091,30.26941156,2026-08-05,-0.5038274,19.931166,0.0,39.88498,Moderate
airqo_g5282,"Lorry Park, Fort Portal",0.651932091,30.26941156,2026-08-06,-0.5038274,19.931166,0.0,39.88498,Moderate
airqo_g5282,"Lorry Park, Fort Portal",0.651932091,30.26941156,2026-08-07,-0.5038274,19.931166,0.0,39.88498,Moderate
airqo_g5282,"Lorry Park, Fort Portal",0.651932091,30.26941156,2026-08-08,-0.5038274,19.931166,0.0,39.88498,Moderate
airqo_g5282,"Lorry Park, Fort Portal",0.651932091,30.26941156,2026-08-09,-0.5038274,19.931166,0.0,39.88498,Moderate
airqo_g5282,"Lorry Park, Fort Portal",0.651932091,30.26941156,2026-08-10,-0.5038274,19.931166,0.0,39.88498,Moderate
airqo_g5282,"Lorry Park, Fort Portal",0.651932091,30.26941156,2026-08-11,-0.5038274,19.931166,0.0,39.88498,Moderate
airqo_g5282,"Lorry Park, Fort Portal",0.651932091,30.26941156,2026-08-12,-0.5038274,19.931166,0.0,39.88498,Moderate
airqo_g5282,"Lorry Park, Fort Portal",0.651932091,30.26941156,2026-08-13,-0.5038274,19.931166,0.0,39.88498,Moderate
airqo_g5282,"Lorry Park, Fort Portal",0.651932091,30.26941156,2026-08-14,-0.5038274,19.931166,0.0,39.88498,Moderate
airqo_g5282,"Lorry Park, Fort Portal",0.651932091,30.26941156,2026-08-15,-0.5038274,19.931166,0.0,39.88498,Moderate
airqo_g5282,"Lorry Park, Fort Portal",0.651932091,30.26941156,2026-08-16,-0.5038274,19.931166,0.0,39.88498,Moderate
airqo_g5292,Kawaala Health Centre,0.341088,32.55383437,2026-08-01,-0.27894536,26.309647,6.355831,46.263462,Moderate
airqo_g5292,Kawaala Health Centre,0.341088,32.55383437,2026-08-02,-0.27894536,26.309647,6.355831,46.263462,Moderate
airqo_g5292,Kawaala Health Centre,0.341088,32.55383437,2026-08-03,-0.27894536,26.309647,6.355831,46.263462,Moderate
airqo_g5292,Kawaala Health Centre,0.341088,32.55383437,2026-08-04,-0.27894536,26.309647,6.355831,46.263462,Moderate
airqo_g5292,Kawaala Health Centre,0.341088,32.55383437,2026-08-05,-0.27894536,26.309647,6.355831,46.263462,Moderate
airqo_g5292,Kawaala Health Centre,0.341088,32.55383437,2026-08-06,-0.27894536,26.309647,6.355831,46.263462,Moderate
airqo_g5292,Kawaala Health Centre,0.341088,32.55383437,2026-08-07,-0.27894536,26.309647,6.355831,46.263462,Moderate
airqo_g5292,Kawaala Health Centre,0.341088,32.55383437,2026-08-08,-0.27894536,26.309647,6.355831,46.263462,Moderate
airqo_g5292,Kawaala Health Centre,0.341088,32.55383437,2026-08-09,-0.27894536,26.309647,6.355831,46.263462,Moderate
airqo_g5292,Kawaala Health Centre,0.341088,32.55383437,2026-08-10,-0.27894536,26.309647,6.355831,46.263462,Moderate
airqo_g5292,Kawaala Health Centre,0.341088,32.55383437,2026-08-11,-0.27894536,26.309647,6.355831,46.263462,Moderate
airqo_g5292,Kawaala Health Centre,0.341088,32.55383437,2026-08-12,-0.27894536,26.309647,6.355831,46.263462,Moderate
airqo_g5292,Kawaala Health Centre,0.341088,32.55383437,2026-08-13,-0.27894536,26.309647,6.355831,46.263462,Moderate
airqo_g5292,Kawaala Health Centre,0.341088,32.55383437,2026-08-14,-0.27894536,26.309647,6.355831,46.263462,Moderate
airqo_g5292,Kawaala Health Centre,0.341088,32.55383437,2026-08-15,-0.27894536,26.309647,6.355831,46.263462,Moderate
airqo_g5292,Kawaala Health Centre,0.341088,32.55383437,2026-08-16,-0.27894536,26.309647,6.355831,46.263462,Moderate
airqo_g5293,Buganda Road P.S,0.324482008,32.57107338,2026-08-01,-0.49818027,20.09134,0.13752365,40.045155,Moderate
airqo_g5293,Buganda Road P.S,0.324482008,32.57107338,2026-08-02,-0.49818027,20.09134,0.13752365,40.045155,Moderate
airqo_g5293,Buganda Road P.S,0.324482008,32.57107338,2026-08-03,-0.49818027,20.09134,0.13752365,40.045155,Moderate
airqo_g5293,Buganda Road P.S,0.324482008,32.57107338,2026-08-04,-0.49818027,20.09134,0.13752365,40.045155,Moderate
airqo_g5293,Buganda Road P.S,0.324482008,32.57107338,2026-08-05,-0.49818027,20.09134,0.13752365,40.045155,Moderate
airqo_g5293,Buganda Road P.S,0.324482008,32.57107338,2026-08-06,-0.49818027,20.09134,0.13752365,40.045155,Moderate
airqo_g5293,Buganda Road P.S,0.324482008,32.57107338,2026-08-07,-0.49818027,20.09134,0.13752365,40.045155,Moderate
airqo_g5293,Buganda Road P.S,0.324482008,32.57107338,2026-08-08,-0.49818027,20.09134,0.13752365,40.045155,Moderate
airqo_g5293,Buganda Road P.S,0.324482008,32.57107338,2026-08-09,-0.49818027,20.09134,0.13752365,40.045155,Moderate
airqo_g5293,Buganda Road P.S,0.324482008,32.57107338,2026-08-10,-0.49818027,20.09134,0.13752365,40.045155,Moderate
airqo_g5293,Buganda Road P.S,0.324482008,32.57107338,2026-08-11,-0.49818027,20.09134,0.13752365,40.045155,Moderate
airqo_g5293,Buganda Road P.S,0.324482008,32.57107338,2026-08-12,-0.49818027,20.09134,0.13752365,40.045155,Moderate
airqo_g5293,Buganda Road P.S,0.324482008,32.57107338,2026-08-13,-0.49818027,20.09134,0.13752365,40.045155,Moderate
airqo_g5293,Buganda Road P.S,0.324482008,32.57107338,2026-08-14,-0.49818027,20.09134,0.13752365,40.045155,Moderate
airqo_g5293,Buganda Road P.S,0.324482008,32.57107338,2026-08-15,-0.49818027,20.09134,0.13752365,40.045155,Moderate
airqo_g5293,Buganda Road P.S,0.324482008,32.57107338,2026-08-16,-0.49818027,20.09134,0.13752365,40.045155,Moderate
airqo_g5305,"Nile avenue, Kampla, Uganda",0.342237,32.584778,2026-08-01,-0.534371,19.064837,0.0,39.018654,Moderate
airqo_g5305,"Nile avenue, Kampla, Uganda",0.342237,32.584778,2026-08-02,-0.534371,19.064837,0.0,39.018654,Moderate
airqo_g5305,"Nile avenue, Kampla, Uganda",0.342237,32.584778,2026-08-03,-0.534371,19.064837,0.0,39.018654,Moderate
airqo_g5305,"Nile avenue, Kampla, Uganda",0.342237,32.584778,2026-08-04,-0.534371,19.064837,0.0,39.018654,Moderate
airqo_g5305,"Nile avenue, Kampla, Uganda",0.342237,32.584778,2026-08-05,-0.534371,19.064837,0.0,39.018654,Moderate
airqo_g5305,"Nile avenue, Kampla, Uganda",0.342237,32.584778,2026-08-06,-0.534371,19.064837,0.0,39.018654,Moderate
airqo_g5305,"Nile avenue, Kampla, Uganda",0.342237,32.584778,2026-08-07,-0.534371,19.064837,0.0,39.018654,Moderate
airqo_g5305,"Nile avenue, Kampla, Uganda",0.342237,32.584778,2026-08-08,-0.534371,19.064837,0.0,39.018654,Moderate
airqo_g5305,"Nile avenue, Kampla, Uganda",0.342237,32.584778,2026-08-09,-0.534371,19.064837,0.0,39.018654,Moderate
airqo_g5305,"Nile avenue, Kampla, Uganda",0.342237,32.584778,2026-08-10,-0.534371,19.064837,0.0,39.018654,Moderate
airqo_g5305,"Nile avenue, Kampla, Uganda",0.342237,32.584778,2026-08-11,-0.534371,19.064837,0.0,39.018654,Moderate
airqo_g5305,"Nile avenue, Kampla, Uganda",0.342237,32.584778,2026-08-12,-0.534371,19.064837,0.0,39.018654,Moderate
airqo_g5305,"Nile avenue, Kampla, Uganda",0.342237,32.584778,2026-08-13,-0.534371,19.064837,0.0,39.018654,Moderate
airqo_g5305,"Nile avenue, Kampla, Uganda",0.342237,32.584778,2026-08-14,-0.534371,19.064837,0.0,39.018654,Moderate
airqo_g5305,"Nile avenue, Kampla, Uganda",0.342237,32.584778,2026-08-15,-0.534371,19.064837,0.0,39.018654,Moderate
airqo_g5305,"Nile avenue, Kampla, Uganda",0.342237,32.584778,2026-08-16,-0.534371,19.064837,0.0,39.018654,Moderate
airqo_g5328,Kiswa Health Centre,0.32088,32.61693733,2026-08-01,-0.36606932,23.838491,3.884676,43.792305,Moderate
airqo_g5328,Kiswa Health Centre,0.32088,32.61693733,2026-08-02,-0.36606932,23.838491,3.884676,43.792305,Moderate
airqo_g5328,Kiswa Health Centre,0.32088,32.61693733,2026-08-03,-0.36606932,23.838491,3.884676,43.792305,Moderate
airqo_g5328,Kiswa Health Centre,0.32088,32.61693733,2026-08-04,-0.36606932,23.838491,3.884676,43.792305,Moderate
airqo_g5328,Kiswa Health Centre,0.32088,32.61693733,2026-08-05,-0.36606932,23.838491,3.884676,43.792305,Moderate
airqo_g5328,Kiswa Health Centre,0.32088,32.61693733,2026-08-06,-0.36606932,23.838491,3.884676,43.792305,Moderate
airqo_g5328,Kiswa Health Centre,0.32088,32.61693733,2026-08-07,-0.36606932,23.838491,3.884676,43.792305,Moderate
airqo_g5328,Kiswa Health Centre,0.32088,32.61693733,2026-08-08,-0.36606932,23.838491,3.884676,43.792305,Moderate
airqo_g5328,Kiswa Health Centre,0.32088,32.61693733,2026-08-09,-0.36606932,23.838491,3.884676,43.792305,Moderate
airqo_g5328,Kiswa Health Centre,0.32088,32.61693733,2026-08-10,-0.36606932,23.838491,3.884676,43.792305,Moderate
airqo_g5328,Kiswa Health Centre,0.32088,32.61693733,2026-08-11,-0.36606932,23.838491,3.884676,43.792305,Moderate
airqo_g5328,Kiswa Health Centre,0.32088,32.61693733,2026-08-12,-0.36606932,23.838491,3.884676,43.792305,Moderate
airqo_g5328,Kiswa Health Centre,0.32088,32.61693733,2026-08-13,-0.36606932,23.838491,3.884676,43.792305,Moderate
airqo_g5328,Kiswa Health Centre,0.32088,32.61693733,2026-08-14,-0.36606932,23.838491,3.884676,43.792305,Moderate
airqo_g5328,Kiswa Health Centre,0.32088,32.61693733,2026-08-15,-0.36606932,23.838491,3.884676,43.792305,Moderate
airqo_g5328,Kiswa Health Centre,0.32088,32.61693733,2026-08-16,-0.36606932,23.838491,3.884676,43.792305,Moderate
airqo_g5330,Komamboga Health Centre,0.39053099999999996,32.584443855,2026-08-01,-0.278743,26.315384,6.3615685,46.2692,Moderate
airqo_g5330,Komamboga Health Centre,0.39053099999999996,32.584443855,2026-08-02,-0.278743,26.315384,6.3615685,46.2692,Moderate
airqo_g5330,Komamboga Health Centre,0.39053099999999996,32.584443855,2026-08-03,-0.278743,26.315384,6.3615685,46.2692,Moderate
airqo_g5330,Komamboga Health Centre,0.39053099999999996,32.584443855,2026-08-04,-0.278743,26.315384,6.3615685,46.2692,Moderate
airqo_g5330,Komamboga Health Centre,0.39053099999999996,32.584443855,2026-08-05,-0.278743,26.315384,6.3615685,46.2692,Moderate
airqo_g5330,Komamboga Health Centre,0.39053099999999996,32.584443855,2026-08-06,-0.278743,26.315384,6.3615685,46.2692,Moderate
airqo_g5330,Komamboga Health Centre,0.39053099999999996,32.584443855,2026-08-07,-0.278743,26.315384,6.3615685,46.2692,Moderate
airqo_g5330,Komamboga Health Centre,0.39053099999999996,32.584443855,2026-08-08,-0.278743,26.315384,6.3615685,46.2692,Moderate
airqo_g5330,Komamboga Health Centre,0.39053099999999996,32.584443855,2026-08-09,-0.278743,26.315384,6.3615685,46.2692,Moderate
airqo_g5330,Komamboga Health Centre,0.39053099999999996,32.584443855,2026-08-10,-0.278743,26.315384,6.3615685,46.2692,Moderate
airqo_g5330,Komamboga Health Centre,0.39053099999999996,32.584443855,2026-08-11,-0.278743,26.315384,6.3615685,46.2692,Moderate
airqo_g5330,Komamboga Health Centre,0.39053099999999996,32.584443855,2026-08-12,-0.278743,26.315384,6.3615685,46.2692,Moderate
airqo_g5330,Komamboga Health Centre,0.39053099999999996,32.584443855,2026-08-13,-0.278743,26.315384,6.3615685,46.2692,Moderate
airqo_g5330,Komamboga Health Centre,0.39053099999999996,32.584443855,2026-08-14,-0.278743,26.315384,6.3615685,46.2692,Moderate
airqo_g5330,Komamboga Health Centre,0.39053099999999996,32.584443855,2026-08-15,-0.278743,26.315384,6.3615685,46.2692,Moderate
airqo_g5330,Komamboga Health Centre,0.39053099999999996,32.584443855,2026-08-16,-0.278743,26.315384,6.3615685,46.2692,Moderate
airqo_g5331,Agricultural Resource Centre Kyanja,0.401798,32.593082,2026-08-01,-0.51344246,19.658447,0.0,39.612263,Moderate
airqo_g5331,Agricultural Resource Centre Kyanja,0.401798,32.593082,2026-08-02,-0.51344246,19.658447,0.0,39.612263,Moderate
airqo_g5331,Agricultural Resource Centre Kyanja,0.401798,32.593082,2026-08-03,-0.51344246,19.658447,0.0,39.612263,Moderate
airqo_g5331,Agricultural Resource Centre Kyanja,0.401798,32.593082,2026-08-04,-0.51344246,19.658447,0.0,39.612263,Moderate
airqo_g5331,Agricultural Resource Centre Kyanja,0.401798,32.593082,2026-08-05,-0.51344246,19.658447,0.0,39.612263,Moderate
airqo_g5331,Agricultural Resource Centre Kyanja,0.401798,32.593082,2026-08-06,-0.51344246,19.658447,0.0,39.612263,Moderate
airqo_g5331,Agricultural Resource Centre Kyanja,0.401798,32.593082,2026-08-07,-0.51344246,19.658447,0.0,39.612263,Moderate
airqo_g5331,Agricultural Resource Centre Kyanja,0.401798,32.593082,2026-08-08,-0.51344246,19.658447,0.0,39.612263,Moderate
airqo_g5331,Agricultural Resource Centre Kyanja,0.401798,32.593082,2026-08-09,-0.51344246,19.658447,0.0,39.612263,Moderate
airqo_g5331,Agricultural Resource Centre Kyanja,0.401798,32.593082,2026-08-10,-0.51344246,19.658447,0.0,39.612263,Moderate
airqo_g5331,Agricultural Resource Centre Kyanja,0.401798,32.593082,2026-08-11,-0.51344246,19.658447,0.0,39.612263,Moderate
airqo_g5331,Agricultural Resource Centre Kyanja,0.401798,32.593082,2026-08-12,-0.51344246,19.658447,0.0,39.612263,Moderate
airqo_g5331,Agricultural Resource Centre Kyanja,0.401798,32.593082,2026-08-13,-0.51344246,19.658447,0.0,39.612263,Moderate
airqo_g5331,Agricultural Resource Centre Kyanja,0.401798,32.593082,2026-08-14,-0.51344246,19.658447,0.0,39.612263,Moderate
airqo_g5331,Agricultural Resource Centre Kyanja,0.401798,32.593082,2026-08-15,-0.51344246,19.658447,0.0,39.612263,Moderate
airqo_g5331,Agricultural Resource Centre Kyanja,0.401798,32.593082,2026-08-16,-0.51344246,19.658447,0.0,39.612263,Moderate
airqo_g5335,Kamwokya Primary School,0.347510781,32.58902449,2026-08-01,-0.103135765,31.29625,11.342434,51.250065,Moderate
airqo_g5335,Kamwokya Primary School,0.347510781,32.58902449,2026-08-02,-0.103135765,31.29625,11.342434,51.250065,Moderate
airqo_g5335,Kamwokya Primary School,0.347510781,32.58902449,2026-08-03,-0.103135765,31.29625,11.342434,51.250065,Moderate
airqo_g5335,Kamwokya Primary School,0.347510781,32.58902449,2026-08-04,-0.103135765,31.29625,11.342434,51.250065,Moderate
airqo_g5335,Kamwokya Primary School,0.347510781,32.58902449,2026-08-05,-0.103135765,31.29625,11.342434,51.250065,Moderate
airqo_g5335,Kamwokya Primary School,0.347510781,32.58902449,2026-08-06,-0.103135765,31.29625,11.342434,51.250065,Moderate
airqo_g5335,Kamwokya Primary School,0.347510781,32.58902449,2026-08-07,-0.103135765,31.29625,11.342434,51.250065,Moderate
airqo_g5335,Kamwokya Primary School,0.347510781,32.58902449,2026-08-08,-0.103135765,31.29625,11.342434,51.250065,Moderate
airqo_g5335,Kamwokya Primary School,0.347510781,32.58902449,2026-08-09,-0.103135765,31.29625,11.342434,51.250065,Moderate
airqo_g5335,Kamwokya Primary School,0.347510781,32.58902449,2026-08-10,-0.103135765,31.29625,11.342434,51.250065,Moderate
airqo_g5335,Kamwokya Primary School,0.347510781,32.58902449,2026-08-11,-0.103135765,31.29625,11.342434,51.250065,Moderate
airqo_g5335,Kamwokya Primary School,0.347510781,32.58902449,2026-08-12,-0.103135765,31.29625,11.342434,51.250065,Moderate
airqo_g5335,Kamwokya Primary School,0.347510781,32.58902449,2026-08-13,-0.103135765,31.29625,11.342434,51.250065,Moderate
airqo_g5335,Kamwokya Primary School,0.347510781,32.58902449,2026-08-14,-0.103135765,31.29625,11.342434,51.250065,Moderate
airqo_g5335,Kamwokya Primary School,0.347510781,32.58902449,2026-08-15,-0.103135765,31.29625,11.342434,51.250065,Moderate
airqo_g5335,Kamwokya Primary School,0.347510781,32.58902449,2026-08-16,-0.103135765,31.29625,11.342434,51.250065,Moderate
airqo_g5336,Kawempe Division,0.34904,32.56122,2026-08-01,-0.1793778,29.133745,9.17993,49.087563,Moderate
airqo_g5336,Kawempe Division,0.34904,32.56122,2026-08-02,-0.1793778,29.133745,9.17993,49.087563,Moderate
airqo_g5336,Kawempe Division,0.34904,32.56122,2026-08-03,-0.1793778,29.133745,9.17993,49.087563,Moderate
airqo_g5336,Kawempe Division,0.34904,32.56122,2026-08-04,-0.1793778,29.133745,9.17993,49.087563,Moderate
airqo_g5336,Kawempe Division,0.34904,32.56122,2026-08-05,-0.1793778,29.133745,9.17993,49.087563,Moderate
airqo_g5336,Kawempe Division,0.34904,32.56122,2026-08-06,-0.1793778,29.133745,9.17993,49.087563,Moderate
airqo_g5336,Kawempe Division,0.34904,32.56122,2026-08-07,-0.1793778,29.133745,9.17993,49.087563,Moderate
airqo_g5336,Kawempe Division,0.34904,32.56122,2026-08-08,-0.1793778,29.133745,9.17993,49.087563,Moderate
airqo_g5336,Kawempe Division,0.34904,32.56122,2026-08-09,-0.1793778,29.133745,9.17993,49.087563,Moderate
airqo_g5336,Kawempe Division,0.34904,32.56122,2026-08-10,-0.1793778,29.133745,9.17993,49.087563,Moderate
airqo_g5336,Kawempe Division,0.34904,32.56122,2026-08-11,-0.1793778,29.133745,9.17993,49.087563,Moderate
airqo_g5336,Kawempe Division,0.34904,32.56122,2026-08-12,-0.1793778,29.133745,9.17993,49.087563,Moderate
airqo_g5336,Kawempe Division,0.34904,32.56122,2026-08-13,-0.1793778,29.133745,9.17993,49.087563,Moderate
airqo_g5336,Kawempe Division,0.34904,32.56122,2026-08-14,-0.1793778,29.133745,9.17993,49.087563,Moderate
airqo_g5336,Kawempe Division,0.34904,32.56122,2026-08-15,-0.1793778,29.133745,9.17993,49.087563,Moderate
airqo_g5336,Kawempe Division,0.34904,32.56122,2026-08-16,-0.1793778,29.133745,9.17993,49.087563,Moderate
airqo_g5337,Kololo AirStrip,0.325948,32.5920158,2026-08-01,-0.34797797,24.35163,4.397814,44.305443,Moderate
airqo_g5337,Kololo AirStrip,0.325948,32.5920158,2026-08-02,-0.34797797,24.35163,4.397814,44.305443,Moderate
airqo_g5337,Kololo AirStrip,0.325948,32.5920158,2026-08-03,-0.34797797,24.35163,4.397814,44.305443,Moderate
airqo_g5337,Kololo AirStrip,0.325948,32.5920158,2026-08-04,-0.34797797,24.35163,4.397814,44.305443,Moderate
airqo_g5337,Kololo AirStrip,0.325948,32.5920158,2026-08-05,-0.34797797,24.35163,4.397814,44.305443,Moderate
airqo_g5337,Kololo AirStrip,0.325948,32.5920158,2026-08-06,-0.34797797,24.35163,4.397814,44.305443,Moderate
airqo_g5337,Kololo AirStrip,0.325948,32.5920158,2026-08-07,-0.34797797,24.35163,4.397814,44.305443,Moderate
airqo_g5337,Kololo AirStrip,0.325948,32.5920158,2026-08-08,-0.34797797,24.35163,4.397814,44.305443,Moderate
airqo_g5337,Kololo AirStrip,0.325948,32.5920158,2026-08-09,-0.34797797,24.35163,4.397814,44.305443,Moderate
airqo_g5337,Kololo AirStrip,0.325948,32.5920158,2026-08-10,-0.34797797,24.35163,4.397814,44.305443,Moderate
airqo_g5337,Kololo AirStrip,0.325948,32.5920158,2026-08-11,-0.34797797,24.35163,4.397814,44.305443,Moderate
airqo_g5337,Kololo AirStrip,0.325948,32.5920158,2026-08-12,-0.34797797,24.35163,4.397814,44.305443,Moderate
airqo_g5337,Kololo AirStrip,0.325948,32.5920158,2026-08-13,-0.34797797,24.35163,4.397814,44.305443,Moderate
airqo_g5337,Kololo AirStrip,0.325948,32.5920158,2026-08-14,-0.34797797,24.35163,4.397814,44.305443,Moderate
airqo_g5337,Kololo AirStrip,0.325948,32.5920158,2026-08-15,-0.34797797,24.35163,4.397814,44.305443,Moderate
airqo_g5337,Kololo AirStrip,0.325948,32.5920158,2026-08-16,-0.34797797,24.35163,4.397814,44.305443,Moderate
airqo_g5339,Makerere University Weather Station 94,0.337960199,32.56790884,2026-08-01,-0.10709228,31.184029,11.230213,51.137844,Moderate
airqo_g5339,Makerere University Weather Station 94,0.337960199,32.56790884,2026-08-02,-0.10709228,31.184029,11.230213,51.137844,Moderate
airqo_g5339,Makerere University Weather Station 94,0.337960199,32.56790884,2026-08-03,-0.10709228,31.184029,11.230213,51.137844,Moderate
airqo_g5339,Makerere University Weather Station 94,0.337960199,32.56790884,2026-08-04,-0.10709228,31.184029,11.230213,51.137844,Moderate
airqo_g5339,Makerere University Weather Station 94,0.337960199,32.56790884,2026-08-05,-0.10709228,31.184029,11.230213,51.137844,Moderate
airqo_g5339,Makerere University Weather Station 94,0.337960199,32.56790884,2026-08-06,-0.10709228,31.184029,11.230213,51.137844,Moderate
airqo_g5339,Makerere University Weather Station 94,0.337960199,32.56790884,2026-08-07,-0.10709228,31.184029,11.230213,51.137844,Moderate
airqo_g5339,Makerere University Weather Station 94,0.337960199,32.56790884,2026-08-08,-0.10709228,31.184029,11.230213,51.137844,Moderate
airqo_g5339,Makerere University Weather Station 94,0.337960199,32.56790884,2026-08-09,-0.10709228,31.184029,11.230213,51.137844,Moderate
airqo_g5339,Makerere University Weather Station 94,0.337960199,32.56790884,2026-08-10,-0.10709228,31.184029,11.230213,51.137844,Moderate
airqo_g5339,Makerere University Weather Station 94,0.337960199,32.56790884,2026-08-11,-0.10709228,31.184029,11.230213,51.137844,Moderate
airqo_g5339,Makerere University Weather Station 94,0.337960199,32.56790884,2026-08-12,-0.10709228,31.184029,11.230213,51.137844,Moderate
airqo_g5339,Makerere University Weather Station 94,0.337960199,32.56790884,2026-08-13,-0.10709228,31.184029,11.230213,51.137844,Moderate
airqo_g5339,Makerere University Weather Station 94,0.337960199,32.56790884,2026-08-14,-0.10709228,31.184029,11.230213,51.137844,Moderate
airqo_g5339,Makerere University Weather Station 94,0.337960199,32.56790884,2026-08-15,-0.10709228,31.184029,11.230213,51.137844,Moderate
airqo_g5339,Makerere University Weather Station 94,0.337960199,32.56790884,2026-08-16,-0.10709228,31.184029,11.230213,51.137844,Moderate
airqo_g5341,Makerere University Weather Station 94,0.333508333,32.56855,2026-08-01,-0.28400007,26.166275,6.2124596,46.12009,Moderate
airqo_g5341,Makerere University Weather Station 94,0.333508333,32.56855,2026-08-02,-0.28400007,26.166275,6.2124596,46.12009,Moderate
airqo_g5341,Makerere University Weather Station 94,0.333508333,32.56855,2026-08-03,-0.28400007,26.166275,6.2124596,46.12009,Moderate
airqo_g5341,Makerere University Weather Station 94,0.333508333,32.56855,2026-08-04,-0.28400007,26.166275,6.2124596,46.12009,Moderate
airqo_g5341,Makerere University Weather Station 94,0.333508333,32.56855,2026-08-05,-0.28400007,26.166275,6.2124596,46.12009,Moderate
airqo_g5341,Makerere University Weather Station 94,0.333508333,32.56855,2026-08-06,-0.28400007,26.166275,6.2124596,46.12009,Moderate
airqo_g5341,Makerere University Weather Station 94,0.333508333,32.56855,2026-08-07,-0.28400007,26.166275,6.2124596,46.12009,Moderate
airqo_g5341,Makerere University Weather Station 94,0.333508333,32.56855,2026-08-08,-0.28400007,26.166275,6.2124596,46.12009,Moderate
airqo_g5341,Makerere University Weather Station 94,0.333508333,32.56855,2026-08-09,-0.28400007,26.166275,6.2124596,46.12009,Moderate
airqo_g5341,Makerere University Weather Station 94,0.333508333,32.56855,2026-08-10,-0.28400007,26.166275,6.2124596,46.12009,Moderate
airqo_g5341,Makerere University Weather Station 94,0.333508333,32.56855,2026-08-11,-0.28400007,26.166275,6.2124596,46.12009,Moderate
airqo_g5341,Makerere University Weather Station 94,0.333508333,32.56855,2026-08-12,-0.28400007,26.166275,6.2124596,46.12009,Moderate
airqo_g5341,Makerere University Weather Station 94,0.333508333,32.56855,2026-08-13,-0.28400007,26.166275,6.2124596,46.12009,Moderate
airqo_g5341,Makerere University Weather Station 94,0.333508333,32.56855,2026-08-14,-0.28400007,26.166275,6.2124596,46.12009,Moderate
airqo_g5341,Makerere University Weather Station 94,0.333508333,32.56855,2026-08-15,-0.28400007,26.166275,6.2124596,46.12009,Moderate
airqo_g5341,Makerere University Weather Station 94,0.333508333,32.56855,2026-08-16,-0.28400007,26.166275,6.2124596,46.12009,Moderate
airqo_g5342,Nakawa Division KCCA,0.32984,32.60688,2026-08-01,-0.33175159,24.811867,4.8580513,44.765682,Moderate
airqo_g5342,Nakawa Division KCCA,0.32984,32.60688,2026-08-02,-0.33175159,24.811867,4.8580513,44.765682,Moderate
airqo_g5342,Nakawa Division KCCA,0.32984,32.60688,2026-08-03,-0.33175159,24.811867,4.8580513,44.765682,Moderate
airqo_g5342,Nakawa Division KCCA,0.32984,32.60688,2026-08-04,-0.33175159,24.811867,4.8580513,44.765682,Moderate
airqo_g5342,Nakawa Division KCCA,0.32984,32.60688,2026-08-05,-0.33175159,24.811867,4.8580513,44.765682,Moderate
airqo_g5342,Nakawa Division KCCA,0.32984,32.60688,2026-08-06,-0.33175159,24.811867,4.8580513,44.765682,Moderate
airqo_g5342,Nakawa Division KCCA,0.32984,32.60688,2026-08-07,-0.33175159,24.811867,4.8580513,44.765682,Moderate
airqo_g5342,Nakawa Division KCCA,0.32984,32.60688,2026-08-08,-0.33175159,24.811867,4.8580513,44.765682,Moderate
airqo_g5342,Nakawa Division KCCA,0.32984,32.60688,2026-08-09,-0.33175159,24.811867,4.8580513,44.765682,Moderate
airqo_g5342,Nakawa Division KCCA,0.32984,32.60688,2026-08-10,-0.33175159,24.811867,4.8580513,44.765682,Moderate
airqo_g5342,Nakawa Division KCCA,0.32984,32.60688,2026-08-11,-0.33175159,24.811867,4.8580513,44.765682,Moderate
airqo_g5342,Nakawa Division KCCA,0.32984,32.60688,2026-08-12,-0.33175159,24.811867,4.8580513,44.765682,Moderate
airqo_g5342,Nakawa Division KCCA,0.32984,32.60688,2026-08-13,-0.33175159,24.811867,4.8580513,44.765682,Moderate
airqo_g5342,Nakawa Division KCCA,0.32984,32.60688,2026-08-14,-0.33175159,24.811867,4.8580513,44.765682,Moderate
airqo_g5342,Nakawa Division KCCA,0.32984,32.60688,2026-08-15,-0.33175159,24.811867,4.8580513,44.765682,Moderate
airqo_g5342,Nakawa Division KCCA,0.32984,32.60688,2026-08-16,-0.33175159,24.811867,4.8580513,44.765682,Moderate
airqo_g5343,"KCCA Hall,Parliamentary Avenue",0.315133111,32.586971,2026-08-01,-0.35891506,24.041412,4.087597,43.995228,Moderate
airqo_g5343,"KCCA Hall,Parliamentary Avenue",0.315133111,32.586971,2026-08-02,-0.35891506,24.041412,4.087597,43.995228,Moderate
airqo_g5343,"KCCA Hall,Parliamentary Avenue",0.315133111,32.586971,2026-08-03,-0.35891506,24.041412,4.087597,43.995228,Moderate
airqo_g5343,"KCCA Hall,Parliamentary Avenue",0.315133111,32.586971,2026-08-04,-0.35891506,24.041412,4.087597,43.995228,Moderate
airqo_g5343,"KCCA Hall,Parliamentary Avenue",0.315133111,32.586971,2026-08-05,-0.35891506,24.041412,4.087597,43.995228,Moderate
airqo_g5343,"KCCA Hall,Parliamentary Avenue",0.315133111,32.586971,2026-08-06,-0.35891506,24.041412,4.087597,43.995228,Moderate
airqo_g5343,"KCCA Hall,Parliamentary Avenue",0.315133111,32.586971,2026-08-07,-0.35891506,24.041412,4.087597,43.995228,Moderate
airqo_g5343,"KCCA Hall,Parliamentary Avenue",0.315133111,32.586971,2026-08-08,-0.35891506,24.041412,4.087597,43.995228,Moderate
airqo_g5343,"KCCA Hall,Parliamentary Avenue",0.315133111,32.586971,2026-08-09,-0.35891506,24.041412,4.087597,43.995228,Moderate
airqo_g5343,"KCCA Hall,Parliamentary Avenue",0.315133111,32.586971,2026-08-10,-0.35891506,24.041412,4.087597,43.995228,Moderate
airqo_g5343,"KCCA Hall,Parliamentary Avenue",0.315133111,32.586971,2026-08-11,-0.35891506,24.041412,4.087597,43.995228,Moderate
airqo_g5343,"KCCA Hall,Parliamentary Avenue",0.315133111,32.586971,2026-08-12,-0.35891506,24.041412,4.087597,43.995228,Moderate
airqo_g5343,"KCCA Hall,Parliamentary Avenue",0.315133111,32.586971,2026-08-13,-0.35891506,24.041412,4.087597,43.995228,Moderate
airqo_g5343,"KCCA Hall,Parliamentary Avenue",0.315133111,32.586971,2026-08-14,-0.35891506,24.041412,4.087597,43.995228,Moderate
airqo_g5343,"KCCA Hall,Parliamentary Avenue",0.315133111,32.586971,2026-08-15,-0.35891506,24.041412,4.087597,43.995228,Moderate
airqo_g5343,"KCCA Hall,Parliamentary Avenue",0.315133111,32.586971,2026-08-16,-0.35891506,24.041412,4.087597,43.995228,Moderate
airqo_g5345,"St Paul Demonstration School,Ggaba",0.265029143,32.627141,2026-08-01,-0.40093935,22.84945,2.8956337,42.803265,Moderate
airqo_g5345,"St Paul Demonstration School,Ggaba",0.265029143,32.627141,2026-08-02,-0.40093935,22.84945,2.8956337,42.803265,Moderate
airqo_g5345,"St Paul Demonstration School,Ggaba",0.265029143,32.627141,2026-08-03,-0.40093935,22.84945,2.8956337,42.803265,Moderate
airqo_g5345,"St Paul Demonstration School,Ggaba",0.265029143,32.627141,2026-08-04,-0.40093935,22.84945,2.8956337,42.803265,Moderate
airqo_g5345,"St Paul Demonstration School,Ggaba",0.265029143,32.627141,2026-08-05,-0.40093935,22.84945,2.8956337,42.803265,Moderate
airqo_g5345,"St Paul Demonstration School,Ggaba",0.265029143,32.627141,2026-08-06,-0.40093935,22.84945,2.8956337,42.803265,Moderate
airqo_g5345,"St Paul Demonstration School,Ggaba",0.265029143,32.627141,2026-08-07,-0.40093935,22.84945,2.8956337,42.803265,Moderate
airqo_g5345,"St Paul Demonstration School,Ggaba",0.265029143,32.627141,2026-08-08,-0.40093935,22.84945,2.8956337,42.803265,Moderate
airqo_g5345,"St Paul Demonstration School,Ggaba",0.265029143,32.627141,2026-08-09,-0.40093935,22.84945,2.8956337,42.803265,Moderate
airqo_g5345,"St Paul Demonstration School,Ggaba",0.265029143,32.627141,2026-08-10,-0.40093935,22.84945,2.8956337,42.803265,Moderate
airqo_g5345,"St Paul Demonstration School,Ggaba",0.265029143,32.627141,2026-08-11,-0.40093935,22.84945,2.8956337,42.803265,Moderate
airqo_g5345,"St Paul Demonstration School,Ggaba",0.265029143,32.627141,2026-08-12,-0.40093935,22.84945,2.8956337,42.803265,Moderate
airqo_g5345,"St Paul Demonstration School,Ggaba",0.265029143,32.627141,2026-08-13,-0.40093935,22.84945,2.8956337,42.803265,Moderate
airqo_g5345,"St Paul Demonstration School,Ggaba",0.265029143,32.627141,2026-08-14,-0.40093935,22.84945,2.8956337,42.803265,Moderate
airqo_g5345,"St Paul Demonstration School,Ggaba",0.265029143,32.627141,2026-08-15,-0.40093935,22.84945,2.8956337,42.803265,Moderate
airqo_g5345,"St Paul Demonstration School,Ggaba",0.265029143,32.627141,2026-08-16,-0.40093935,22.84945,2.8956337,42.803265,Moderate
airqo_g5346,Kololo Mabua Stores,0.333274579,32.588173,2026-08-01,-0.3860844,23.27079,3.3169746,43.224606,Moderate
airqo_g5346,Kololo Mabua Stores,0.333274579,32.588173,2026-08-02,-0.3860844,23.27079,3.3169746,43.224606,Moderate
airqo_g5346,Kololo Mabua Stores,0.333274579,32.588173,2026-08-03,-0.3860844,23.27079,3.3169746,43.224606,Moderate
airqo_g5346,Kololo Mabua Stores,0.333274579,32.588173,2026-08-04,-0.3860844,23.27079,3.3169746,43.224606,Moderate
airqo_g5346,Kololo Mabua Stores,0.333274579,32.588173,2026-08-05,-0.3860844,23.27079,3.3169746,43.224606,Moderate
airqo_g5346,Kololo Mabua Stores,0.333274579,32.588173,2026-08-06,-0.3860844,23.27079,3.3169746,43.224606,Moderate
airqo_g5346,Kololo Mabua Stores,0.333274579,32.588173,2026-08-07,-0.3860844,23.27079,3.3169746,43.224606,Moderate
airqo_g5346,Kololo Mabua Stores,0.333274579,32.588173,2026-08-08,-0.3860844,23.27079,3.3169746,43.224606,Moderate
airqo_g5346,Kololo Mabua Stores,0.333274579,32.588173,2026-08-09,-0.3860844,23.27079,3.3169746,43.224606,Moderate
airqo_g5346,Kololo Mabua Stores,0.333274579,32.588173,2026-08-10,-0.3860844,23.27079,3.3169746,43.224606,Moderate
airqo_g5346,Kololo Mabua Stores,0.333274579,32.588173,2026-08-11,-0.3860844,23.27079,3.3169746,43.224606,Moderate
airqo_g5346,Kololo Mabua Stores,0.333274579,32.588173,2026-08-12,-0.3860844,23.27079,3.3169746,43.224606,Moderate
airqo_g5346,Kololo Mabua Stores,0.333274579,32.588173,2026-08-13,-0.3860844,23.27079,3.3169746,43.224606,Moderate
airqo_g5346,Kololo Mabua Stores,0.333274579,32.588173,2026-08-14,-0.3860844,23.27079,3.3169746,43.224606,Moderate
airqo_g5346,Kololo Mabua Stores,0.333274579,32.588173,2026-08-15,-0.3860844,23.27079,3.3169746,43.224606,Moderate
airqo_g5346,Kololo Mabua Stores,0.333274579,32.588173,2026-08-16,-0.3860844,23.27079,3.3169746,43.224606,Moderate
airqo_g5356,"Kitebi Health Centre 3,Kabusu road",0.28052,32.54123,2026-08-01,-0.14662196,30.062822,10.109007,50.01664,Moderate
airqo_g5356,"Kitebi Health Centre 3,Kabusu road",0.28052,32.54123,2026-08-02,-0.14662196,30.062822,10.109007,50.01664,Moderate
airqo_g5356,"Kitebi Health Centre 3,Kabusu road",0.28052,32.54123,2026-08-03,-0.14662196,30.062822,10.109007,50.01664,Moderate
airqo_g5356,"Kitebi Health Centre 3,Kabusu road",0.28052,32.54123,2026-08-04,-0.14662196,30.062822,10.109007,50.01664,Moderate
airqo_g5356,"Kitebi Health Centre 3,Kabusu road",0.28052,32.54123,2026-08-05,-0.14662196,30.062822,10.109007,50.01664,Moderate
airqo_g5356,"Kitebi Health Centre 3,Kabusu road",0.28052,32.54123,2026-08-06,-0.14662196,30.062822,10.109007,50.01664,Moderate
airqo_g5356,"Kitebi Health Centre 3,Kabusu road",0.28052,32.54123,2026-08-07,-0.14662196,30.062822,10.109007,50.01664,Moderate
airqo_g5356,"Kitebi Health Centre 3,Kabusu road",0.28052,32.54123,2026-08-08,-0.14662196,30.062822,10.109007,50.01664,Moderate
airqo_g5356,"Kitebi Health Centre 3,Kabusu road",0.28052,32.54123,2026-08-09,-0.14662196,30.062822,10.109007,50.01664,Moderate
airqo_g5356,"Kitebi Health Centre 3,Kabusu road",0.28052,32.54123,2026-08-10,-0.14662196,30.062822,10.109007,50.01664,Moderate
airqo_g5356,"Kitebi Health Centre 3,Kabusu road",0.28052,32.54123,2026-08-11,-0.14662196,30.062822,10.109007,50.01664,Moderate
airqo_g5356,"Kitebi Health Centre 3,Kabusu road",0.28052,32.54123,2026-08-12,-0.14662196,30.062822,10.109007,50.01664,Moderate
airqo_g5356,"Kitebi Health Centre 3,Kabusu road",0.28052,32.54123,2026-08-13,-0.14662196,30.062822,10.109007,50.01664,Moderate
airqo_g5356,"Kitebi Health Centre 3,Kabusu road",0.28052,32.54123,2026-08-14,-0.14662196,30.062822,10.109007,50.01664,Moderate
airqo_g5356,"Kitebi Health Centre 3,Kabusu road",0.28052,32.54123,2026-08-15,-0.14662196,30.062822,10.109007,50.01664,Moderate
airqo_g5356,"Kitebi Health Centre 3,Kabusu road",0.28052,32.54123,2026-08-16,-0.14662196,30.062822,10.109007,50.01664,Moderate
airqo_g5359,KCCA Division Kisungu,0.3069226515,32.61151878,2026-08-01,-0.51175076,19.70643,0.0,39.660248,Moderate
airqo_g5359,KCCA Division Kisungu,0.3069226515,32.61151878,2026-08-02,-0.51175076,19.70643,0.0,39.660248,Moderate
airqo_g5359,KCCA Division Kisungu,0.3069226515,32.61151878,2026-08-03,-0.51175076,19.70643,0.0,39.660248,Moderate
airqo_g5359,KCCA Division Kisungu,0.3069226515,32.61151878,2026-08-04,-0.51175076,19.70643,0.0,39.660248,Moderate
airqo_g5359,KCCA Division Kisungu,0.3069226515,32.61151878,2026-08-05,-0.51175076,19.70643,0.0,39.660248,Moderate
airqo_g5359,KCCA Division Kisungu,0.3069226515,32.61151878,2026-08-06,-0.51175076,19.70643,0.0,39.660248,Moderate
airqo_g5359,KCCA Division Kisungu,0.3069226515,32.61151878,2026-08-07,-0.51175076,19.70643,0.0,39.660248,Moderate
airqo_g5359,KCCA Division Kisungu,0.3069226515,32.61151878,2026-08-08,-0.51175076,19.70643,0.0,39.660248,Moderate
airqo_g5359,KCCA Division Kisungu,0.3069226515,32.61151878,2026-08-09,-0.51175076,19.70643,0.0,39.660248,Moderate
airqo_g5359,KCCA Division Kisungu,0.3069226515,32.61151878,2026-08-10,-0.51175076,19.70643,0.0,39.660248,Moderate
airqo_g5359,KCCA Division Kisungu,0.3069226515,32.61151878,2026-08-11,-0.51175076,19.70643,0.0,39.660248,Moderate
airqo_g5359,KCCA Division Kisungu,0.3069226515,32.61151878,2026-08-12,-0.51175076,19.70643,0.0,39.660248,Moderate
airqo_g5359,KCCA Division Kisungu,0.3069226515,32.61151878,2026-08-13,-0.51175076,19.70643,0.0,39.660248,Moderate
airqo_g5359,KCCA Division Kisungu,0.3069226515,32.61151878,2026-08-14,-0.51175076,19.70643,0.0,39.660248,Moderate
airqo_g5359,KCCA Division Kisungu,0.3069226515,32.61151878,2026-08-15,-0.51175076,19.70643,0.0,39.660248,Moderate
airqo_g5359,KCCA Division Kisungu,0.3069226515,32.61151878,2026-08-16,-0.51175076,19.70643,0.0,39.660248,Moderate
airqo_g5361,KCCA Stadium Lugogo,0.32769718400000003,32.60743155,2026-08-01,-0.28066853,26.26077,6.3069553,46.214584,Moderate
airqo_g5361,KCCA Stadium Lugogo,0.32769718400000003,32.60743155,2026-08-02,-0.28066853,26.26077,6.3069553,46.214584,Moderate
airqo_g5361,KCCA Stadium Lugogo,0.32769718400000003,32.60743155,2026-08-03,-0.28066853,26.26077,6.3069553,46.214584,Moderate
airqo_g5361,KCCA Stadium Lugogo,0.32769718400000003,32.60743155,2026-08-04,-0.28066853,26.26077,6.3069553,46.214584,Moderate
airqo_g5361,KCCA Stadium Lugogo,0.32769718400000003,32.60743155,2026-08-05,-0.28066853,26.26077,6.3069553,46.214584,Moderate
airqo_g5361,KCCA Stadium Lugogo,0.32769718400000003,32.60743155,2026-08-06,-0.28066853,26.26077,6.3069553,46.214584,Moderate
airqo_g5361,KCCA Stadium Lugogo,0.32769718400000003,32.60743155,2026-08-07,-0.28066853,26.26077,6.3069553,46.214584,Moderate
airqo_g5361,KCCA Stadium Lugogo,0.32769718400000003,32.60743155,2026-08-08,-0.28066853,26.26077,6.3069553,46.214584,Moderate
airqo_g5361,KCCA Stadium Lugogo,0.32769718400000003,32.60743155,2026-08-09,-0.28066853,26.26077,6.3069553,46.214584,Moderate
airqo_g5361,KCCA Stadium Lugogo,0.32769718400000003,32.60743155,2026-08-10,-0.28066853,26.26077,6.3069553,46.214584,Moderate
airqo_g5361,KCCA Stadium Lugogo,0.32769718400000003,32.60743155,2026-08-11,-0.28066853,26.26077,6.3069553,46.214584,Moderate
airqo_g5361,KCCA Stadium Lugogo,0.32769718400000003,32.60743155,2026-08-12,-0.28066853,26.26077,6.3069553,46.214584,Moderate
airqo_g5361,KCCA Stadium Lugogo,0.32769718400000003,32.60743155,2026-08-13,-0.28066853,26.26077,6.3069553,46.214584,Moderate
airqo_g5361,KCCA Stadium Lugogo,0.32769718400000003,32.60743155,2026-08-14,-0.28066853,26.26077,6.3069553,46.214584,Moderate
airqo_g5361,KCCA Stadium Lugogo,0.32769718400000003,32.60743155,2026-08-15,-0.28066853,26.26077,6.3069553,46.214584,Moderate
airqo_g5361,KCCA Stadium Lugogo,0.32769718400000003,32.60743155,2026-08-16,-0.28066853,26.26077,6.3069553,46.214584,Moderate
airqo_g5365,Namungona Primary school,0.326292,32.538020835,2026-08-01,-0.1648237,29.546555,9.592739,49.50037,Moderate
airqo_g5365,Namungona Primary school,0.326292,32.538020835,2026-08-02,-0.1648237,29.546555,9.592739,49.50037,Moderate
airqo_g5365,Namungona Primary school,0.326292,32.538020835,2026-08-03,-0.1648237,29.546555,9.592739,49.50037,Moderate
airqo_g5365,Namungona Primary school,0.326292,32.538020835,2026-08-04,-0.1648237,29.546555,9.592739,49.50037,Moderate
airqo_g5365,Namungona Primary school,0.326292,32.538020835,2026-08-05,-0.1648237,29.546555,9.592739,49.50037,Moderate
airqo_g5365,Namungona Primary school,0.326292,32.538020835,2026-08-06,-0.1648237,29.546555,9.592739,49.50037,Moderate
airqo_g5365,Namungona Primary school,0.326292,32.538020835,2026-08-07,-0.1648237,29.546555,9.592739,49.50037,Moderate
airqo_g5365,Namungona Primary school,0.326292,32.538020835,2026-08-08,-0.1648237,29.546555,9.592739,49.50037,Moderate
airqo_g5365,Namungona Primary school,0.326292,32.538020835,2026-08-09,-0.1648237,29.546555,9.592739,49.50037,Moderate
airqo_g5365,Namungona Primary school,0.326292,32.538020835,2026-08-10,-0.1648237,29.546555,9.592739,49.50037,Moderate
airqo_g5365,Namungona Primary school,0.326292,32.538020835,2026-08-11,-0.1648237,29.546555,9.592739,49.50037,Moderate
airqo_g5365,Namungona Primary school,0.326292,32.538020835,2026-08-12,-0.1648237,29.546555,9.592739,49.50037,Moderate
airqo_g5365,Namungona Primary school,0.326292,32.538020835,2026-08-13,-0.1648237,29.546555,9.592739,49.50037,Moderate
airqo_g5365,Namungona Primary school,0.326292,32.538020835,2026-08-14,-0.1648237,29.546555,9.592739,49.50037,Moderate
airqo_g5365,Namungona Primary school,0.326292,32.538020835,2026-08-15,-0.1648237,29.546555,9.592739,49.50037,Moderate
airqo_g5365,Namungona Primary school,0.326292,32.538020835,2026-08-16,-0.1648237,29.546555,9.592739,49.50037,Moderate
airqo_g5366,"Kira Road Police, Kira road, Kampala Uganda",0.340164243,32.5987103,2026-08-01,-0.36144876,23.969545,4.01573,43.923363,Moderate
airqo_g5366,"Kira Road Police, Kira road, Kampala Uganda",0.340164243,32.5987103,2026-08-02,-0.36144876,23.969545,4.01573,43.923363,Moderate
airqo_g5366,"Kira Road Police, Kira road, Kampala Uganda",0.340164243,32.5987103,2026-08-03,-0.36144876,23.969545,4.01573,43.923363,Moderate
airqo_g5366,"Kira Road Police, Kira road, Kampala Uganda",0.340164243,32.5987103,2026-08-04,-0.36144876,23.969545,4.01573,43.923363,Moderate
airqo_g5366,"Kira Road Police, Kira road, Kampala Uganda",0.340164243,32.5987103,2026-08-05,-0.36144876,23.969545,4.01573,43.923363,Moderate
airqo_g5366,"Kira Road Police, Kira road, Kampala Uganda",0.340164243,32.5987103,2026-08-06,-0.36144876,23.969545,4.01573,43.923363,Moderate
airqo_g5366,"Kira Road Police, Kira road, Kampala Uganda",0.340164243,32.5987103,2026-08-07,-0.36144876,23.969545,4.01573,43.923363,Moderate
airqo_g5366,"Kira Road Police, Kira road, Kampala Uganda",0.340164243,32.5987103,2026-08-08,-0.36144876,23.969545,4.01573,43.923363,Moderate
airqo_g5366,"Kira Road Police, Kira road, Kampala Uganda",0.340164243,32.5987103,2026-08-09,-0.36144876,23.969545,4.01573,43.923363,Moderate
airqo_g5366,"Kira Road Police, Kira road, Kampala Uganda",0.340164243,32.5987103,2026-08-10,-0.36144876,23.969545,4.01573,43.923363,Moderate
airqo_g5366,"Kira Road Police, Kira road, Kampala Uganda",0.340164243,32.5987103,2026-08-11,-0.36144876,23.969545,4.01573,43.923363,Moderate
airqo_g5366,"Kira Road Police, Kira road, Kampala Uganda",0.340164243,32.5987103,2026-08-12,-0.36144876,23.969545,4.01573,43.923363,Moderate
airqo_g5366,"Kira Road Police, Kira road, Kampala Uganda",0.340164243,32.5987103,2026-08-13,-0.36144876,23.969545,4.01573,43.923363,Moderate
airqo_g5366,"Kira Road Police, Kira road, Kampala Uganda",0.340164243,32.5987103,2026-08-14,-0.36144876,23.969545,4.01573,43.923363,Moderate
airqo_g5366,"Kira Road Police, Kira road, Kampala Uganda",0.340164243,32.5987103,2026-08-15,-0.36144876,23.969545,4.01573,43.923363,Moderate
airqo_g5366,"Kira Road Police, Kira road, Kampala Uganda",0.340164243,32.5987103,2026-08-16,-0.36144876,23.969545,4.01573,43.923363,Moderate
airqo_g5367,"Bakuli, Kampala, Uganda",0.3133,32.556,2026-08-01,-0.3381902,24.629244,4.6754284,44.58306,Moderate
airqo_g5367,"Bakuli, Kampala, Uganda",0.3133,32.556,2026-08-02,-0.3381902,24.629244,4.6754284,44.58306,Moderate
airqo_g5367,"Bakuli, Kampala, Uganda",0.3133,32.556,2026-08-03,-0.3381902,24.629244,4.6754284,44.58306,Moderate
airqo_g5367,"Bakuli, Kampala, Uganda",0.3133,32.556,2026-08-04,-0.3381902,24.629244,4.6754284,44.58306,Moderate
airqo_g5367,"Bakuli, Kampala, Uganda",0.3133,32.556,2026-08-05,-0.3381902,24.629244,4.6754284,44.58306,Moderate
airqo_g5367,"Bakuli, Kampala, Uganda",0.3133,32.556,2026-08-06,-0.3381902,24.629244,4.6754284,44.58306,Moderate
airqo_g5367,"Bakuli, Kampala, Uganda",0.3133,32.556,2026-08-07,-0.3381902,24.629244,4.6754284,44.58306,Moderate
airqo_g5367,"Bakuli, Kampala, Uganda",0.3133,32.556,2026-08-08,-0.3381902,24.629244,4.6754284,44.58306,Moderate
airqo_g5367,"Bakuli, Kampala, Uganda",0.3133,32.556,2026-08-09,-0.3381902,24.629244,4.6754284,44.58306,Moderate
airqo_g5367,"Bakuli, Kampala, Uganda",0.3133,32.556,2026-08-10,-0.3381902,24.629244,4.6754284,44.58306,Moderate
airqo_g5367,"Bakuli, Kampala, Uganda",0.3133,32.556,2026-08-11,-0.3381902,24.629244,4.6754284,44.58306,Moderate
airqo_g5367,"Bakuli, Kampala, Uganda",0.3133,32.556,2026-08-12,-0.3381902,24.629244,4.6754284,44.58306,Moderate
airqo_g5367,"Bakuli, Kampala, Uganda",0.3133,32.556,2026-08-13,-0.3381902,24.629244,4.6754284,44.58306,Moderate
airqo_g5367,"Bakuli, Kampala, Uganda",0.3133,32.556,2026-08-14,-0.3381902,24.629244,4.6754284,44.58306,Moderate
airqo_g5367,"Bakuli, Kampala, Uganda",0.3133,32.556,2026-08-15,-0.3381902,24.629244,4.6754284,44.58306,Moderate
airqo_g5367,"Bakuli, Kampala, Uganda",0.3133,32.556,2026-08-16,-0.3381902,24.629244,4.6754284,44.58306,Moderate
airqo_g5368,Ministry Of Health 2,0.331852147,32.577888105,2026-08-01,-0.44984832,21.46221,1.5083942,41.416023,Moderate
airqo_g5368,Ministry Of Health 2,0.331852147,32.577888105,2026-08-02,-0.44984832,21.46221,1.5083942,41.416023,Moderate
airqo_g5368,Ministry Of Health 2,0.331852147,32.577888105,2026-08-03,-0.44984832,21.46221,1.5083942,41.416023,Moderate
airqo_g5368,Ministry Of Health 2,0.331852147,32.577888105,2026-08-04,-0.44984832,21.46221,1.5083942,41.416023,Moderate
airqo_g5368,Ministry Of Health 2,0.331852147,32.577888105,2026-08-05,-0.44984832,21.46221,1.5083942,41.416023,Moderate
airqo_g5368,Ministry Of Health 2,0.331852147,32.577888105,2026-08-06,-0.44984832,21.46221,1.5083942,41.416023,Moderate
airqo_g5368,Ministry Of Health 2,0.331852147,32.577888105,2026-08-07,-0.44984832,21.46221,1.5083942,41.416023,Moderate
airqo_g5368,Ministry Of Health 2,0.331852147,32.577888105,2026-08-08,-0.44984832,21.46221,1.5083942,41.416023,Moderate
airqo_g5368,Ministry Of Health 2,0.331852147,32.577888105,2026-08-09,-0.44984832,21.46221,1.5083942,41.416023,Moderate
airqo_g5368,Ministry Of Health 2,0.331852147,32.577888105,2026-08-10,-0.44984832,21.46221,1.5083942,41.416023,Moderate
airqo_g5368,Ministry Of Health 2,0.331852147,32.577888105,2026-08-11,-0.44984832,21.46221,1.5083942,41.416023,Moderate
airqo_g5368,Ministry Of Health 2,0.331852147,32.577888105,2026-08-12,-0.44984832,21.46221,1.5083942,41.416023,Moderate
airqo_g5368,Ministry Of Health 2,0.331852147,32.577888105,2026-08-13,-0.44984832,21.46221,1.5083942,41.416023,Moderate
airqo_g5368,Ministry Of Health 2,0.331852147,32.577888105,2026-08-14,-0.44984832,21.46221,1.5083942,41.416023,Moderate
airqo_g5368,Ministry Of Health 2,0.331852147,32.577888105,2026-08-15,-0.44984832,21.46221,1.5083942,41.416023,Moderate
airqo_g5368,Ministry Of Health 2,0.331852147,32.577888105,2026-08-16,-0.44984832,21.46221,1.5083942,41.416023,Moderate
airqo_g5375,Nakivubo Blue Primary School,0.3080725,32.57843,2026-08-01,-0.24648152,27.230438,7.276623,47.184254,Moderate
airqo_g5375,Nakivubo Blue Primary School,0.3080725,32.57843,2026-08-02,-0.24648152,27.230438,7.276623,47.184254,Moderate
airqo_g5375,Nakivubo Blue Primary School,0.3080725,32.57843,2026-08-03,-0.24648152,27.230438,7.276623,47.184254,Moderate
airqo_g5375,Nakivubo Blue Primary School,0.3080725,32.57843,2026-08-04,-0.24648152,27.230438,7.276623,47.184254,Moderate
airqo_g5375,Nakivubo Blue Primary School,0.3080725,32.57843,2026-08-05,-0.24648152,27.230438,7.276623,47.184254,Moderate
airqo_g5375,Nakivubo Blue Primary School,0.3080725,32.57843,2026-08-06,-0.24648152,27.230438,7.276623,47.184254,Moderate
airqo_g5375,Nakivubo Blue Primary School,0.3080725,32.57843,2026-08-07,-0.24648152,27.230438,7.276623,47.184254,Moderate
airqo_g5375,Nakivubo Blue Primary School,0.3080725,32.57843,2026-08-08,-0.24648152,27.230438,7.276623,47.184254,Moderate
airqo_g5375,Nakivubo Blue Primary School,0.3080725,32.57843,2026-08-09,-0.24648152,27.230438,7.276623,47.184254,Moderate
airqo_g5375,Nakivubo Blue Primary School,0.3080725,32.57843,2026-08-10,-0.24648152,27.230438,7.276623,47.184254,Moderate
airqo_g5375,Nakivubo Blue Primary School,0.3080725,32.57843,2026-08-11,-0.24648152,27.230438,7.276623,47.184254,Moderate
airqo_g5375,Nakivubo Blue Primary School,0.3080725,32.57843,2026-08-12,-0.24648152,27.230438,7.276623,47.184254,Moderate
airqo_g5375,Nakivubo Blue Primary School,0.3080725,32.57843,2026-08-13,-0.24648152,27.230438,7.276623,47.184254,Moderate
airqo_g5375,Nakivubo Blue Primary School,0.3080725,32.57843,2026-08-14,-0.24648152,27.230438,7.276623,47.184254,Moderate
airqo_g5375,Nakivubo Blue Primary School,0.3080725,32.57843,2026-08-15,-0.24648152,27.230438,7.276623,47.184254,Moderate
airqo_g5375,Nakivubo Blue Primary School,0.3080725,32.57843,2026-08-16,-0.24648152,27.230438,7.276623,47.184254,Moderate
airqo_g5433,Buziga Islamic,0.26151,32.622036,2026-08-01,-0.5298452,19.193207,0.0,39.147022,Moderate
airqo_g5433,Buziga Islamic,0.26151,32.622036,2026-08-02,-0.5298452,19.193207,0.0,39.147022,Moderate
airqo_g5433,Buziga Islamic,0.26151,32.622036,2026-08-03,-0.5298452,19.193207,0.0,39.147022,Moderate
airqo_g5433,Buziga Islamic,0.26151,32.622036,2026-08-04,-0.5298452,19.193207,0.0,39.147022,Moderate
airqo_g5433,Buziga Islamic,0.26151,32.622036,2026-08-05,-0.5298452,19.193207,0.0,39.147022,Moderate
airqo_g5433,Buziga Islamic,0.26151,32.622036,2026-08-06,-0.5298452,19.193207,0.0,39.147022,Moderate
airqo_g5433,Buziga Islamic,0.26151,32.622036,2026-08-07,-0.5298452,19.193207,0.0,39.147022,Moderate
airqo_g5433,Buziga Islamic,0.26151,32.622036,2026-08-08,-0.5298452,19.193207,0.0,39.147022,Moderate
airqo_g5433,Buziga Islamic,0.26151,32.622036,2026-08-09,-0.5298452,19.193207,0.0,39.147022,Moderate
airqo_g5433,Buziga Islamic,0.26151,32.622036,2026-08-10,-0.5298452,19.193207,0.0,39.147022,Moderate
airqo_g5433,Buziga Islamic,0.26151,32.622036,2026-08-11,-0.5298452,19.193207,0.0,39.147022,Moderate
airqo_g5433,Buziga Islamic,0.26151,32.622036,2026-08-12,-0.5298452,19.193207,0.0,39.147022,Moderate
airqo_g5433,Buziga Islamic,0.26151,32.622036,2026-08-13,-0.5298452,19.193207,0.0,39.147022,Moderate
airqo_g5433,Buziga Islamic,0.26151,32.622036,2026-08-14,-0.5298452,19.193207,0.0,39.147022,Moderate
airqo_g5433,Buziga Islamic,0.26151,32.622036,2026-08-15,-0.5298452,19.193207,0.0,39.147022,Moderate
airqo_g5433,Buziga Islamic,0.26151,32.622036,2026-08-16,-0.5298452,19.193207,0.0,39.147022,Moderate
airqo_g5437,Rwebikona,-0.618001269,30.64412976,2026-08-01,-0.16647865,29.499613,9.545797,49.45343,Moderate
airqo_g5437,Rwebikona,-0.618001269,30.64412976,2026-08-02,-0.16647865,29.499613,9.545797,49.45343,Moderate
airqo_g5437,Rwebikona,-0.618001269,30.64412976,2026-08-03,-0.16647865,29.499613,9.545797,49.45343,Moderate
airqo_g5437,Rwebikona,-0.618001269,30.64412976,2026-08-04,-0.16647865,29.499613,9.545797,49.45343,Moderate
airqo_g5437,Rwebikona,-0.618001269,30.64412976,2026-08-05,-0.16647865,29.499613,9.545797,49.45343,Moderate
airqo_g5437,Rwebikona,-0.618001269,30.64412976,2026-08-06,-0.16647865,29.499613,9.545797,49.45343,Moderate
airqo_g5437,Rwebikona,-0.618001269,30.64412976,2026-08-07,-0.16647865,29.499613,9.545797,49.45343,Moderate
airqo_g5437,Rwebikona,-0.618001269,30.64412976,2026-08-08,-0.16647865,29.499613,9.545797,49.45343,Moderate
airqo_g5437,Rwebikona,-0.618001269,30.64412976,2026-08-09,-0.16647865,29.499613,9.545797,49.45343,Moderate
airqo_g5437,Rwebikona,-0.618001269,30.64412976,2026-08-10,-0.16647865,29.499613,9.545797,49.45343,Moderate
airqo_g5437,Rwebikona,-0.618001269,30.64412976,2026-08-11,-0.16647865,29.499613,9.545797,49.45343,Moderate
airqo_g5437,Rwebikona,-0.618001269,30.64412976,2026-08-12,-0.16647865,29.499613,9.545797,49.45343,Moderate
airqo_g5437,Rwebikona,-0.618001269,30.64412976,2026-08-13,-0.16647865,29.499613,9.545797,49.45343,Moderate
airqo_g5437,Rwebikona,-0.618001269,30.64412976,2026-08-14,-0.16647865,29.499613,9.545797,49.45343,Moderate
airqo_g5437,Rwebikona,-0.618001269,30.64412976,2026-08-15,-0.16647865,29.499613,9.545797,49.45343,Moderate
airqo_g5437,Rwebikona,-0.618001269,30.64412976,2026-08-16,-0.16647865,29.499613,9.545797,49.45343,Moderate
airqo_g5438,"St.Ponsiano primary school, makindye",0.2579775175,32.60911234,2026-08-01,-0.5179764,19.529848,0.0,39.483665,Moderate
airqo_g5438,"St.Ponsiano primary school, makindye",0.2579775175,32.60911234,2026-08-02,-0.5179764,19.529848,0.0,39.483665,Moderate
airqo_g5438,"St.Ponsiano primary school, makindye",0.2579775175,32.60911234,2026-08-03,-0.5179764,19.529848,0.0,39.483665,Moderate
airqo_g5438,"St.Ponsiano primary school, makindye",0.2579775175,32.60911234,2026-08-04,-0.5179764,19.529848,0.0,39.483665,Moderate
airqo_g5438,"St.Ponsiano primary school, makindye",0.2579775175,32.60911234,2026-08-05,-0.5179764,19.529848,0.0,39.483665,Moderate
airqo_g5438,"St.Ponsiano primary school, makindye",0.2579775175,32.60911234,2026-08-06,-0.5179764,19.529848,0.0,39.483665,Moderate
airqo_g5438,"St.Ponsiano primary school, makindye",0.2579775175,32.60911234,2026-08-07,-0.5179764,19.529848,0.0,39.483665,Moderate
airqo_g5438,"St.Ponsiano primary school, makindye",0.2579775175,32.60911234,2026-08-08,-0.5179764,19.529848,0.0,39.483665,Moderate
airqo_g5438,"St.Ponsiano primary school, makindye",0.2579775175,32.60911234,2026-08-09,-0.5179764,19.529848,0.0,39.483665,Moderate
airqo_g5438,"St.Ponsiano primary school, makindye",0.2579775175,32.60911234,2026-08-10,-0.5179764,19.529848,0.0,39.483665,Moderate
airqo_g5438,"St.Ponsiano primary school, makindye",0.2579775175,32.60911234,2026-08-11,-0.5179764,19.529848,0.0,39.483665,Moderate
airqo_g5438,"St.Ponsiano primary school, makindye",0.2579775175,32.60911234,2026-08-12,-0.5179764,19.529848,0.0,39.483665,Moderate
airqo_g5438,"St.Ponsiano primary school, makindye",0.2579775175,32.60911234,2026-08-13,-0.5179764,19.529848,0.0,39.483665,Moderate
airqo_g5438,"St.Ponsiano primary school, makindye",0.2579775175,32.60911234,2026-08-14,-0.5179764,19.529848,0.0,39.483665,Moderate
airqo_g5438,"St.Ponsiano primary school, makindye",0.2579775175,32.60911234,2026-08-15,-0.5179764,19.529848,0.0,39.483665,Moderate
airqo_g5438,"St.Ponsiano primary school, makindye",0.2579775175,32.60911234,2026-08-16,-0.5179764,19.529848,0.0,39.483665,Moderate
airqo_g5446,Kitintale_Ntensibe,0.315678859,32.63506335,2026-08-01,-0.42173472,22.259615,2.3057995,42.213432,Moderate
airqo_g5446,Kitintale_Ntensibe,0.315678859,32.63506335,2026-08-02,-0.42173472,22.259615,2.3057995,42.213432,Moderate
airqo_g5446,Kitintale_Ntensibe,0.315678859,32.63506335,2026-08-03,-0.42173472,22.259615,2.3057995,42.213432,Moderate
airqo_g5446,Kitintale_Ntensibe,0.315678859,32.63506335,2026-08-04,-0.42173472,22.259615,2.3057995,42.213432,Moderate
airqo_g5446,Kitintale_Ntensibe,0.315678859,32.63506335,2026-08-05,-0.42173472,22.259615,2.3057995,42.213432,Moderate
airqo_g5446,Kitintale_Ntensibe,0.315678859,32.63506335,2026-08-06,-0.42173472,22.259615,2.3057995,42.213432,Moderate
airqo_g5446,Kitintale_Ntensibe,0.315678859,32.63506335,2026-08-07,-0.42173472,22.259615,2.3057995,42.213432,Moderate
airqo_g5446,Kitintale_Ntensibe,0.315678859,32.63506335,2026-08-08,-0.42173472,22.259615,2.3057995,42.213432,Moderate
airqo_g5446,Kitintale_Ntensibe,0.315678859,32.63506335,2026-08-09,-0.42173472,22.259615,2.3057995,42.213432,Moderate
airqo_g5446,Kitintale_Ntensibe,0.315678859,32.63506335,2026-08-10,-0.42173472,22.259615,2.3057995,42.213432,Moderate
airqo_g5446,Kitintale_Ntensibe,0.315678859,32.63506335,2026-08-11,-0.42173472,22.259615,2.3057995,42.213432,Moderate
airqo_g5446,Kitintale_Ntensibe,0.315678859,32.63506335,2026-08-12,-0.42173472,22.259615,2.3057995,42.213432,Moderate
airqo_g5446,Kitintale_Ntensibe,0.315678859,32.63506335,2026-08-13,-0.42173472,22.259615,2.3057995,42.213432,Moderate
airqo_g5446,Kitintale_Ntensibe,0.315678859,32.63506335,2026-08-14,-0.42173472,22.259615,2.3057995,42.213432,Moderate
airqo_g5446,Kitintale_Ntensibe,0.315678859,32.63506335,2026-08-15,-0.42173472,22.259615,2.3057995,42.213432,Moderate
airqo_g5446,Kitintale_Ntensibe,0.315678859,32.63506335,2026-08-16,-0.42173472,22.259615,2.3057995,42.213432,Moderate
airqo_g5448,Mbarara Central Market,-0.606604261,30.65862468,2026-08-01,-0.15875117,29.718794,9.764978,49.672607,Moderate
airqo_g5448,Mbarara Central Market,-0.606604261,30.65862468,2026-08-02,-0.15875117,29.718794,9.764978,49.672607,Moderate
airqo_g5448,Mbarara Central Market,-0.606604261,30.65862468,2026-08-03,-0.15875117,29.718794,9.764978,49.672607,Moderate
airqo_g5448,Mbarara Central Market,-0.606604261,30.65862468,2026-08-04,-0.15875117,29.718794,9.764978,49.672607,Moderate
airqo_g5448,Mbarara Central Market,-0.606604261,30.65862468,2026-08-05,-0.15875117,29.718794,9.764978,49.672607,Moderate
airqo_g5448,Mbarara Central Market,-0.606604261,30.65862468,2026-08-06,-0.15875117,29.718794,9.764978,49.672607,Moderate
airqo_g5448,Mbarara Central Market,-0.606604261,30.65862468,2026-08-07,-0.15875117,29.718794,9.764978,49.672607,Moderate
airqo_g5448,Mbarara Central Market,-0.606604261,30.65862468,2026-08-08,-0.15875117,29.718794,9.764978,49.672607,Moderate
airqo_g5448,Mbarara Central Market,-0.606604261,30.65862468,2026-08-09,-0.15875117,29.718794,9.764978,49.672607,Moderate
airqo_g5448,Mbarara Central Market,-0.606604261,30.65862468,2026-08-10,-0.15875117,29.718794,9.764978,49.672607,Moderate
airqo_g5448,Mbarara Central Market,-0.606604261,30.65862468,2026-08-11,-0.15875117,29.718794,9.764978,49.672607,Moderate
airqo_g5448,Mbarara Central Market,-0.606604261,30.65862468,2026-08-12,-0.15875117,29.718794,9.764978,49.672607,Moderate
airqo_g5448,Mbarara Central Market,-0.606604261,30.65862468,2026-08-13,-0.15875117,29.718794,9.764978,49.672607,Moderate
airqo_g5448,Mbarara Central Market,-0.606604261,30.65862468,2026-08-14,-0.15875117,29.718794,9.764978,49.672607,Moderate
airqo_g5448,Mbarara Central Market,-0.606604261,30.65862468,2026-08-15,-0.15875117,29.718794,9.764978,49.672607,Moderate
airqo_g5448,Mbarara Central Market,-0.606604261,30.65862468,2026-08-16,-0.15875117,29.718794,9.764978,49.672607,Moderate
airqo_g5455,Nyamityobora,-0.592598135,30.66621378,2026-08-01,-0.4462773,21.563498,1.6096821,41.51731,Moderate
airqo_g5455,Nyamityobora,-0.592598135,30.66621378,2026-08-02,-0.4462773,21.563498,1.6096821,41.51731,Moderate
airqo_g5455,Nyamityobora,-0.592598135,30.66621378,2026-08-03,-0.4462773,21.563498,1.6096821,41.51731,Moderate
airqo_g5455,Nyamityobora,-0.592598135,30.66621378,2026-08-04,-0.4462773,21.563498,1.6096821,41.51731,Moderate
airqo_g5455,Nyamityobora,-0.592598135,30.66621378,2026-08-05,-0.4462773,21.563498,1.6096821,41.51731,Moderate
airqo_g5455,Nyamityobora,-0.592598135,30.66621378,2026-08-06,-0.4462773,21.563498,1.6096821,41.51731,Moderate
airqo_g5455,Nyamityobora,-0.592598135,30.66621378,2026-08-07,-0.4462773,21.563498,1.6096821,41.51731,Moderate
airqo_g5455,Nyamityobora,-0.592598135,30.66621378,2026-08-08,-0.4462773,21.563498,1.6096821,41.51731,Moderate
airqo_g5455,Nyamityobora,-0.592598135,30.66621378,2026-08-09,-0.4462773,21.563498,1.6096821,41.51731,Moderate
airqo_g5455,Nyamityobora,-0.592598135,30.66621378,2026-08-10,-0.4462773,21.563498,1.6096821,41.51731,Moderate
airqo_g5455,Nyamityobora,-0.592598135,30.66621378,2026-08-11,-0.4462773,21.563498,1.6096821,41.51731,Moderate
airqo_g5455,Nyamityobora,-0.592598135,30.66621378,2026-08-12,-0.4462773,21.563498,1.6096821,41.51731,Moderate
airqo_g5455,Nyamityobora,-0.592598135,30.66621378,2026-08-13,-0.4462773,21.563498,1.6096821,41.51731,Moderate
airqo_g5455,Nyamityobora,-0.592598135,30.66621378,2026-08-14,-0.4462773,21.563498,1.6096821,41.51731,Moderate
airqo_g5455,Nyamityobora,-0.592598135,30.66621378,2026-08-15,-0.4462773,21.563498,1.6096821,41.51731,Moderate
airqo_g5455,Nyamityobora,-0.592598135,30.66621378,2026-08-16,-0.4462773,21.563498,1.6096821,41.51731,Moderate
airqo_g5463,Kenkombe,-0.577265,30.706087,2026-08-01,-0.49589124,20.156265,0.2024498,40.11008,Moderate
airqo_g5463,Kenkombe,-0.577265,30.706087,2026-08-02,-0.49589124,20.156265,0.2024498,40.11008,Moderate
airqo_g5463,Kenkombe,-0.577265,30.706087,2026-08-03,-0.49589124,20.156265,0.2024498,40.11008,Moderate
airqo_g5463,Kenkombe,-0.577265,30.706087,2026-08-04,-0.49589124,20.156265,0.2024498,40.11008,Moderate
airqo_g5463,Kenkombe,-0.577265,30.706087,2026-08-05,-0.49589124,20.156265,0.2024498,40.11008,Moderate
airqo_g5463,Kenkombe,-0.577265,30.706087,2026-08-06,-0.49589124,20.156265,0.2024498,40.11008,Moderate
airqo_g5463,Kenkombe,-0.577265,30.706087,2026-08-07,-0.49589124,20.156265,0.2024498,40.11008,Moderate
airqo_g5463,Kenkombe,-0.577265,30.706087,2026-08-08,-0.49589124,20.156265,0.2024498,40.11008,Moderate
airqo_g5463,Kenkombe,-0.577265,30.706087,2026-08-09,-0.49589124,20.156265,0.2024498,40.11008,Moderate
airqo_g5463,Kenkombe,-0.577265,30.706087,2026-08-10,-0.49589124,20.156265,0.2024498,40.11008,Moderate
airqo_g5463,Kenkombe,-0.577265,30.706087,2026-08-11,-0.49589124,20.156265,0.2024498,40.11008,Moderate
airqo_g5463,Kenkombe,-0.577265,30.706087,2026-08-12,-0.49589124,20.156265,0.2024498,40.11008,Moderate
airqo_g5463,Kenkombe,-0.577265,30.706087,2026-08-13,-0.49589124,20.156265,0.2024498,40.11008,Moderate
airqo_g5463,Kenkombe,-0.577265,30.706087,2026-08-14,-0.49589124,20.156265,0.2024498,40.11008,Moderate
airqo_g5463,Kenkombe,-0.577265,30.706087,2026-08-15,-0.49589124,20.156265,0.2024498,40.11008,Moderate
airqo_g5463,Kenkombe,-0.577265,30.706087,2026-08-16,-0.49589124,20.156265,0.2024498,40.11008,Moderate
airqo_g5477,Katukuru,-0.670721495,30.572341,2026-08-01,-0.46997157,20.891441,0.9376259,40.845257,Moderate
airqo_g5477,Katukuru,-0.670721495,30.572341,2026-08-02,-0.46997157,20.891441,0.9376259,40.845257,Moderate
airqo_g5477,Katukuru,-0.670721495,30.572341,2026-08-03,-0.46997157,20.891441,0.9376259,40.845257,Moderate
airqo_g5477,Katukuru,-0.670721495,30.572341,2026-08-04,-0.46997157,20.891441,0.9376259,40.845257,Moderate
airqo_g5477,Katukuru,-0.670721495,30.572341,2026-08-05,-0.46997157,20.891441,0.9376259,40.845257,Moderate
airqo_g5477,Katukuru,-0.670721495,30.572341,2026-08-06,-0.46997157,20.891441,0.9376259,40.845257,Moderate
airqo_g5477,Katukuru,-0.670721495,30.572341,2026-08-07,-0.46997157,20.891441,0.9376259,40.845257,Moderate
airqo_g5477,Katukuru,-0.670721495,30.572341,2026-08-08,-0.46997157,20.891441,0.9376259,40.845257,Moderate
airqo_g5477,Katukuru,-0.670721495,30.572341,2026-08-09,-0.46997157,20.891441,0.9376259,40.845257,Moderate
airqo_g5477,Katukuru,-0.670721495,30.572341,2026-08-10,-0.46997157,20.891441,0.9376259,40.845257,Moderate
airqo_g5477,Katukuru,-0.670721495,30.572341,2026-08-11,-0.46997157,20.891441,0.9376259,40.845257,Moderate
airqo_g5477,Katukuru,-0.670721495,30.572341,2026-08-12,-0.46997157,20.891441,0.9376259,40.845257,Moderate
airqo_g5477,Katukuru,-0.670721495,30.572341,2026-08-13,-0.46997157,20.891441,0.9376259,40.845257,Moderate
airqo_g5477,Katukuru,-0.670721495,30.572341,2026-08-14,-0.46997157,20.891441,0.9376259,40.845257,Moderate
airqo_g5477,Katukuru,-0.670721495,30.572341,2026-08-15,-0.46997157,20.891441,0.9376259,40.845257,Moderate
airqo_g5477,Katukuru,-0.670721495,30.572341,2026-08-16,-0.46997157,20.891441,0.9376259,40.845257,Moderate
airqo_g5481,Ruti Mbarara,-0.63366,30.618996,2026-08-01,-0.34277716,24.49914,4.5453243,44.452957,Moderate
airqo_g5481,Ruti Mbarara,-0.63366,30.618996,2026-08-02,-0.34277716,24.49914,4.5453243,44.452957,Moderate
airqo_g5481,Ruti Mbarara,-0.63366,30.618996,2026-08-03,-0.34277716,24.49914,4.5453243,44.452957,Moderate
airqo_g5481,Ruti Mbarara,-0.63366,30.618996,2026-08-04,-0.34277716,24.49914,4.5453243,44.452957,Moderate
airqo_g5481,Ruti Mbarara,-0.63366,30.618996,2026-08-05,-0.34277716,24.49914,4.5453243,44.452957,Moderate
airqo_g5481,Ruti Mbarara,-0.63366,30.618996,2026-08-06,-0.34277716,24.49914,4.5453243,44.452957,Moderate
airqo_g5481,Ruti Mbarara,-0.63366,30.618996,2026-08-07,-0.34277716,24.49914,4.5453243,44.452957,Moderate
airqo_g5481,Ruti Mbarara,-0.63366,30.618996,2026-08-08,-0.34277716,24.49914,4.5453243,44.452957,Moderate
airqo_g5481,Ruti Mbarara,-0.63366,30.618996,2026-08-09,-0.34277716,24.49914,4.5453243,44.452957,Moderate
airqo_g5481,Ruti Mbarara,-0.63366,30.618996,2026-08-10,-0.34277716,24.49914,4.5453243,44.452957,Moderate
airqo_g5481,Ruti Mbarara,-0.63366,30.618996,2026-08-11,-0.34277716,24.49914,4.5453243,44.452957,Moderate
airqo_g5481,Ruti Mbarara,-0.63366,30.618996,2026-08-12,-0.34277716,24.49914,4.5453243,44.452957,Moderate
airqo_g5481,Ruti Mbarara,-0.63366,30.618996,2026-08-13,-0.34277716,24.49914,4.5453243,44.452957,Moderate
airqo_g5481,Ruti Mbarara,-0.63366,30.618996,2026-08-14,-0.34277716,24.49914,4.5453243,44.452957,Moderate
airqo_g5481,Ruti Mbarara,-0.63366,30.618996,2026-08-15,-0.34277716,24.49914,4.5453243,44.452957,Moderate
airqo_g5481,Ruti Mbarara,-0.63366,30.618996,2026-08-16,-0.34277716,24.49914,4.5453243,44.452957,Moderate
airqo_g5499,Nyabuhama,-0.49852450000000004,30.70109,2026-08-01,-0.46383116,21.065607,1.1117916,41.019424,Moderate
airqo_g5499,Nyabuhama,-0.49852450000000004,30.70109,2026-08-02,-0.46383116,21.065607,1.1117916,41.019424,Moderate
airqo_g5499,Nyabuhama,-0.49852450000000004,30.70109,2026-08-03,-0.46383116,21.065607,1.1117916,41.019424,Moderate
airqo_g5499,Nyabuhama,-0.49852450000000004,30.70109,2026-08-04,-0.46383116,21.065607,1.1117916,41.019424,Moderate
airqo_g5499,Nyabuhama,-0.49852450000000004,30.70109,2026-08-05,-0.46383116,21.065607,1.1117916,41.019424,Moderate
airqo_g5499,Nyabuhama,-0.49852450000000004,30.70109,2026-08-06,-0.46383116,21.065607,1.1117916,41.019424,Moderate
airqo_g5499,Nyabuhama,-0.49852450000000004,30.70109,2026-08-07,-0.46383116,21.065607,1.1117916,41.019424,Moderate
airqo_g5499,Nyabuhama,-0.49852450000000004,30.70109,2026-08-08,-0.46383116,21.065607,1.1117916,41.019424,Moderate
airqo_g5499,Nyabuhama,-0.49852450000000004,30.70109,2026-08-09,-0.46383116,21.065607,1.1117916,41.019424,Moderate
airqo_g5499,Nyabuhama,-0.49852450000000004,30.70109,2026-08-10,-0.46383116,21.065607,1.1117916,41.019424,Moderate
airqo_g5499,Nyabuhama,-0.49852450000000004,30.70109,2026-08-11,-0.46383116,21.065607,1.1117916,41.019424,Moderate
airqo_g5499,Nyabuhama,-0.49852450000000004,30.70109,2026-08-12,-0.46383116,21.065607,1.1117916,41.019424,Moderate
airqo_g5499,Nyabuhama,-0.49852450000000004,30.70109,2026-08-13,-0.46383116,21.065607,1.1117916,41.019424,Moderate
airqo_g5499,Nyabuhama,-0.49852450000000004,30.70109,2026-08-14,-0.46383116,21.065607,1.1117916,41.019424,Moderate
airqo_g5499,Nyabuhama,-0.49852450000000004,30.70109,2026-08-15,-0.46383116,21.065607,1.1117916,41.019424,Moderate
airqo_g5499,Nyabuhama,-0.49852450000000004,30.70109,2026-08-16,-0.46383116,21.065607,1.1117916,41.019424,Moderate
airqo_g5513,KCCA Central division HQ,0.319032,32.57088266,2026-08-01,-0.39756334,22.945206,2.9913902,42.89902,Moderate
airqo_g5513,KCCA Central division HQ,0.319032,32.57088266,2026-08-02,-0.39756334,22.945206,2.9913902,42.89902,Moderate
airqo_g5513,KCCA Central division HQ,0.319032,32.57088266,2026-08-03,-0.39756334,22.945206,2.9913902,42.89902,Moderate
airqo_g5513,KCCA Central division HQ,0.319032,32.57088266,2026-08-04,-0.39756334,22.945206,2.9913902,42.89902,Moderate
airqo_g5513,KCCA Central division HQ,0.319032,32.57088266,2026-08-05,-0.39756334,22.945206,2.9913902,42.89902,Moderate
airqo_g5513,KCCA Central division HQ,0.319032,32.57088266,2026-08-06,-0.39756334,22.945206,2.9913902,42.89902,Moderate
airqo_g5513,KCCA Central division HQ,0.319032,32.57088266,2026-08-07,-0.39756334,22.945206,2.9913902,42.89902,Moderate
airqo_g5513,KCCA Central division HQ,0.319032,32.57088266,2026-08-08,-0.39756334,22.945206,2.9913902,42.89902,Moderate
airqo_g5513,KCCA Central division HQ,0.319032,32.57088266,2026-08-09,-0.39756334,22.945206,2.9913902,42.89902,Moderate
airqo_g5513,KCCA Central division HQ,0.319032,32.57088266,2026-08-10,-0.39756334,22.945206,2.9913902,42.89902,Moderate
airqo_g5513,KCCA Central division HQ,0.319032,32.57088266,2026-08-11,-0.39756334,22.945206,2.9913902,42.89902,Moderate
airqo_g5513,KCCA Central division HQ,0.319032,32.57088266,2026-08-12,-0.39756334,22.945206,2.9913902,42.89902,Moderate
airqo_g5513,KCCA Central division HQ,0.319032,32.57088266,2026-08-13,-0.39756334,22.945206,2.9913902,42.89902,Moderate
airqo_g5513,KCCA Central division HQ,0.319032,32.57088266,2026-08-14,-0.39756334,22.945206,2.9913902,42.89902,Moderate
airqo_g5513,KCCA Central division HQ,0.319032,32.57088266,2026-08-15,-0.39756334,22.945206,2.9913902,42.89902,Moderate
airqo_g5513,KCCA Central division HQ,0.319032,32.57088266,2026-08-16,-0.39756334,22.945206,2.9913902,42.89902,Moderate
airqo_g5518,Golf Course Kampala. Site 1. Training Area,0.32653,32.586143,2026-08-01,-0.33539894,24.708414,4.7545986,44.66223,Moderate
airqo_g5518,Golf Course Kampala. Site 1. Training Area,0.32653,32.586143,2026-08-02,-0.33539894,24.708414,4.7545986,44.66223,Moderate
airqo_g5518,Golf Course Kampala. Site 1. Training Area,0.32653,32.586143,2026-08-03,-0.33539894,24.708414,4.7545986,44.66223,Moderate
airqo_g5518,Golf Course Kampala. Site 1. Training Area,0.32653,32.586143,2026-08-04,-0.33539894,24.708414,4.7545986,44.66223,Moderate
airqo_g5518,Golf Course Kampala. Site 1. Training Area,0.32653,32.586143,2026-08-05,-0.33539894,24.708414,4.7545986,44.66223,Moderate
airqo_g5518,Golf Course Kampala. Site 1. Training Area,0.32653,32.586143,2026-08-06,-0.33539894,24.708414,4.7545986,44.66223,Moderate
airqo_g5518,Golf Course Kampala. Site 1. Training Area,0.32653,32.586143,2026-08-07,-0.33539894,24.708414,4.7545986,44.66223,Moderate
airqo_g5518,Golf Course Kampala. Site 1. Training Area,0.32653,32.586143,2026-08-08,-0.33539894,24.708414,4.7545986,44.66223,Moderate
airqo_g5518,Golf Course Kampala. Site 1. Training Area,0.32653,32.586143,2026-08-09,-0.33539894,24.708414,4.7545986,44.66223,Moderate
airqo_g5518,Golf Course Kampala. Site 1. Training Area,0.32653,32.586143,2026-08-10,-0.33539894,24.708414,4.7545986,44.66223,Moderate
airqo_g5518,Golf Course Kampala. Site 1. Training Area,0.32653,32.586143,2026-08-11,-0.33539894,24.708414,4.7545986,44.66223,Moderate
airqo_g5518,Golf Course Kampala. Site 1. Training Area,0.32653,32.586143,2026-08-12,-0.33539894,24.708414,4.7545986,44.66223,Moderate
airqo_g5518,Golf Course Kampala. Site 1. Training Area,0.32653,32.586143,2026-08-13,-0.33539894,24.708414,4.7545986,44.66223,Moderate
airqo_g5518,Golf Course Kampala. Site 1. Training Area,0.32653,32.586143,2026-08-14,-0.33539894,24.708414,4.7545986,44.66223,Moderate
airqo_g5518,Golf Course Kampala. Site 1. Training Area,0.32653,32.586143,2026-08-15,-0.33539894,24.708414,4.7545986,44.66223,Moderate
airqo_g5518,Golf Course Kampala. Site 1. Training Area,0.32653,32.586143,2026-08-16,-0.33539894,24.708414,4.7545986,44.66223,Moderate
airqo_g5519,Nyamitanga,-0.623977768,30.64250347,2026-08-01,-0.3217368,25.095922,5.142107,45.049736,Moderate
airqo_g5519,Nyamitanga,-0.623977768,30.64250347,2026-08-02,-0.3217368,25.095922,5.142107,45.049736,Moderate
airqo_g5519,Nyamitanga,-0.623977768,30.64250347,2026-08-03,-0.3217368,25.095922,5.142107,45.049736,Moderate
airqo_g5519,Nyamitanga,-0.623977768,30.64250347,2026-08-04,-0.3217368,25.095922,5.142107,45.049736,Moderate
airqo_g5519,Nyamitanga,-0.623977768,30.64250347,2026-08-05,-0.3217368,25.095922,5.142107,45.049736,Moderate
airqo_g5519,Nyamitanga,-0.623977768,30.64250347,2026-08-06,-0.3217368,25.095922,5.142107,45.049736,Moderate
airqo_g5519,Nyamitanga,-0.623977768,30.64250347,2026-08-07,-0.3217368,25.095922,5.142107,45.049736,Moderate
airqo_g5519,Nyamitanga,-0.623977768,30.64250347,2026-08-08,-0.3217368,25.095922,5.142107,45.049736,Moderate
airqo_g5519,Nyamitanga,-0.623977768,30.64250347,2026-08-09,-0.3217368,25.095922,5.142107,45.049736,Moderate
airqo_g5519,Nyamitanga,-0.623977768,30.64250347,2026-08-10,-0.3217368,25.095922,5.142107,45.049736,Moderate
airqo_g5519,Nyamitanga,-0.623977768,30.64250347,2026-08-11,-0.3217368,25.095922,5.142107,45.049736,Moderate
airqo_g5519,Nyamitanga,-0.623977768,30.64250347,2026-08-12,-0.3217368,25.095922,5.142107,45.049736,Moderate
airqo_g5519,Nyamitanga,-0.623977768,30.64250347,2026-08-13,-0.3217368,25.095922,5.142107,45.049736,Moderate
airqo_g5519,Nyamitanga,-0.623977768,30.64250347,2026-08-14,-0.3217368,25.095922,5.142107,45.049736,Moderate
airqo_g5519,Nyamitanga,-0.623977768,30.64250347,2026-08-15,-0.3217368,25.095922,5.142107,45.049736,Moderate
airqo_g5519,Nyamitanga,-0.623977768,30.64250347,2026-08-16,-0.3217368,25.095922,5.142107,45.049736,Moderate
airqo_g5544,Katete,-0.6258045,30.671461,2026-08-01,-0.2756802,26.402254,6.4484386,46.35607,Moderate
airqo_g5544,Katete,-0.6258045,30.671461,2026-08-02,-0.2756802,26.402254,6.4484386,46.35607,Moderate
airqo_g5544,Katete,-0.6258045,30.671461,2026-08-03,-0.2756802,26.402254,6.4484386,46.35607,Moderate
airqo_g5544,Katete,-0.6258045,30.671461,2026-08-04,-0.2756802,26.402254,6.4484386,46.35607,Moderate
airqo_g5544,Katete,-0.6258045,30.671461,2026-08-05,-0.2756802,26.402254,6.4484386,46.35607,Moderate
airqo_g5544,Katete,-0.6258045,30.671461,2026-08-06,-0.2756802,26.402254,6.4484386,46.35607,Moderate
airqo_g5544,Katete,-0.6258045,30.671461,2026-08-07,-0.2756802,26.402254,6.4484386,46.35607,Moderate
airqo_g5544,Katete,-0.6258045,30.671461,2026-08-08,-0.2756802,26.402254,6.4484386,46.35607,Moderate
airqo_g5544,Katete,-0.6258045,30.671461,2026-08-09,-0.2756802,26.402254,6.4484386,46.35607,Moderate
airqo_g5544,Katete,-0.6258045,30.671461,2026-08-10,-0.2756802,26.402254,6.4484386,46.35607,Moderate
airqo_g5544,Katete,-0.6258045,30.671461,2026-08-11,-0.2756802,26.402254,6.4484386,46.35607,Moderate
airqo_g5544,Katete,-0.6258045,30.671461,2026-08-12,-0.2756802,26.402254,6.4484386,46.35607,Moderate
airqo_g5544,Katete,-0.6258045,30.671461,2026-08-13,-0.2756802,26.402254,6.4484386,46.35607,Moderate
airqo_g5544,Katete,-0.6258045,30.671461,2026-08-14,-0.2756802,26.402254,6.4484386,46.35607,Moderate
airqo_g5544,Katete,-0.6258045,30.671461,2026-08-15,-0.2756802,26.402254,6.4484386,46.35607,Moderate
airqo_g5544,Katete,-0.6258045,30.671461,2026-08-16,-0.2756802,26.402254,6.4484386,46.35607,Moderate
airqo_g5545,Bishop Stuart University,-0.6028859,30.695638835,2026-08-01,-0.23938012,27.43186,7.4780445,47.385674,Moderate
airqo_g5545,Bishop Stuart University,-0.6028859,30.695638835,2026-08-02,-0.23938012,27.43186,7.4780445,47.385674,Moderate
airqo_g5545,Bishop Stuart University,-0.6028859,30.695638835,2026-08-03,-0.23938012,27.43186,7.4780445,47.385674,Moderate
airqo_g5545,Bishop Stuart University,-0.6028859,30.695638835,2026-08-04,-0.23938012,27.43186,7.4780445,47.385674,Moderate
airqo_g5545,Bishop Stuart University,-0.6028859,30.695638835,2026-08-05,-0.23938012,27.43186,7.4780445,47.385674,Moderate
airqo_g5545,Bishop Stuart University,-0.6028859,30.695638835,2026-08-06,-0.23938012,27.43186,7.4780445,47.385674,Moderate
airqo_g5545,Bishop Stuart University,-0.6028859,30.695638835,2026-08-07,-0.23938012,27.43186,7.4780445,47.385674,Moderate
airqo_g5545,Bishop Stuart University,-0.6028859,30.695638835,2026-08-08,-0.23938012,27.43186,7.4780445,47.385674,Moderate
airqo_g5545,Bishop Stuart University,-0.6028859,30.695638835,2026-08-09,-0.23938012,27.43186,7.4780445,47.385674,Moderate
airqo_g5545,Bishop Stuart University,-0.6028859,30.695638835,2026-08-10,-0.23938012,27.43186,7.4780445,47.385674,Moderate
airqo_g5545,Bishop Stuart University,-0.6028859,30.695638835,2026-08-11,-0.23938012,27.43186,7.4780445,47.385674,Moderate
airqo_g5545,Bishop Stuart University,-0.6028859,30.695638835,2026-08-12,-0.23938012,27.43186,7.4780445,47.385674,Moderate
airqo_g5545,Bishop Stuart University,-0.6028859,30.695638835,2026-08-13,-0.23938012,27.43186,7.4780445,47.385674,Moderate
airqo_g5545,Bishop Stuart University,-0.6028859,30.695638835,2026-08-14,-0.23938012,27.43186,7.4780445,47.385674,Moderate
airqo_g5545,Bishop Stuart University,-0.6028859,30.695638835,2026-08-15,-0.23938012,27.43186,7.4780445,47.385674,Moderate
airqo_g5545,Bishop Stuart University,-0.6028859,30.695638835,2026-08-16,-0.23938012,27.43186,7.4780445,47.385674,Moderate
airqo_g5546,Kiteezi. Kampala,0.411873,32.575184,2026-08-01,-0.3343697,24.737608,4.7837925,44.69142,Moderate
airqo_g5546,Kiteezi. Kampala,0.411873,32.575184,2026-08-02,-0.3343697,24.737608,4.7837925,44.69142,Moderate
airqo_g5546,Kiteezi. Kampala,0.411873,32.575184,2026-08-03,-0.3343697,24.737608,4.7837925,44.69142,Moderate
airqo_g5546,Kiteezi. Kampala,0.411873,32.575184,2026-08-04,-0.3343697,24.737608,4.7837925,44.69142,Moderate
airqo_g5546,Kiteezi. Kampala,0.411873,32.575184,2026-08-05,-0.3343697,24.737608,4.7837925,44.69142,Moderate
airqo_g5546,Kiteezi. Kampala,0.411873,32.575184,2026-08-06,-0.3343697,24.737608,4.7837925,44.69142,Moderate
airqo_g5546,Kiteezi. Kampala,0.411873,32.575184,2026-08-07,-0.3343697,24.737608,4.7837925,44.69142,Moderate
airqo_g5546,Kiteezi. Kampala,0.411873,32.575184,2026-08-08,-0.3343697,24.737608,4.7837925,44.69142,Moderate
airqo_g5546,Kiteezi. Kampala,0.411873,32.575184,2026-08-09,-0.3343697,24.737608,4.7837925,44.69142,Moderate
airqo_g5546,Kiteezi. Kampala,0.411873,32.575184,2026-08-10,-0.3343697,24.737608,4.7837925,44.69142,Moderate
airqo_g5546,Kiteezi. Kampala,0.411873,32.575184,2026-08-11,-0.3343697,24.737608,4.7837925,44.69142,Moderate
airqo_g5546,Kiteezi. Kampala,0.411873,32.575184,2026-08-12,-0.3343697,24.737608,4.7837925,44.69142,Moderate
airqo_g5546,Kiteezi. Kampala,0.411873,32.575184,2026-08-13,-0.3343697,24.737608,4.7837925,44.69142,Moderate
airqo_g5546,Kiteezi. Kampala,0.411873,32.575184,2026-08-14,-0.3343697,24.737608,4.7837925,44.69142,Moderate
airqo_g5546,Kiteezi. Kampala,0.411873,32.575184,2026-08-15,-0.3343697,24.737608,4.7837925,44.69142,Moderate
airqo_g5546,Kiteezi. Kampala,0.411873,32.575184,2026-08-16,-0.3343697,24.737608,4.7837925,44.69142,Moderate
airqo_g5548,Mbuya_Nadiope,0.3269295835,32.634552,2026-08-01,-0.5093439,19.774696,0.0,39.72851,Moderate
airqo_g5548,Mbuya_Nadiope,0.3269295835,32.634552,2026-08-02,-0.5093439,19.774696,0.0,39.72851,Moderate
airqo_g5548,Mbuya_Nadiope,0.3269295835,32.634552,2026-08-03,-0.5093439,19.774696,0.0,39.72851,Moderate
airqo_g5548,Mbuya_Nadiope,0.3269295835,32.634552,2026-08-04,-0.5093439,19.774696,0.0,39.72851,Moderate
airqo_g5548,Mbuya_Nadiope,0.3269295835,32.634552,2026-08-05,-0.5093439,19.774696,0.0,39.72851,Moderate
airqo_g5548,Mbuya_Nadiope,0.3269295835,32.634552,2026-08-06,-0.5093439,19.774696,0.0,39.72851,Moderate
airqo_g5548,Mbuya_Nadiope,0.3269295835,32.634552,2026-08-07,-0.5093439,19.774696,0.0,39.72851,Moderate
airqo_g5548,Mbuya_Nadiope,0.3269295835,32.634552,2026-08-08,-0.5093439,19.774696,0.0,39.72851,Moderate
airqo_g5548,Mbuya_Nadiope,0.3269295835,32.634552,2026-08-09,-0.5093439,19.774696,0.0,39.72851,Moderate
airqo_g5548,Mbuya_Nadiope,0.3269295835,32.634552,2026-08-10,-0.5093439,19.774696,0.0,39.72851,Moderate
airqo_g5548,Mbuya_Nadiope,0.3269295835,32.634552,2026-08-11,-0.5093439,19.774696,0.0,39.72851,Moderate
airqo_g5548,Mbuya_Nadiope,0.3269295835,32.634552,2026-08-12,-0.5093439,19.774696,0.0,39.72851,Moderate
airqo_g5548,Mbuya_Nadiope,0.3269295835,32.634552,2026-08-13,-0.5093439,19.774696,0.0,39.72851,Moderate
airqo_g5548,Mbuya_Nadiope,0.3269295835,32.634552,2026-08-14,-0.5093439,19.774696,0.0,39.72851,Moderate
airqo_g5548,Mbuya_Nadiope,0.3269295835,32.634552,2026-08-15,-0.5093439,19.774696,0.0,39.72851,Moderate
airqo_g5548,Mbuya_Nadiope,0.3269295835,32.634552,2026-08-16,-0.5093439,19.774696,0.0,39.72851,Moderate
airqo_g5549,Munyonyo Site 1,0.235819,32.62392814,2026-08-01,-0.4535457,21.35734,1.4035244,41.311157,Moderate
airqo_g5549,Munyonyo Site 1,0.235819,32.62392814,2026-08-02,-0.4535457,21.35734,1.4035244,41.311157,Moderate
airqo_g5549,Munyonyo Site 1,0.235819,32.62392814,2026-08-03,-0.4535457,21.35734,1.4035244,41.311157,Moderate
airqo_g5549,Munyonyo Site 1,0.235819,32.62392814,2026-08-04,-0.4535457,21.35734,1.4035244,41.311157,Moderate
airqo_g5549,Munyonyo Site 1,0.235819,32.62392814,2026-08-05,-0.4535457,21.35734,1.4035244,41.311157,Moderate
airqo_g5549,Munyonyo Site 1,0.235819,32.62392814,2026-08-06,-0.4535457,21.35734,1.4035244,41.311157,Moderate
airqo_g5549,Munyonyo Site 1,0.235819,32.62392814,2026-08-07,-0.4535457,21.35734,1.4035244,41.311157,Moderate
airqo_g5549,Munyonyo Site 1,0.235819,32.62392814,2026-08-08,-0.4535457,21.35734,1.4035244,41.311157,Moderate
airqo_g5549,Munyonyo Site 1,0.235819,32.62392814,2026-08-09,-0.4535457,21.35734,1.4035244,41.311157,Moderate
airqo_g5549,Munyonyo Site 1,0.235819,32.62392814,2026-08-10,-0.4535457,21.35734,1.4035244,41.311157,Moderate
airqo_g5549,Munyonyo Site 1,0.235819,32.62392814,2026-08-11,-0.4535457,21.35734,1.4035244,41.311157,Moderate
airqo_g5549,Munyonyo Site 1,0.235819,32.62392814,2026-08-12,-0.4535457,21.35734,1.4035244,41.311157,Moderate
airqo_g5549,Munyonyo Site 1,0.235819,32.62392814,2026-08-13,-0.4535457,21.35734,1.4035244,41.311157,Moderate
airqo_g5549,Munyonyo Site 1,0.235819,32.62392814,2026-08-14,-0.4535457,21.35734,1.4035244,41.311157,Moderate
airqo_g5549,Munyonyo Site 1,0.235819,32.62392814,2026-08-15,-0.4535457,21.35734,1.4035244,41.311157,Moderate
airqo_g5549,Munyonyo Site 1,0.235819,32.62392814,2026-08-16,-0.4535457,21.35734,1.4035244,41.311157,Moderate
airqo_g5551,Golf course Kampala. Site 2. playing ground,0.32494076,32.58769365,2026-08-01,-0.40165356,22.829191,2.8753757,42.783005,Moderate
airqo_g5551,Golf course Kampala. Site 2. playing ground,0.32494076,32.58769365,2026-08-02,-0.40165356,22.829191,2.8753757,42.783005,Moderate
airqo_g5551,Golf course Kampala. Site 2. playing ground,0.32494076,32.58769365,2026-08-03,-0.40165356,22.829191,2.8753757,42.783005,Moderate
airqo_g5551,Golf course Kampala. Site 2. playing ground,0.32494076,32.58769365,2026-08-04,-0.40165356,22.829191,2.8753757,42.783005,Moderate
airqo_g5551,Golf course Kampala. Site 2. playing ground,0.32494076,32.58769365,2026-08-05,-0.40165356,22.829191,2.8753757,42.783005,Moderate
airqo_g5551,Golf course Kampala. Site 2. playing ground,0.32494076,32.58769365,2026-08-06,-0.40165356,22.829191,2.8753757,42.783005,Moderate
airqo_g5551,Golf course Kampala. Site 2. playing ground,0.32494076,32.58769365,2026-08-07,-0.40165356,22.829191,2.8753757,42.783005,Moderate
airqo_g5551,Golf course Kampala. Site 2. playing ground,0.32494076,32.58769365,2026-08-08,-0.40165356,22.829191,2.8753757,42.783005,Moderate
airqo_g5551,Golf course Kampala. Site 2. playing ground,0.32494076,32.58769365,2026-08-09,-0.40165356,22.829191,2.8753757,42.783005,Moderate
airqo_g5551,Golf course Kampala. Site 2. playing ground,0.32494076,32.58769365,2026-08-10,-0.40165356,22.829191,2.8753757,42.783005,Moderate
airqo_g5551,Golf course Kampala. Site 2. playing ground,0.32494076,32.58769365,2026-08-11,-0.40165356,22.829191,2.8753757,42.783005,Moderate
airqo_g5551,Golf course Kampala. Site 2. playing ground,0.32494076,32.58769365,2026-08-12,-0.40165356,22.829191,2.8753757,42.783005,Moderate
airqo_g5551,Golf course Kampala. Site 2. playing ground,0.32494076,32.58769365,2026-08-13,-0.40165356,22.829191,2.8753757,42.783005,Moderate
airqo_g5551,Golf course Kampala. Site 2. playing ground,0.32494076,32.58769365,2026-08-14,-0.40165356,22.829191,2.8753757,42.783005,Moderate
airqo_g5551,Golf course Kampala. Site 2. playing ground,0.32494076,32.58769365,2026-08-15,-0.40165356,22.829191,2.8753757,42.783005,Moderate
airqo_g5551,Golf course Kampala. Site 2. playing ground,0.32494076,32.58769365,2026-08-16,-0.40165356,22.829191,2.8753757,42.783005,Moderate
airqo_g5555,Munyonyo Site 2,0.241954209,32.62442653,2026-08-01,-0.5079446,19.814386,0.0,39.768204,Moderate
airqo_g5555,Munyonyo Site 2,0.241954209,32.62442653,2026-08-02,-0.5079446,19.814386,0.0,39.768204,Moderate
airqo_g5555,Munyonyo Site 2,0.241954209,32.62442653,2026-08-03,-0.5079446,19.814386,0.0,39.768204,Moderate
airqo_g5555,Munyonyo Site 2,0.241954209,32.62442653,2026-08-04,-0.5079446,19.814386,0.0,39.768204,Moderate
airqo_g5555,Munyonyo Site 2,0.241954209,32.62442653,2026-08-05,-0.5079446,19.814386,0.0,39.768204,Moderate
airqo_g5555,Munyonyo Site 2,0.241954209,32.62442653,2026-08-06,-0.5079446,19.814386,0.0,39.768204,Moderate
airqo_g5555,Munyonyo Site 2,0.241954209,32.62442653,2026-08-07,-0.5079446,19.814386,0.0,39.768204,Moderate
airqo_g5555,Munyonyo Site 2,0.241954209,32.62442653,2026-08-08,-0.5079446,19.814386,0.0,39.768204,Moderate
airqo_g5555,Munyonyo Site 2,0.241954209,32.62442653,2026-08-09,-0.5079446,19.814386,0.0,39.768204,Moderate
airqo_g5555,Munyonyo Site 2,0.241954209,32.62442653,2026-08-10,-0.5079446,19.814386,0.0,39.768204,Moderate
airqo_g5555,Munyonyo Site 2,0.241954209,32.62442653,2026-08-11,-0.5079446,19.814386,0.0,39.768204,Moderate
airqo_g5555,Munyonyo Site 2,0.241954209,32.62442653,2026-08-12,-0.5079446,19.814386,0.0,39.768204,Moderate
airqo_g5555,Munyonyo Site 2,0.241954209,32.62442653,2026-08-13,-0.5079446,19.814386,0.0,39.768204,Moderate
airqo_g5555,Munyonyo Site 2,0.241954209,32.62442653,2026-08-14,-0.5079446,19.814386,0.0,39.768204,Moderate
airqo_g5555,Munyonyo Site 2,0.241954209,32.62442653,2026-08-15,-0.5079446,19.814386,0.0,39.768204,Moderate
airqo_g5555,Munyonyo Site 2,0.241954209,32.62442653,2026-08-16,-0.5079446,19.814386,0.0,39.768204,Moderate
airqo_g5558,Kyambogo University,0.346937,32.632439,2026-08-01,-0.36248866,23.94005,3.9862347,43.893867,Moderate
airqo_g5558,Kyambogo University,0.346937,32.632439,2026-08-02,-0.36248866,23.94005,3.9862347,43.893867,Moderate
airqo_g5558,Kyambogo University,0.346937,32.632439,2026-08-03,-0.36248866,23.94005,3.9862347,43.893867,Moderate
airqo_g5558,Kyambogo University,0.346937,32.632439,2026-08-04,-0.36248866,23.94005,3.9862347,43.893867,Moderate
airqo_g5558,Kyambogo University,0.346937,32.632439,2026-08-05,-0.36248866,23.94005,3.9862347,43.893867,Moderate
airqo_g5558,Kyambogo University,0.346937,32.632439,2026-08-06,-0.36248866,23.94005,3.9862347,43.893867,Moderate
airqo_g5558,Kyambogo University,0.346937,32.632439,2026-08-07,-0.36248866,23.94005,3.9862347,43.893867,Moderate
airqo_g5558,Kyambogo University,0.346937,32.632439,2026-08-08,-0.36248866,23.94005,3.9862347,43.893867,Moderate
airqo_g5558,Kyambogo University,0.346937,32.632439,2026-08-09,-0.36248866,23.94005,3.9862347,43.893867,Moderate
airqo_g5558,Kyambogo University,0.346937,32.632439,2026-08-10,-0.36248866,23.94005,3.9862347,43.893867,Moderate
airqo_g5558,Kyambogo University,0.346937,32.632439,2026-08-11,-0.36248866,23.94005,3.9862347,43.893867,Moderate
airqo_g5558,Kyambogo University,0.346937,32.632439,2026-08-12,-0.36248866,23.94005,3.9862347,43.893867,Moderate
airqo_g5558,Kyambogo University,0.346937,32.632439,2026-08-13,-0.36248866,23.94005,3.9862347,43.893867,Moderate
airqo_g5558,Kyambogo University,0.346937,32.632439,2026-08-14,-0.36248866,23.94005,3.9862347,43.893867,Moderate
airqo_g5558,Kyambogo University,0.346937,32.632439,2026-08-15,-0.36248866,23.94005,3.9862347,43.893867,Moderate
airqo_g5558,Kyambogo University,0.346937,32.632439,2026-08-16,-0.36248866,23.94005,3.9862347,43.893867,Moderate
airqo_g5559,Kyarwabuganda,-0.53856,30.647245,2026-08-01,-0.1251827,30.670916,10.7171,50.624733,Moderate
airqo_g5559,Kyarwabuganda,-0.53856,30.647245,2026-08-02,-0.1251827,30.670916,10.7171,50.624733,Moderate
airqo_g5559,Kyarwabuganda,-0.53856,30.647245,2026-08-03,-0.1251827,30.670916,10.7171,50.624733,Moderate
airqo_g5559,Kyarwabuganda,-0.53856,30.647245,2026-08-04,-0.1251827,30.670916,10.7171,50.624733,Moderate
airqo_g5559,Kyarwabuganda,-0.53856,30.647245,2026-08-05,-0.1251827,30.670916,10.7171,50.624733,Moderate
airqo_g5559,Kyarwabuganda,-0.53856,30.647245,2026-08-06,-0.1251827,30.670916,10.7171,50.624733,Moderate
airqo_g5559,Kyarwabuganda,-0.53856,30.647245,2026-08-07,-0.1251827,30.670916,10.7171,50.624733,Moderate
airqo_g5559,Kyarwabuganda,-0.53856,30.647245,2026-08-08,-0.1251827,30.670916,10.7171,50.624733,Moderate
airqo_g5559,Kyarwabuganda,-0.53856,30.647245,2026-08-09,-0.1251827,30.670916,10.7171,50.624733,Moderate
airqo_g5559,Kyarwabuganda,-0.53856,30.647245,2026-08-10,-0.1251827,30.670916,10.7171,50.624733,Moderate
airqo_g5559,Kyarwabuganda,-0.53856,30.647245,2026-08-11,-0.1251827,30.670916,10.7171,50.624733,Moderate
airqo_g5559,Kyarwabuganda,-0.53856,30.647245,2026-08-12,-0.1251827,30.670916,10.7171,50.624733,Moderate
airqo_g5559,Kyarwabuganda,-0.53856,30.647245,2026-08-13,-0.1251827,30.670916,10.7171,50.624733,Moderate
airqo_g5559,Kyarwabuganda,-0.53856,30.647245,2026-08-14,-0.1251827,30.670916,10.7171,50.624733,Moderate
airqo_g5559,Kyarwabuganda,-0.53856,30.647245,2026-08-15,-0.1251827,30.670916,10.7171,50.624733,Moderate
airqo_g5559,Kyarwabuganda,-0.53856,30.647245,2026-08-16,-0.1251827,30.670916,10.7171,50.624733,Moderate
airqo_g5563,Bulange_Mengo,0.310484,32.556839,2026-08-01,-0.14233822,30.184324,10.230509,50.138138,Moderate
airqo_g5563,Bulange_Mengo,0.310484,32.556839,2026-08-02,-0.14233822,30.184324,10.230509,50.138138,Moderate
airqo_g5563,Bulange_Mengo,0.310484,32.556839,2026-08-03,-0.14233822,30.184324,10.230509,50.138138,Moderate
airqo_g5563,Bulange_Mengo,0.310484,32.556839,2026-08-04,-0.14233822,30.184324,10.230509,50.138138,Moderate
airqo_g5563,Bulange_Mengo,0.310484,32.556839,2026-08-05,-0.14233822,30.184324,10.230509,50.138138,Moderate
airqo_g5563,Bulange_Mengo,0.310484,32.556839,2026-08-06,-0.14233822,30.184324,10.230509,50.138138,Moderate
airqo_g5563,Bulange_Mengo,0.310484,32.556839,2026-08-07,-0.14233822,30.184324,10.230509,50.138138,Moderate
airqo_g5563,Bulange_Mengo,0.310484,32.556839,2026-08-08,-0.14233822,30.184324,10.230509,50.138138,Moderate
airqo_g5563,Bulange_Mengo,0.310484,32.556839,2026-08-09,-0.14233822,30.184324,10.230509,50.138138,Moderate
airqo_g5563,Bulange_Mengo,0.310484,32.556839,2026-08-10,-0.14233822,30.184324,10.230509,50.138138,Moderate
airqo_g5563,Bulange_Mengo,0.310484,32.556839,2026-08-11,-0.14233822,30.184324,10.230509,50.138138,Moderate
airqo_g5563,Bulange_Mengo,0.310484,32.556839,2026-08-12,-0.14233822,30.184324,10.230509,50.138138,Moderate
airqo_g5563,Bulange_Mengo,0.310484,32.556839,2026-08-13,-0.14233822,30.184324,10.230509,50.138138,Moderate
airqo_g5563,Bulange_Mengo,0.310484,32.556839,2026-08-14,-0.14233822,30.184324,10.230509,50.138138,Moderate
airqo_g5563,Bulange_Mengo,0.310484,32.556839,2026-08-15,-0.14233822,30.184324,10.230509,50.138138,Moderate
airqo_g5563,Bulange_Mengo,0.310484,32.556839,2026-08-16,-0.14233822,30.184324,10.230509,50.138138,Moderate
airqo_g5564,"Busabala, Wakiso",0.218225,32.617695,2026-08-01,-0.39118394,23.126146,3.1723309,43.079964,Moderate
airqo_g5564,"Busabala, Wakiso",0.218225,32.617695,2026-08-02,-0.39118394,23.126146,3.1723309,43.079964,Moderate
airqo_g5564,"Busabala, Wakiso",0.218225,32.617695,2026-08-03,-0.39118394,23.126146,3.1723309,43.079964,Moderate
airqo_g5564,"Busabala, Wakiso",0.218225,32.617695,2026-08-04,-0.39118394,23.126146,3.1723309,43.079964,Moderate
airqo_g5564,"Busabala, Wakiso",0.218225,32.617695,2026-08-05,-0.39118394,23.126146,3.1723309,43.079964,Moderate
airqo_g5564,"Busabala, Wakiso",0.218225,32.617695,2026-08-06,-0.39118394,23.126146,3.1723309,43.079964,Moderate
airqo_g5564,"Busabala, Wakiso",0.218225,32.617695,2026-08-07,-0.39118394,23.126146,3.1723309,43.079964,Moderate
airqo_g5564,"Busabala, Wakiso",0.218225,32.617695,2026-08-08,-0.39118394,23.126146,3.1723309,43.079964,Moderate
airqo_g5564,"Busabala, Wakiso",0.218225,32.617695,2026-08-09,-0.39118394,23.126146,3.1723309,43.079964,Moderate
airqo_g5564,"Busabala, Wakiso",0.218225,32.617695,2026-08-10,-0.39118394,23.126146,3.1723309,43.079964,Moderate
airqo_g5564,"Busabala, Wakiso",0.218225,32.617695,2026-08-11,-0.39118394,23.126146,3.1723309,43.079964,Moderate
airqo_g5564,"Busabala, Wakiso",0.218225,32.617695,2026-08-12,-0.39118394,23.126146,3.1723309,43.079964,Moderate
airqo_g5564,"Busabala, Wakiso",0.218225,32.617695,2026-08-13,-0.39118394,23.126146,3.1723309,43.079964,Moderate
airqo_g5564,"Busabala, Wakiso",0.218225,32.617695,2026-08-14,-0.39118394,23.126146,3.1723309,43.079964,Moderate
airqo_g5564,"Busabala, Wakiso",0.218225,32.617695,2026-08-15,-0.39118394,23.126146,3.1723309,43.079964,Moderate
airqo_g5564,"Busabala, Wakiso",0.218225,32.617695,2026-08-16,-0.39118394,23.126146,3.1723309,43.079964,Moderate
airqo_g5566,Makerere University Business School(MUBS) Nakawa,0.324032911,32.61826319,2026-08-01,-0.5081474,19.808636,0.0,39.76245,Moderate
airqo_g5566,Makerere University Business School(MUBS) Nakawa,0.324032911,32.61826319,2026-08-02,-0.5081474,19.808636,0.0,39.76245,Moderate
airqo_g5566,Makerere University Business School(MUBS) Nakawa,0.324032911,32.61826319,2026-08-03,-0.5081474,19.808636,0.0,39.76245,Moderate
airqo_g5566,Makerere University Business School(MUBS) Nakawa,0.324032911,32.61826319,2026-08-04,-0.5081474,19.808636,0.0,39.76245,Moderate
airqo_g5566,Makerere University Business School(MUBS) Nakawa,0.324032911,32.61826319,2026-08-05,-0.5081474,19.808636,0.0,39.76245,Moderate
airqo_g5566,Makerere University Business School(MUBS) Nakawa,0.324032911,32.61826319,2026-08-06,-0.5081474,19.808636,0.0,39.76245,Moderate
airqo_g5566,Makerere University Business School(MUBS) Nakawa,0.324032911,32.61826319,2026-08-07,-0.5081474,19.808636,0.0,39.76245,Moderate
airqo_g5566,Makerere University Business School(MUBS) Nakawa,0.324032911,32.61826319,2026-08-08,-0.5081474,19.808636,0.0,39.76245,Moderate
airqo_g5566,Makerere University Business School(MUBS) Nakawa,0.324032911,32.61826319,2026-08-09,-0.5081474,19.808636,0.0,39.76245,Moderate
airqo_g5566,Makerere University Business School(MUBS) Nakawa,0.324032911,32.61826319,2026-08-10,-0.5081474,19.808636,0.0,39.76245,Moderate
airqo_g5566,Makerere University Business School(MUBS) Nakawa,0.324032911,32.61826319,2026-08-11,-0.5081474,19.808636,0.0,39.76245,Moderate
airqo_g5566,Makerere University Business School(MUBS) Nakawa,0.324032911,32.61826319,2026-08-12,-0.5081474,19.808636,0.0,39.76245,Moderate
airqo_g5566,Makerere University Business School(MUBS) Nakawa,0.324032911,32.61826319,2026-08-13,-0.5081474,19.808636,0.0,39.76245,Moderate
airqo_g5566,Makerere University Business School(MUBS) Nakawa,0.324032911,32.61826319,2026-08-14,-0.5081474,19.808636,0.0,39.76245,Moderate
airqo_g5566,Makerere University Business School(MUBS) Nakawa,0.324032911,32.61826319,2026-08-15,-0.5081474,19.808636,0.0,39.76245,Moderate
airqo_g5566,Makerere University Business School(MUBS) Nakawa,0.324032911,32.61826319,2026-08-16,-0.5081474,19.808636,0.0,39.76245,Moderate
airqo_g5567,Kamwokya_OldKiira,0.34431,32.59285,2026-08-01,-0.36259964,23.936903,3.9830875,43.890717,Moderate
airqo_g5567,Kamwokya_OldKiira,0.34431,32.59285,2026-08-02,-0.36259964,23.936903,3.9830875,43.890717,Moderate
airqo_g5567,Kamwokya_OldKiira,0.34431,32.59285,2026-08-03,-0.36259964,23.936903,3.9830875,43.890717,Moderate
airqo_g5567,Kamwokya_OldKiira,0.34431,32.59285,2026-08-04,-0.36259964,23.936903,3.9830875,43.890717,Moderate
airqo_g5567,Kamwokya_OldKiira,0.34431,32.59285,2026-08-05,-0.36259964,23.936903,3.9830875,43.890717,Moderate
airqo_g5567,Kamwokya_OldKiira,0.34431,32.59285,2026-08-06,-0.36259964,23.936903,3.9830875,43.890717,Moderate
airqo_g5567,Kamwokya_OldKiira,0.34431,32.59285,2026-08-07,-0.36259964,23.936903,3.9830875,43.890717,Moderate
airqo_g5567,Kamwokya_OldKiira,0.34431,32.59285,2026-08-08,-0.36259964,23.936903,3.9830875,43.890717,Moderate
airqo_g5567,Kamwokya_OldKiira,0.34431,32.59285,2026-08-09,-0.36259964,23.936903,3.9830875,43.890717,Moderate
airqo_g5567,Kamwokya_OldKiira,0.34431,32.59285,2026-08-10,-0.36259964,23.936903,3.9830875,43.890717,Moderate
airqo_g5567,Kamwokya_OldKiira,0.34431,32.59285,2026-08-11,-0.36259964,23.936903,3.9830875,43.890717,Moderate
airqo_g5567,Kamwokya_OldKiira,0.34431,32.59285,2026-08-12,-0.36259964,23.936903,3.9830875,43.890717,Moderate
airqo_g5567,Kamwokya_OldKiira,0.34431,32.59285,2026-08-13,-0.36259964,23.936903,3.9830875,43.890717,Moderate
airqo_g5567,Kamwokya_OldKiira,0.34431,32.59285,2026-08-14,-0.36259964,23.936903,3.9830875,43.890717,Moderate
airqo_g5567,Kamwokya_OldKiira,0.34431,32.59285,2026-08-15,-0.36259964,23.936903,3.9830875,43.890717,Moderate
airqo_g5567,Kamwokya_OldKiira,0.34431,32.59285,2026-08-16,-0.36259964,23.936903,3.9830875,43.890717,Moderate
airqo_g5568,Kakiika,-0.585995,30.6509275,2026-08-01,-0.13790472,30.310074,10.356258,50.26389,Moderate
airqo_g5568,Kakiika,-0.585995,30.6509275,2026-08-02,-0.13790472,30.310074,10.356258,50.26389,Moderate
airqo_g5568,Kakiika,-0.585995,30.6509275,2026-08-03,-0.13790472,30.310074,10.356258,50.26389,Moderate
airqo_g5568,Kakiika,-0.585995,30.6509275,2026-08-04,-0.13790472,30.310074,10.356258,50.26389,Moderate
airqo_g5568,Kakiika,-0.585995,30.6509275,2026-08-05,-0.13790472,30.310074,10.356258,50.26389,Moderate
airqo_g5568,Kakiika,-0.585995,30.6509275,2026-08-06,-0.13790472,30.310074,10.356258,50.26389,Moderate
airqo_g5568,Kakiika,-0.585995,30.6509275,2026-08-07,-0.13790472,30.310074,10.356258,50.26389,Moderate
airqo_g5568,Kakiika,-0.585995,30.6509275,2026-08-08,-0.13790472,30.310074,10.356258,50.26389,Moderate
airqo_g5568,Kakiika,-0.585995,30.6509275,2026-08-09,-0.13790472,30.310074,10.356258,50.26389,Moderate
airqo_g5568,Kakiika,-0.585995,30.6509275,2026-08-10,-0.13790472,30.310074,10.356258,50.26389,Moderate
airqo_g5568,Kakiika,-0.585995,30.6509275,2026-08-11,-0.13790472,30.310074,10.356258,50.26389,Moderate
airqo_g5568,Kakiika,-0.585995,30.6509275,2026-08-12,-0.13790472,30.310074,10.356258,50.26389,Moderate
airqo_g5568,Kakiika,-0.585995,30.6509275,2026-08-13,-0.13790472,30.310074,10.356258,50.26389,Moderate
airqo_g5568,Kakiika,-0.585995,30.6509275,2026-08-14,-0.13790472,30.310074,10.356258,50.26389,Moderate
airqo_g5568,Kakiika,-0.585995,30.6509275,2026-08-15,-0.13790472,30.310074,10.356258,50.26389,Moderate
airqo_g5568,Kakiika,-0.585995,30.6509275,2026-08-16,-0.13790472,30.310074,10.356258,50.26389,Moderate
airqo_g5569,"Buyala 2, Mpigi",0.313383,32.39913638,2026-08-01,-0.31940606,25.162031,5.2082157,45.115845,Moderate
airqo_g5569,"Buyala 2, Mpigi",0.313383,32.39913638,2026-08-02,-0.31940606,25.162031,5.2082157,45.115845,Moderate
airqo_g5569,"Buyala 2, Mpigi",0.313383,32.39913638,2026-08-03,-0.31940606,25.162031,5.2082157,45.115845,Moderate
airqo_g5569,"Buyala 2, Mpigi",0.313383,32.39913638,2026-08-04,-0.31940606,25.162031,5.2082157,45.115845,Moderate
airqo_g5569,"Buyala 2, Mpigi",0.313383,32.39913638,2026-08-05,-0.31940606,25.162031,5.2082157,45.115845,Moderate
airqo_g5569,"Buyala 2, Mpigi",0.313383,32.39913638,2026-08-06,-0.31940606,25.162031,5.2082157,45.115845,Moderate
airqo_g5569,"Buyala 2, Mpigi",0.313383,32.39913638,2026-08-07,-0.31940606,25.162031,5.2082157,45.115845,Moderate
airqo_g5569,"Buyala 2, Mpigi",0.313383,32.39913638,2026-08-08,-0.31940606,25.162031,5.2082157,45.115845,Moderate
airqo_g5569,"Buyala 2, Mpigi",0.313383,32.39913638,2026-08-09,-0.31940606,25.162031,5.2082157,45.115845,Moderate
airqo_g5569,"Buyala 2, Mpigi",0.313383,32.39913638,2026-08-10,-0.31940606,25.162031,5.2082157,45.115845,Moderate
airqo_g5569,"Buyala 2, Mpigi",0.313383,32.39913638,2026-08-11,-0.31940606,25.162031,5.2082157,45.115845,Moderate
airqo_g5569,"Buyala 2, Mpigi",0.313383,32.39913638,2026-08-12,-0.31940606,25.162031,5.2082157,45.115845,Moderate
airqo_g5569,"Buyala 2, Mpigi",0.313383,32.39913638,2026-08-13,-0.31940606,25.162031,5.2082157,45.115845,Moderate
airqo_g5569,"Buyala 2, Mpigi",0.313383,32.39913638,2026-08-14,-0.31940606,25.162031,5.2082157,45.115845,Moderate
airqo_g5569,"Buyala 2, Mpigi",0.313383,32.39913638,2026-08-15,-0.31940606,25.162031,5.2082157,45.115845,Moderate
airqo_g5569,"Buyala 2, Mpigi",0.313383,32.39913638,2026-08-16,-0.31940606,25.162031,5.2082157,45.115845,Moderate
airqo_g5570,Biharwe,-0.52575,30.733925,2026-08-01,-0.11668956,30.911814,10.957998,50.86563,Moderate
airqo_g5570,Biharwe,-0.52575,30.733925,2026-08-02,-0.11668956,30.911814,10.957998,50.86563,Moderate
airqo_g5570,Biharwe,-0.52575,30.733925,2026-08-03,-0.11668956,30.911814,10.957998,50.86563,Moderate
airqo_g5570,Biharwe,-0.52575,30.733925,2026-08-04,-0.11668956,30.911814,10.957998,50.86563,Moderate
airqo_g5570,Biharwe,-0.52575,30.733925,2026-08-05,-0.11668956,30.911814,10.957998,50.86563,Moderate
airqo_g5570,Biharwe,-0.52575,30.733925,2026-08-06,-0.11668956,30.911814,10.957998,50.86563,Moderate
airqo_g5570,Biharwe,-0.52575,30.733925,2026-08-07,-0.11668956,30.911814,10.957998,50.86563,Moderate
airqo_g5570,Biharwe,-0.52575,30.733925,2026-08-08,-0.11668956,30.911814,10.957998,50.86563,Moderate
airqo_g5570,Biharwe,-0.52575,30.733925,2026-08-09,-0.11668956,30.911814,10.957998,50.86563,Moderate
airqo_g5570,Biharwe,-0.52575,30.733925,2026-08-10,-0.11668956,30.911814,10.957998,50.86563,Moderate
airqo_g5570,Biharwe,-0.52575,30.733925,2026-08-11,-0.11668956,30.911814,10.957998,50.86563,Moderate
airqo_g5570,Biharwe,-0.52575,30.733925,2026-08-12,-0.11668956,30.911814,10.957998,50.86563,Moderate
airqo_g5570,Biharwe,-0.52575,30.733925,2026-08-13,-0.11668956,30.911814,10.957998,50.86563,Moderate
airqo_g5570,Biharwe,-0.52575,30.733925,2026-08-14,-0.11668956,30.911814,10.957998,50.86563,Moderate
airqo_g5570,Biharwe,-0.52575,30.733925,2026-08-15,-0.11668956,30.911814,10.957998,50.86563,Moderate
airqo_g5570,Biharwe,-0.52575,30.733925,2026-08-16,-0.11668956,30.911814,10.957998,50.86563,Moderate
airqo_g5573,Buyala 1 Mpigi,0.313564404,32.40558768,2026-08-01,-0.43067122,22.006144,2.052328,41.95996,Moderate
airqo_g5573,Buyala 1 Mpigi,0.313564404,32.40558768,2026-08-02,-0.43067122,22.006144,2.052328,41.95996,Moderate
airqo_g5573,Buyala 1 Mpigi,0.313564404,32.40558768,2026-08-03,-0.43067122,22.006144,2.052328,41.95996,Moderate
airqo_g5573,Buyala 1 Mpigi,0.313564404,32.40558768,2026-08-04,-0.43067122,22.006144,2.052328,41.95996,Moderate
airqo_g5573,Buyala 1 Mpigi,0.313564404,32.40558768,2026-08-05,-0.43067122,22.006144,2.052328,41.95996,Moderate
airqo_g5573,Buyala 1 Mpigi,0.313564404,32.40558768,2026-08-06,-0.43067122,22.006144,2.052328,41.95996,Moderate
airqo_g5573,Buyala 1 Mpigi,0.313564404,32.40558768,2026-08-07,-0.43067122,22.006144,2.052328,41.95996,Moderate
airqo_g5573,Buyala 1 Mpigi,0.313564404,32.40558768,2026-08-08,-0.43067122,22.006144,2.052328,41.95996,Moderate
airqo_g5573,Buyala 1 Mpigi,0.313564404,32.40558768,2026-08-09,-0.43067122,22.006144,2.052328,41.95996,Moderate
airqo_g5573,Buyala 1 Mpigi,0.313564404,32.40558768,2026-08-10,-0.43067122,22.006144,2.052328,41.95996,Moderate
airqo_g5573,Buyala 1 Mpigi,0.313564404,32.40558768,2026-08-11,-0.43067122,22.006144,2.052328,41.95996,Moderate
airqo_g5573,Buyala 1 Mpigi,0.313564404,32.40558768,2026-08-12,-0.43067122,22.006144,2.052328,41.95996,Moderate
airqo_g5573,Buyala 1 Mpigi,0.313564404,32.40558768,2026-08-13,-0.43067122,22.006144,2.052328,41.95996,Moderate
airqo_g5573,Buyala 1 Mpigi,0.313564404,32.40558768,2026-08-14,-0.43067122,22.006144,2.052328,41.95996,Moderate
airqo_g5573,Buyala 1 Mpigi,0.313564404,32.40558768,2026-08-15,-0.43067122,22.006144,2.052328,41.95996,Moderate
airqo_g5573,Buyala 1 Mpigi,0.313564404,32.40558768,2026-08-16,-0.43067122,22.006144,2.052328,41.95996,Moderate
aq_04,St.Paul Kyebando C/U Primary School,0.35875,32.584257,2026-08-01,-0.3034146,25.615608,5.6617928,45.569424,Moderate
aq_04,St.Paul Kyebando C/U Primary School,0.35875,32.584257,2026-08-02,-0.3034146,25.615608,5.6617928,45.569424,Moderate
aq_04,St.Paul Kyebando C/U Primary School,0.35875,32.584257,2026-08-03,-0.3034146,25.615608,5.6617928,45.569424,Moderate
aq_04,St.Paul Kyebando C/U Primary School,0.35875,32.584257,2026-08-04,-0.3034146,25.615608,5.6617928,45.569424,Moderate
aq_04,St.Paul Kyebando C/U Primary School,0.35875,32.584257,2026-08-05,-0.3034146,25.615608,5.6617928,45.569424,Moderate
aq_04,St.Paul Kyebando C/U Primary School,0.35875,32.584257,2026-08-06,-0.3034146,25.615608,5.6617928,45.569424,Moderate
aq_04,St.Paul Kyebando C/U Primary School,0.35875,32.584257,2026-08-07,-0.3034146,25.615608,5.6617928,45.569424,Moderate
aq_04,St.Paul Kyebando C/U Primary School,0.35875,32.584257,2026-08-08,-0.3034146,25.615608,5.6617928,45.569424,Moderate
aq_04,St.Paul Kyebando C/U Primary School,0.35875,32.584257,2026-08-09,-0.3034146,25.615608,5.6617928,45.569424,Moderate
aq_04,St.Paul Kyebando C/U Primary School,0.35875,32.584257,2026-08-10,-0.3034146,25.615608,5.6617928,45.569424,Moderate
aq_04,St.Paul Kyebando C/U Primary School,0.35875,32.584257,2026-08-11,-0.3034146,25.615608,5.6617928,45.569424,Moderate
aq_04,St.Paul Kyebando C/U Primary School,0.35875,32.584257,2026-08-12,-0.3034146,25.615608,5.6617928,45.569424,Moderate
aq_04,St.Paul Kyebando C/U Primary School,0.35875,32.584257,2026-08-13,-0.3034146,25.615608,5.6617928,45.569424,Moderate
aq_04,St.Paul Kyebando C/U Primary School,0.35875,32.584257,2026-08-14,-0.3034146,25.615608,5.6617928,45.569424,Moderate
aq_04,St.Paul Kyebando C/U Primary School,0.35875,32.584257,2026-08-15,-0.3034146,25.615608,5.6617928,45.569424,Moderate
aq_04,St.Paul Kyebando C/U Primary School,0.35875,32.584257,2026-08-16,-0.3034146,25.615608,5.6617928,45.569424,Moderate
aq_10,"Rwengoma, Kabarole",0.657624,30.26763,2026-08-01,-0.44282183,21.661509,1.7076931,41.615326,Moderate
aq_10,"Rwengoma, Kabarole",0.657624,30.26763,2026-08-02,-0.44282183,21.661509,1.7076931,41.615326,Moderate
aq_10,"Rwengoma, Kabarole",0.657624,30.26763,2026-08-03,-0.44282183,21.661509,1.7076931,41.615326,Moderate
aq_10,"Rwengoma, Kabarole",0.657624,30.26763,2026-08-04,-0.44282183,21.661509,1.7076931,41.615326,Moderate
aq_10,"Rwengoma, Kabarole",0.657624,30.26763,2026-08-05,-0.44282183,21.661509,1.7076931,41.615326,Moderate
aq_10,"Rwengoma, Kabarole",0.657624,30.26763,2026-08-06,-0.44282183,21.661509,1.7076931,41.615326,Moderate
aq_10,"Rwengoma, Kabarole",0.657624,30.26763,2026-08-07,-0.44282183,21.661509,1.7076931,41.615326,Moderate
aq_10,"Rwengoma, Kabarole",0.657624,30.26763,2026-08-08,-0.44282183,21.661509,1.7076931,41.615326,Moderate
aq_10,"Rwengoma, Kabarole",0.657624,30.26763,2026-08-09,-0.44282183,21.661509,1.7076931,41.615326,Moderate
aq_10,"Rwengoma, Kabarole",0.657624,30.26763,2026-08-10,-0.44282183,21.661509,1.7076931,41.615326,Moderate
aq_10,"Rwengoma, Kabarole",0.657624,30.26763,2026-08-11,-0.44282183,21.661509,1.7076931,41.615326,Moderate
aq_10,"Rwengoma, Kabarole",0.657624,30.26763,2026-08-12,-0.44282183,21.661509,1.7076931,41.615326,Moderate
aq_10,"Rwengoma, Kabarole",0.657624,30.26763,2026-08-13,-0.44282183,21.661509,1.7076931,41.615326,Moderate
aq_10,"Rwengoma, Kabarole",0.657624,30.26763,2026-08-14,-0.44282183,21.661509,1.7076931,41.615326,Moderate
aq_10,"Rwengoma, Kabarole",0.657624,30.26763,2026-08-15,-0.44282183,21.661509,1.7076931,41.615326,Moderate
aq_10,"Rwengoma, Kabarole",0.657624,30.26763,2026-08-16,-0.44282183,21.661509,1.7076931,41.615326,Moderate
aq_18,"Pramukh steel Limited, Njeru ,Jinja",0.455323,33.161013665,2026-08-01,-0.4640764,21.058651,1.1048355,41.012466,Moderate
aq_18,"Pramukh steel Limited, Njeru ,Jinja",0.455323,33.161013665,2026-08-02,-0.4640764,21.058651,1.1048355,41.012466,Moderate
aq_18,"Pramukh steel Limited, Njeru ,Jinja",0.455323,33.161013665,2026-08-03,-0.4640764,21.058651,1.1048355,41.012466,Moderate
aq_18,"Pramukh steel Limited, Njeru ,Jinja",0.455323,33.161013665,2026-08-04,-0.4640764,21.058651,1.1048355,41.012466,Moderate
aq_18,"Pramukh steel Limited, Njeru ,Jinja",0.455323,33.161013665,2026-08-05,-0.4640764,21.058651,1.1048355,41.012466,Moderate
aq_18,"Pramukh steel Limited, Njeru ,Jinja",0.455323,33.161013665,2026-08-06,-0.4640764,21.058651,1.1048355,41.012466,Moderate
aq_18,"Pramukh steel Limited, Njeru ,Jinja",0.455323,33.161013665,2026-08-07,-0.4640764,21.058651,1.1048355,41.012466,Moderate
aq_18,"Pramukh steel Limited, Njeru ,Jinja",0.455323,33.161013665,2026-08-08,-0.4640764,21.058651,1.1048355,41.012466,Moderate
aq_18,"Pramukh steel Limited, Njeru ,Jinja",0.455323,33.161013665,2026-08-09,-0.4640764,21.058651,1.1048355,41.012466,Moderate
aq_18,"Pramukh steel Limited, Njeru ,Jinja",0.455323,33.161013665,2026-08-10,-0.4640764,21.058651,1.1048355,41.012466,Moderate
aq_18,"Pramukh steel Limited, Njeru ,Jinja",0.455323,33.161013665,2026-08-11,-0.4640764,21.058651,1.1048355,41.012466,Moderate
aq_18,"Pramukh steel Limited, Njeru ,Jinja",0.455323,33.161013665,2026-08-12,-0.4640764,21.058651,1.1048355,41.012466,Moderate
aq_18,"Pramukh steel Limited, Njeru ,Jinja",0.455323,33.161013665,2026-08-13,-0.4640764,21.058651,1.1048355,41.012466,Moderate
aq_18,"Pramukh steel Limited, Njeru ,Jinja",0.455323,33.161013665,2026-08-14,-0.4640764,21.058651,1.1048355,41.012466,Moderate
aq_18,"Pramukh steel Limited, Njeru ,Jinja",0.455323,33.161013665,2026-08-15,-0.4640764,21.058651,1.1048355,41.012466,Moderate
aq_18,"Pramukh steel Limited, Njeru ,Jinja",0.455323,33.161013665,2026-08-16,-0.4640764,21.058651,1.1048355,41.012466,Moderate
aq_23,"Jinja Main Street, Jinja",0.43082,33.21045,2026-08-01,-0.49274072,20.245626,0.291811,40.19944,Moderate
aq_23,"Jinja Main Street, Jinja",0.43082,33.21045,2026-08-02,-0.49274072,20.245626,0.291811,40.19944,Moderate
aq_23,"Jinja Main Street, Jinja",0.43082,33.21045,2026-08-03,-0.49274072,20.245626,0.291811,40.19944,Moderate
aq_23,"Jinja Main Street, Jinja",0.43082,33.21045,2026-08-04,-0.49274072,20.245626,0.291811,40.19944,Moderate
aq_23,"Jinja Main Street, Jinja",0.43082,33.21045,2026-08-05,-0.49274072,20.245626,0.291811,40.19944,Moderate
aq_23,"Jinja Main Street, Jinja",0.43082,33.21045,2026-08-06,-0.49274072,20.245626,0.291811,40.19944,Moderate
aq_23,"Jinja Main Street, Jinja",0.43082,33.21045,2026-08-07,-0.49274072,20.245626,0.291811,40.19944,Moderate
aq_23,"Jinja Main Street, Jinja",0.43082,33.21045,2026-08-08,-0.49274072,20.245626,0.291811,40.19944,Moderate
aq_23,"Jinja Main Street, Jinja",0.43082,33.21045,2026-08-09,-0.49274072,20.245626,0.291811,40.19944,Moderate
aq_23,"Jinja Main Street, Jinja",0.43082,33.21045,2026-08-10,-0.49274072,20.245626,0.291811,40.19944,Moderate
aq_23,"Jinja Main Street, Jinja",0.43082,33.21045,2026-08-11,-0.49274072,20.245626,0.291811,40.19944,Moderate
aq_23,"Jinja Main Street, Jinja",0.43082,33.21045,2026-08-12,-0.49274072,20.245626,0.291811,40.19944,Moderate
aq_23,"Jinja Main Street, Jinja",0.43082,33.21045,2026-08-13,-0.49274072,20.245626,0.291811,40.19944,Moderate
aq_23,"Jinja Main Street, Jinja",0.43082,33.21045,2026-08-14,-0.49274072,20.245626,0.291811,40.19944,Moderate
aq_23,"Jinja Main Street, Jinja",0.43082,33.21045,2026-08-15,-0.49274072,20.245626,0.291811,40.19944,Moderate
aq_23,"Jinja Main Street, Jinja",0.43082,33.21045,2026-08-16,-0.49274072,20.245626,0.291811,40.19944,Moderate
aq_27,"Njeru PSL 2(Pramukh steel limited, Jinja)",0.45623,33.161148,2026-08-01,-0.55433017,18.498722,0.0,38.452538,Moderate
aq_27,"Njeru PSL 2(Pramukh steel limited, Jinja)",0.45623,33.161148,2026-08-02,-0.55433017,18.498722,0.0,38.452538,Moderate
aq_27,"Njeru PSL 2(Pramukh steel limited, Jinja)",0.45623,33.161148,2026-08-03,-0.55433017,18.498722,0.0,38.452538,Moderate
aq_27,"Njeru PSL 2(Pramukh steel limited, Jinja)",0.45623,33.161148,2026-08-04,-0.55433017,18.498722,0.0,38.452538,Moderate
aq_27,"Njeru PSL 2(Pramukh steel limited, Jinja)",0.45623,33.161148,2026-08-05,-0.55433017,18.498722,0.0,38.452538,Moderate
aq_27,"Njeru PSL 2(Pramukh steel limited, Jinja)",0.45623,33.161148,2026-08-06,-0.55433017,18.498722,0.0,38.452538,Moderate
aq_27,"Njeru PSL 2(Pramukh steel limited, Jinja)",0.45623,33.161148,2026-08-07,-0.55433017,18.498722,0.0,38.452538,Moderate
aq_27,"Njeru PSL 2(Pramukh steel limited, Jinja)",0.45623,33.161148,2026-08-08,-0.55433017,18.498722,0.0,38.452538,Moderate
aq_27,"Njeru PSL 2(Pramukh steel limited, Jinja)",0.45623,33.161148,2026-08-09,-0.55433017,18.498722,0.0,38.452538,Moderate
aq_27,"Njeru PSL 2(Pramukh steel limited, Jinja)",0.45623,33.161148,2026-08-10,-0.55433017,18.498722,0.0,38.452538,Moderate
aq_27,"Njeru PSL 2(Pramukh steel limited, Jinja)",0.45623,33.161148,2026-08-11,-0.55433017,18.498722,0.0,38.452538,Moderate
aq_27,"Njeru PSL 2(Pramukh steel limited, Jinja)",0.45623,33.161148,2026-08-12,-0.55433017,18.498722,0.0,38.452538,Moderate
aq_27,"Njeru PSL 2(Pramukh steel limited, Jinja)",0.45623,33.161148,2026-08-13,-0.55433017,18.498722,0.0,38.452538,Moderate
aq_27,"Njeru PSL 2(Pramukh steel limited, Jinja)",0.45623,33.161148,2026-08-14,-0.55433017,18.498722,0.0,38.452538,Moderate
aq_27,"Njeru PSL 2(Pramukh steel limited, Jinja)",0.45623,33.161148,2026-08-15,-0.55433017,18.498722,0.0,38.452538,Moderate
aq_27,"Njeru PSL 2(Pramukh steel limited, Jinja)",0.45623,33.161148,2026-08-16,-0.55433017,18.498722,0.0,38.452538,Moderate
aq_39,"Rubaga, Kampala",0.29787,32.55497,2026-08-01,-0.042377446,33.019577,13.065762,52.973392,Moderate
aq_39,"Rubaga, Kampala",0.29787,32.55497,2026-08-02,-0.042377446,33.019577,13.065762,52.973392,Moderate
aq_39,"Rubaga, Kampala",0.29787,32.55497,2026-08-03,-0.042377446,33.019577,13.065762,52.973392,Moderate
aq_39,"Rubaga, Kampala",0.29787,32.55497,2026-08-04,-0.042377446,33.019577,13.065762,52.973392,Moderate
aq_39,"Rubaga, Kampala",0.29787,32.55497,2026-08-05,-0.042377446,33.019577,13.065762,52.973392,Moderate
aq_39,"Rubaga, Kampala",0.29787,32.55497,2026-08-06,-0.042377446,33.019577,13.065762,52.973392,Moderate
aq_39,"Rubaga, Kampala",0.29787,32.55497,2026-08-07,-0.042377446,33.019577,13.065762,52.973392,Moderate
aq_39,"Rubaga, Kampala",0.29787,32.55497,2026-08-08,-0.042377446,33.019577,13.065762,52.973392,Moderate
aq_39,"Rubaga, Kampala",0.29787,32.55497,2026-08-09,-0.042377446,33.019577,13.065762,52.973392,Moderate
aq_39,"Rubaga, Kampala",0.29787,32.55497,2026-08-10,-0.042377446,33.019577,13.065762,52.973392,Moderate
aq_39,"Rubaga, Kampala",0.29787,32.55497,2026-08-11,-0.042377446,33.019577,13.065762,52.973392,Moderate
aq_39,"Rubaga, Kampala",0.29787,32.55497,2026-08-12,-0.042377446,33.019577,13.065762,52.973392,Moderate
aq_39,"Rubaga, Kampala",0.29787,32.55497,2026-08-13,-0.042377446,33.019577,13.065762,52.973392,Moderate
aq_39,"Rubaga, Kampala",0.29787,32.55497,2026-08-14,-0.042377446,33.019577,13.065762,52.973392,Moderate
aq_39,"Rubaga, Kampala",0.29787,32.55497,2026-08-15,-0.042377446,33.019577,13.065762,52.973392,Moderate
aq_39,"Rubaga, Kampala",0.29787,32.55497,2026-08-16,-0.042377446,33.019577,13.065762,52.973392,Moderate
aq_40,"Central Ward, Mityana",0.40039,32.04201,2026-08-01,-0.14006929,30.24868,10.294865,50.202496,Moderate
aq_40,"Central Ward, Mityana",0.40039,32.04201,2026-08-02,-0.14006929,30.24868,10.294865,50.202496,Moderate
aq_40,"Central Ward, Mityana",0.40039,32.04201,2026-08-03,-0.14006929,30.24868,10.294865,50.202496,Moderate
aq_40,"Central Ward, Mityana",0.40039,32.04201,2026-08-04,-0.14006929,30.24868,10.294865,50.202496,Moderate
aq_40,"Central Ward, Mityana",0.40039,32.04201,2026-08-05,-0.14006929,30.24868,10.294865,50.202496,Moderate
aq_40,"Central Ward, Mityana",0.40039,32.04201,2026-08-06,-0.14006929,30.24868,10.294865,50.202496,Moderate
aq_40,"Central Ward, Mityana",0.40039,32.04201,2026-08-07,-0.14006929,30.24868,10.294865,50.202496,Moderate
aq_40,"Central Ward, Mityana",0.40039,32.04201,2026-08-08,-0.14006929,30.24868,10.294865,50.202496,Moderate
aq_40,"Central Ward, Mityana",0.40039,32.04201,2026-08-09,-0.14006929,30.24868,10.294865,50.202496,Moderate
aq_40,"Central Ward, Mityana",0.40039,32.04201,2026-08-10,-0.14006929,30.24868,10.294865,50.202496,Moderate
aq_40,"Central Ward, Mityana",0.40039,32.04201,2026-08-11,-0.14006929,30.24868,10.294865,50.202496,Moderate
aq_40,"Central Ward, Mityana",0.40039,32.04201,2026-08-12,-0.14006929,30.24868,10.294865,50.202496,Moderate
aq_40,"Central Ward, Mityana",0.40039,32.04201,2026-08-13,-0.14006929,30.24868,10.294865,50.202496,Moderate
aq_40,"Central Ward, Mityana",0.40039,32.04201,2026-08-14,-0.14006929,30.24868,10.294865,50.202496,Moderate
aq_40,"Central Ward, Mityana",0.40039,32.04201,2026-08-15,-0.14006929,30.24868,10.294865,50.202496,Moderate
aq_40,"Central Ward, Mityana",0.40039,32.04201,2026-08-16,-0.14006929,30.24868,10.294865,50.202496,Moderate
aq_43,"Makindye, Lukuli Makindye",0.2714,32.5917,2026-08-01,-0.27533343,26.412092,6.4582767,46.365906,Moderate
aq_43,"Makindye, Lukuli Makindye",0.2714,32.5917,2026-08-02,-0.27533343,26.412092,6.4582767,46.365906,Moderate
aq_43,"Makindye, Lukuli Makindye",0.2714,32.5917,2026-08-03,-0.27533343,26.412092,6.4582767,46.365906,Moderate
aq_43,"Makindye, Lukuli Makindye",0.2714,32.5917,2026-08-04,-0.27533343,26.412092,6.4582767,46.365906,Moderate
aq_43,"Makindye, Lukuli Makindye",0.2714,32.5917,2026-08-05,-0.27533343,26.412092,6.4582767,46.365906,Moderate
aq_43,"Makindye, Lukuli Makindye",0.2714,32.5917,2026-08-06,-0.27533343,26.412092,6.4582767,46.365906,Moderate
aq_43,"Makindye, Lukuli Makindye",0.2714,32.5917,2026-08-07,-0.27533343,26.412092,6.4582767,46.365906,Moderate
aq_43,"Makindye, Lukuli Makindye",0.2714,32.5917,2026-08-08,-0.27533343,26.412092,6.4582767,46.365906,Moderate
aq_43,"Makindye, Lukuli Makindye",0.2714,32.5917,2026-08-09,-0.27533343,26.412092,6.4582767,46.365906,Moderate
aq_43,"Makindye, Lukuli Makindye",0.2714,32.5917,2026-08-10,-0.27533343,26.412092,6.4582767,46.365906,Moderate
aq_43,"Makindye, Lukuli Makindye",0.2714,32.5917,2026-08-11,-0.27533343,26.412092,6.4582767,46.365906,Moderate
aq_43,"Makindye, Lukuli Makindye",0.2714,32.5917,2026-08-12,-0.27533343,26.412092,6.4582767,46.365906,Moderate
aq_43,"Makindye, Lukuli Makindye",0.2714,32.5917,2026-08-13,-0.27533343,26.412092,6.4582767,46.365906,Moderate
aq_43,"Makindye, Lukuli Makindye",0.2714,32.5917,2026-08-14,-0.27533343,26.412092,6.4582767,46.365906,Moderate
aq_43,"Makindye, Lukuli Makindye",0.2714,32.5917,2026-08-15,-0.27533343,26.412092,6.4582767,46.365906,Moderate
aq_43,"Makindye, Lukuli Makindye",0.2714,32.5917,2026-08-16,-0.27533343,26.412092,6.4582767,46.365906,Moderate
aq_44,"Naguru II, Nakawa",0.3412,32.602,2026-08-01,-0.38342318,23.346273,3.392458,43.300087,Moderate
aq_44,"Naguru II, Nakawa",0.3412,32.602,2026-08-02,-0.38342318,23.346273,3.392458,43.300087,Moderate
aq_44,"Naguru II, Nakawa",0.3412,32.602,2026-08-03,-0.38342318,23.346273,3.392458,43.300087,Moderate
aq_44,"Naguru II, Nakawa",0.3412,32.602,2026-08-04,-0.38342318,23.346273,3.392458,43.300087,Moderate
aq_44,"Naguru II, Nakawa",0.3412,32.602,2026-08-05,-0.38342318,23.346273,3.392458,43.300087,Moderate
aq_44,"Naguru II, Nakawa",0.3412,32.602,2026-08-06,-0.38342318,23.346273,3.392458,43.300087,Moderate
aq_44,"Naguru II, Nakawa",0.3412,32.602,2026-08-07,-0.38342318,23.346273,3.392458,43.300087,Moderate
aq_44,"Naguru II, Nakawa",0.3412,32.602,2026-08-08,-0.38342318,23.346273,3.392458,43.300087,Moderate
aq_44,"Naguru II, Nakawa",0.3412,32.602,2026-08-09,-0.38342318,23.346273,3.392458,43.300087,Moderate
aq_44,"Naguru II, Nakawa",0.3412,32.602,2026-08-10,-0.38342318,23.346273,3.392458,43.300087,Moderate
aq_44,"Naguru II, Nakawa",0.3412,32.602,2026-08-11,-0.38342318,23.346273,3.392458,43.300087,Moderate
aq_44,"Naguru II, Nakawa",0.3412,32.602,2026-08-12,-0.38342318,23.346273,3.392458,43.300087,Moderate
aq_44,"Naguru II, Nakawa",0.3412,32.602,2026-08-13,-0.38342318,23.346273,3.392458,43.300087,Moderate
aq_44,"Naguru II, Nakawa",0.3412,32.602,2026-08-14,-0.38342318,23.346273,3.392458,43.300087,Moderate
aq_44,"Naguru II, Nakawa",0.3412,32.602,2026-08-15,-0.38342318,23.346273,3.392458,43.300087,Moderate
aq_44,"Naguru II, Nakawa",0.3412,32.602,2026-08-16,-0.38342318,23.346273,3.392458,43.300087,Moderate
aq_46,ACCACIA ACADEMY MUYENGA,0.29883542949999997,32.614945075,2026-08-01,-0.074321635,32.11352,12.159706,52.067337,Moderate
aq_46,ACCACIA ACADEMY MUYENGA,0.29883542949999997,32.614945075,2026-08-02,-0.074321635,32.11352,12.159706,52.067337,Moderate
aq_46,ACCACIA ACADEMY MUYENGA,0.29883542949999997,32.614945075,2026-08-03,-0.074321635,32.11352,12.159706,52.067337,Moderate
aq_46,ACCACIA ACADEMY MUYENGA,0.29883542949999997,32.614945075,2026-08-04,-0.074321635,32.11352,12.159706,52.067337,Moderate
aq_46,ACCACIA ACADEMY MUYENGA,0.29883542949999997,32.614945075,2026-08-05,-0.074321635,32.11352,12.159706,52.067337,Moderate
aq_46,ACCACIA ACADEMY MUYENGA,0.29883542949999997,32.614945075,2026-08-06,-0.074321635,32.11352,12.159706,52.067337,Moderate
aq_46,ACCACIA ACADEMY MUYENGA,0.29883542949999997,32.614945075,2026-08-07,-0.074321635,32.11352,12.159706,52.067337,Moderate
aq_46,ACCACIA ACADEMY MUYENGA,0.29883542949999997,32.614945075,2026-08-08,-0.074321635,32.11352,12.159706,52.067337,Moderate
aq_46,ACCACIA ACADEMY MUYENGA,0.29883542949999997,32.614945075,2026-08-09,-0.074321635,32.11352,12.159706,52.067337,Moderate
aq_46,ACCACIA ACADEMY MUYENGA,0.29883542949999997,32.614945075,2026-08-10,-0.074321635,32.11352,12.159706,52.067337,Moderate
aq_46,ACCACIA ACADEMY MUYENGA,0.29883542949999997,32.614945075,2026-08-11,-0.074321635,32.11352,12.159706,52.067337,Moderate
aq_46,ACCACIA ACADEMY MUYENGA,0.29883542949999997,32.614945075,2026-08-12,-0.074321635,32.11352,12.159706,52.067337,Moderate
aq_46,ACCACIA ACADEMY MUYENGA,0.29883542949999997,32.614945075,2026-08-13,-0.074321635,32.11352,12.159706,52.067337,Moderate
aq_46,ACCACIA ACADEMY MUYENGA,0.29883542949999997,32.614945075,2026-08-14,-0.074321635,32.11352,12.159706,52.067337,Moderate
aq_46,ACCACIA ACADEMY MUYENGA,0.29883542949999997,32.614945075,2026-08-15,-0.074321635,32.11352,12.159706,52.067337,Moderate
aq_46,ACCACIA ACADEMY MUYENGA,0.29883542949999997,32.614945075,2026-08-16,-0.074321635,32.11352,12.159706,52.067337,Moderate
aq_47,"Bukoto I, Kawempe",0.351653051,32.59122984,2026-08-01,0.012913917,34.587845,14.634029,54.54166,Moderate
aq_47,"Bukoto I, Kawempe",0.351653051,32.59122984,2026-08-02,0.012913917,34.587845,14.634029,54.54166,Moderate
aq_47,"Bukoto I, Kawempe",0.351653051,32.59122984,2026-08-03,0.012913917,34.587845,14.634029,54.54166,Moderate
aq_47,"Bukoto I, Kawempe",0.351653051,32.59122984,2026-08-04,0.012913917,34.587845,14.634029,54.54166,Moderate
aq_47,"Bukoto I, Kawempe",0.351653051,32.59122984,2026-08-05,0.012913917,34.587845,14.634029,54.54166,Moderate
aq_47,"Bukoto I, Kawempe",0.351653051,32.59122984,2026-08-06,0.012913917,34.587845,14.634029,54.54166,Moderate
aq_47,"Bukoto I, Kawempe",0.351653051,32.59122984,2026-08-07,0.012913917,34.587845,14.634029,54.54166,Moderate
aq_47,"Bukoto I, Kawempe",0.351653051,32.59122984,2026-08-08,0.012913917,34.587845,14.634029,54.54166,Moderate
aq_47,"Bukoto I, Kawempe",0.351653051,32.59122984,2026-08-09,0.012913917,34.587845,14.634029,54.54166,Moderate
aq_47,"Bukoto I, Kawempe",0.351653051,32.59122984,2026-08-10,0.012913917,34.587845,14.634029,54.54166,Moderate
aq_47,"Bukoto I, Kawempe",0.351653051,32.59122984,2026-08-11,0.012913917,34.587845,14.634029,54.54166,Moderate
aq_47,"Bukoto I, Kawempe",0.351653051,32.59122984,2026-08-12,0.012913917,34.587845,14.634029,54.54166,Moderate
aq_47,"Bukoto I, Kawempe",0.351653051,32.59122984,2026-08-13,0.012913917,34.587845,14.634029,54.54166,Moderate
aq_47,"Bukoto I, Kawempe",0.351653051,32.59122984,2026-08-14,0.012913917,34.587845,14.634029,54.54166,Moderate
aq_47,"Bukoto I, Kawempe",0.351653051,32.59122984,2026-08-15,0.012913917,34.587845,14.634029,54.54166,Moderate
aq_47,"Bukoto I, Kawempe",0.351653051,32.59122984,2026-08-16,0.012913917,34.587845,14.634029,54.54166,Moderate
aq_48,"Seguku, Makindye-Ssabagabo",0.233637228,32.563469475000005,2026-08-01,-0.059390295,32.53703,12.583214,52.490845,Moderate
aq_48,"Seguku, Makindye-Ssabagabo",0.233637228,32.563469475000005,2026-08-02,-0.059390295,32.53703,12.583214,52.490845,Moderate
aq_48,"Seguku, Makindye-Ssabagabo",0.233637228,32.563469475000005,2026-08-03,-0.059390295,32.53703,12.583214,52.490845,Moderate
aq_48,"Seguku, Makindye-Ssabagabo",0.233637228,32.563469475000005,2026-08-04,-0.059390295,32.53703,12.583214,52.490845,Moderate
aq_48,"Seguku, Makindye-Ssabagabo",0.233637228,32.563469475000005,2026-08-05,-0.059390295,32.53703,12.583214,52.490845,Moderate
aq_48,"Seguku, Makindye-Ssabagabo",0.233637228,32.563469475000005,2026-08-06,-0.059390295,32.53703,12.583214,52.490845,Moderate
aq_48,"Seguku, Makindye-Ssabagabo",0.233637228,32.563469475000005,2026-08-07,-0.059390295,32.53703,12.583214,52.490845,Moderate
aq_48,"Seguku, Makindye-Ssabagabo",0.233637228,32.563469475000005,2026-08-08,-0.059390295,32.53703,12.583214,52.490845,Moderate
aq_48,"Seguku, Makindye-Ssabagabo",0.233637228,32.563469475000005,2026-08-09,-0.059390295,32.53703,12.583214,52.490845,Moderate
aq_48,"Seguku, Makindye-Ssabagabo",0.233637228,32.563469475000005,2026-08-10,-0.059390295,32.53703,12.583214,52.490845,Moderate
aq_48,"Seguku, Makindye-Ssabagabo",0.233637228,32.563469475000005,2026-08-11,-0.059390295,32.53703,12.583214,52.490845,Moderate
aq_48,"Seguku, Makindye-Ssabagabo",0.233637228,32.563469475000005,2026-08-12,-0.059390295,32.53703,12.583214,52.490845,Moderate
aq_48,"Seguku, Makindye-Ssabagabo",0.233637228,32.563469475000005,2026-08-13,-0.059390295,32.53703,12.583214,52.490845,Moderate
aq_48,"Seguku, Makindye-Ssabagabo",0.233637228,32.563469475000005,2026-08-14,-0.059390295,32.53703,12.583214,52.490845,Moderate
aq_48,"Seguku, Makindye-Ssabagabo",0.233637228,32.563469475000005,2026-08-15,-0.059390295,32.53703,12.583214,52.490845,Moderate
aq_48,"Seguku, Makindye-Ssabagabo",0.233637228,32.563469475000005,2026-08-16,-0.059390295,32.53703,12.583214,52.490845,Moderate
aq_54,"Kalerwe, Kawempe",0.3536,32.5672,2026-08-01,0.20345694,39.992344,20.038528,59.94616,Unhealthy for Sensitive Groups
aq_54,"Kalerwe, Kawempe",0.3536,32.5672,2026-08-02,0.20345694,39.992344,20.038528,59.94616,Unhealthy for Sensitive Groups
aq_54,"Kalerwe, Kawempe",0.3536,32.5672,2026-08-03,0.20345694,39.992344,20.038528,59.94616,Unhealthy for Sensitive Groups
aq_54,"Kalerwe, Kawempe",0.3536,32.5672,2026-08-04,0.20345694,39.992344,20.038528,59.94616,Unhealthy for Sensitive Groups
aq_54,"Kalerwe, Kawempe",0.3536,32.5672,2026-08-05,0.20345694,39.992344,20.038528,59.94616,Unhealthy for Sensitive Groups
aq_54,"Kalerwe, Kawempe",0.3536,32.5672,2026-08-06,0.20345694,39.992344,20.038528,59.94616,Unhealthy for Sensitive Groups
aq_54,"Kalerwe, Kawempe",0.3536,32.5672,2026-08-07,0.20345694,39.992344,20.038528,59.94616,Unhealthy for Sensitive Groups
aq_54,"Kalerwe, Kawempe",0.3536,32.5672,2026-08-08,0.20345694,39.992344,20.038528,59.94616,Unhealthy for Sensitive Groups
aq_54,"Kalerwe, Kawempe",0.3536,32.5672,2026-08-09,0.20345694,39.992344,20.038528,59.94616,Unhealthy for Sensitive Groups
aq_54,"Kalerwe, Kawempe",0.3536,32.5672,2026-08-10,0.20345694,39.992344,20.038528,59.94616,Unhealthy for Sensitive Groups
aq_54,"Kalerwe, Kawempe",0.3536,32.5672,2026-08-11,0.20345694,39.992344,20.038528,59.94616,Unhealthy for Sensitive Groups
aq_54,"Kalerwe, Kawempe",0.3536,32.5672,2026-08-12,0.20345694,39.992344,20.038528,59.94616,Unhealthy for Sensitive Groups
aq_54,"Kalerwe, Kawempe",0.3536,32.5672,2026-08-13,0.20345694,39.992344,20.038528,59.94616,Unhealthy for Sensitive Groups
aq_54,"Kalerwe, Kawempe",0.3536,32.5672,2026-08-14,0.20345694,39.992344,20.038528,59.94616,Unhealthy for Sensitive Groups
aq_54,"Kalerwe, Kawempe",0.3536,32.5672,2026-08-15,0.20345694,39.992344,20.038528,59.94616,Unhealthy for Sensitive Groups
aq_54,"Kalerwe, Kawempe",0.3536,32.5672,2026-08-16,0.20345694,39.992344,20.038528,59.94616,Unhealthy for Sensitive Groups
aq_58,"Nansana east ward, Wakiso",0.375733,32.52758,2026-08-01,-0.3304099,24.849922,4.8961067,44.803738,Moderate
aq_58,"Nansana east ward, Wakiso",0.375733,32.52758,2026-08-02,-0.3304099,24.849922,4.8961067,44.803738,Moderate
aq_58,"Nansana east ward, Wakiso",0.375733,32.52758,2026-08-03,-0.3304099,24.849922,4.8961067,44.803738,Moderate
aq_58,"Nansana east ward, Wakiso",0.375733,32.52758,2026-08-04,-0.3304099,24.849922,4.8961067,44.803738,Moderate
aq_58,"Nansana east ward, Wakiso",0.375733,32.52758,2026-08-05,-0.3304099,24.849922,4.8961067,44.803738,Moderate
aq_58,"Nansana east ward, Wakiso",0.375733,32.52758,2026-08-06,-0.3304099,24.849922,4.8961067,44.803738,Moderate
aq_58,"Nansana east ward, Wakiso",0.375733,32.52758,2026-08-07,-0.3304099,24.849922,4.8961067,44.803738,Moderate
aq_58,"Nansana east ward, Wakiso",0.375733,32.52758,2026-08-08,-0.3304099,24.849922,4.8961067,44.803738,Moderate
aq_58,"Nansana east ward, Wakiso",0.375733,32.52758,2026-08-09,-0.3304099,24.849922,4.8961067,44.803738,Moderate
aq_58,"Nansana east ward, Wakiso",0.375733,32.52758,2026-08-10,-0.3304099,24.849922,4.8961067,44.803738,Moderate
aq_58,"Nansana east ward, Wakiso",0.375733,32.52758,2026-08-11,-0.3304099,24.849922,4.8961067,44.803738,Moderate
aq_58,"Nansana east ward, Wakiso",0.375733,32.52758,2026-08-12,-0.3304099,24.849922,4.8961067,44.803738,Moderate
aq_58,"Nansana east ward, Wakiso",0.375733,32.52758,2026-08-13,-0.3304099,24.849922,4.8961067,44.803738,Moderate
aq_58,"Nansana east ward, Wakiso",0.375733,32.52758,2026-08-14,-0.3304099,24.849922,4.8961067,44.803738,Moderate
aq_58,"Nansana east ward, Wakiso",0.375733,32.52758,2026-08-15,-0.3304099,24.849922,4.8961067,44.803738,Moderate
aq_58,"Nansana east ward, Wakiso",0.375733,32.52758,2026-08-16,-0.3304099,24.849922,4.8961067,44.803738,Moderate
aq_59,"Kyaliwajala, Kira Municipality",0.38,32.65,2026-08-01,-0.14615105,30.076178,10.122362,50.02999,Moderate
aq_59,"Kyaliwajala, Kira Municipality",0.38,32.65,2026-08-02,-0.14615105,30.076178,10.122362,50.02999,Moderate
aq_59,"Kyaliwajala, Kira Municipality",0.38,32.65,2026-08-03,-0.14615105,30.076178,10.122362,50.02999,Moderate
aq_59,"Kyaliwajala, Kira Municipality",0.38,32.65,2026-08-04,-0.14615105,30.076178,10.122362,50.02999,Moderate
aq_59,"Kyaliwajala, Kira Municipality",0.38,32.65,2026-08-05,-0.14615105,30.076178,10.122362,50.02999,Moderate
aq_59,"Kyaliwajala, Kira Municipality",0.38,32.65,2026-08-06,-0.14615105,30.076178,10.122362,50.02999,Moderate
aq_59,"Kyaliwajala, Kira Municipality",0.38,32.65,2026-08-07,-0.14615105,30.076178,10.122362,50.02999,Moderate
aq_59,"Kyaliwajala, Kira Municipality",0.38,32.65,2026-08-08,-0.14615105,30.076178,10.122362,50.02999,Moderate
aq_59,"Kyaliwajala, Kira Municipality",0.38,32.65,2026-08-09,-0.14615105,30.076178,10.122362,50.02999,Moderate
aq_59,"Kyaliwajala, Kira Municipality",0.38,32.65,2026-08-10,-0.14615105,30.076178,10.122362,50.02999,Moderate
aq_59,"Kyaliwajala, Kira Municipality",0.38,32.65,2026-08-11,-0.14615105,30.076178,10.122362,50.02999,Moderate
aq_59,"Kyaliwajala, Kira Municipality",0.38,32.65,2026-08-12,-0.14615105,30.076178,10.122362,50.02999,Moderate
aq_59,"Kyaliwajala, Kira Municipality",0.38,32.65,2026-08-13,-0.14615105,30.076178,10.122362,50.02999,Moderate
aq_59,"Kyaliwajala, Kira Municipality",0.38,32.65,2026-08-14,-0.14615105,30.076178,10.122362,50.02999,Moderate
aq_59,"Kyaliwajala, Kira Municipality",0.38,32.65,2026-08-15,-0.14615105,30.076178,10.122362,50.02999,Moderate
aq_59,"Kyaliwajala, Kira Municipality",0.38,32.65,2026-08-16,-0.14615105,30.076178,10.122362,50.02999,Moderate
aq_60,"Butabika, Nakawa",0.30778,32.651449,2026-08-01,-0.3359755,24.692062,4.738247,44.645878,Moderate
aq_60,"Butabika, Nakawa",0.30778,32.651449,2026-08-02,-0.3359755,24.692062,4.738247,44.645878,Moderate
aq_60,"Butabika, Nakawa",0.30778,32.651449,2026-08-03,-0.3359755,24.692062,4.738247,44.645878,Moderate
aq_60,"Butabika, Nakawa",0.30778,32.651449,2026-08-04,-0.3359755,24.692062,4.738247,44.645878,Moderate
aq_60,"Butabika, Nakawa",0.30778,32.651449,2026-08-05,-0.3359755,24.692062,4.738247,44.645878,Moderate
aq_60,"Butabika, Nakawa",0.30778,32.651449,2026-08-06,-0.3359755,24.692062,4.738247,44.645878,Moderate
aq_60,"Butabika, Nakawa",0.30778,32.651449,2026-08-07,-0.3359755,24.692062,4.738247,44.645878,Moderate
aq_60,"Butabika, Nakawa",0.30778,32.651449,2026-08-08,-0.3359755,24.692062,4.738247,44.645878,Moderate
aq_60,"Butabika, Nakawa",0.30778,32.651449,2026-08-09,-0.3359755,24.692062,4.738247,44.645878,Moderate
aq_60,"Butabika, Nakawa",0.30778,32.651449,2026-08-10,-0.3359755,24.692062,4.738247,44.645878,Moderate
aq_60,"Butabika, Nakawa",0.30778,32.651449,2026-08-11,-0.3359755,24.692062,4.738247,44.645878,Moderate
aq_60,"Butabika, Nakawa",0.30778,32.651449,2026-08-12,-0.3359755,24.692062,4.738247,44.645878,Moderate
aq_60,"Butabika, Nakawa",0.30778,32.651449,2026-08-13,-0.3359755,24.692062,4.738247,44.645878,Moderate
aq_60,"Butabika, Nakawa",0.30778,32.651449,2026-08-14,-0.3359755,24.692062,4.738247,44.645878,Moderate
aq_60,"Butabika, Nakawa",0.30778,32.651449,2026-08-15,-0.3359755,24.692062,4.738247,44.645878,Moderate
aq_60,"Butabika, Nakawa",0.30778,32.651449,2026-08-16,-0.3359755,24.692062,4.738247,44.645878,Moderate
aq_62,"Makerere University_01, Kawempe",0.3323,32.5698,2026-08-01,-0.08303999,31.86624,11.912424,51.820053,Moderate
aq_62,"Makerere University_01, Kawempe",0.3323,32.5698,2026-08-02,-0.08303999,31.86624,11.912424,51.820053,Moderate
aq_62,"Makerere University_01, Kawempe",0.3323,32.5698,2026-08-03,-0.08303999,31.86624,11.912424,51.820053,Moderate
aq_62,"Makerere University_01, Kawempe",0.3323,32.5698,2026-08-04,-0.08303999,31.86624,11.912424,51.820053,Moderate
aq_62,"Makerere University_01, Kawempe",0.3323,32.5698,2026-08-05,-0.08303999,31.86624,11.912424,51.820053,Moderate
aq_62,"Makerere University_01, Kawempe",0.3323,32.5698,2026-08-06,-0.08303999,31.86624,11.912424,51.820053,Moderate
aq_62,"Makerere University_01, Kawempe",0.3323,32.5698,2026-08-07,-0.08303999,31.86624,11.912424,51.820053,Moderate
aq_62,"Makerere University_01, Kawempe",0.3323,32.5698,2026-08-08,-0.08303999,31.86624,11.912424,51.820053,Moderate
aq_62,"Makerere University_01, Kawempe",0.3323,32.5698,2026-08-09,-0.08303999,31.86624,11.912424,51.820053,Moderate
aq_62,"Makerere University_01, Kawempe",0.3323,32.5698,2026-08-10,-0.08303999,31.86624,11.912424,51.820053,Moderate
aq_62,"Makerere University_01, Kawempe",0.3323,32.5698,2026-08-11,-0.08303999,31.86624,11.912424,51.820053,Moderate
aq_62,"Makerere University_01, Kawempe",0.3323,32.5698,2026-08-12,-0.08303999,31.86624,11.912424,51.820053,Moderate
aq_62,"Makerere University_01, Kawempe",0.3323,32.5698,2026-08-13,-0.08303999,31.86624,11.912424,51.820053,Moderate
aq_62,"Makerere University_01, Kawempe",0.3323,32.5698,2026-08-14,-0.08303999,31.86624,11.912424,51.820053,Moderate
aq_62,"Makerere University_01, Kawempe",0.3323,32.5698,2026-08-15,-0.08303999,31.86624,11.912424,51.820053,Moderate
aq_62,"Makerere University_01, Kawempe",0.3323,32.5698,2026-08-16,-0.08303999,31.86624,11.912424,51.820053,Moderate
aq_66,"Nakasero II, Kampala 66",0.322308611,32.57575189,2026-08-01,-0.21364634,28.161764,8.207949,48.115578,Moderate
aq_66,"Nakasero II, Kampala 66",0.322308611,32.57575189,2026-08-02,-0.21364634,28.161764,8.207949,48.115578,Moderate
aq_66,"Nakasero II, Kampala 66",0.322308611,32.57575189,2026-08-03,-0.21364634,28.161764,8.207949,48.115578,Moderate
aq_66,"Nakasero II, Kampala 66",0.322308611,32.57575189,2026-08-04,-0.21364634,28.161764,8.207949,48.115578,Moderate
aq_66,"Nakasero II, Kampala 66",0.322308611,32.57575189,2026-08-05,-0.21364634,28.161764,8.207949,48.115578,Moderate
aq_66,"Nakasero II, Kampala 66",0.322308611,32.57575189,2026-08-06,-0.21364634,28.161764,8.207949,48.115578,Moderate
aq_66,"Nakasero II, Kampala 66",0.322308611,32.57575189,2026-08-07,-0.21364634,28.161764,8.207949,48.115578,Moderate
aq_66,"Nakasero II, Kampala 66",0.322308611,32.57575189,2026-08-08,-0.21364634,28.161764,8.207949,48.115578,Moderate
aq_66,"Nakasero II, Kampala 66",0.322308611,32.57575189,2026-08-09,-0.21364634,28.161764,8.207949,48.115578,Moderate
aq_66,"Nakasero II, Kampala 66",0.322308611,32.57575189,2026-08-10,-0.21364634,28.161764,8.207949,48.115578,Moderate
aq_66,"Nakasero II, Kampala 66",0.322308611,32.57575189,2026-08-11,-0.21364634,28.161764,8.207949,48.115578,Moderate
aq_66,"Nakasero II, Kampala 66",0.322308611,32.57575189,2026-08-12,-0.21364634,28.161764,8.207949,48.115578,Moderate
aq_66,"Nakasero II, Kampala 66",0.322308611,32.57575189,2026-08-13,-0.21364634,28.161764,8.207949,48.115578,Moderate
aq_66,"Nakasero II, Kampala 66",0.322308611,32.57575189,2026-08-14,-0.21364634,28.161764,8.207949,48.115578,Moderate
aq_66,"Nakasero II, Kampala 66",0.322308611,32.57575189,2026-08-15,-0.21364634,28.161764,8.207949,48.115578,Moderate
aq_66,"Nakasero II, Kampala 66",0.322308611,32.57575189,2026-08-16,-0.21364634,28.161764,8.207949,48.115578,Moderate
aq_69,"Ntinda Junction, Kampala Uganda",0.397005,32.602325,2026-08-01,-0.37543997,23.572706,3.6188908,43.52652,Moderate
aq_69,"Ntinda Junction, Kampala Uganda",0.397005,32.602325,2026-08-02,-0.37543997,23.572706,3.6188908,43.52652,Moderate
aq_69,"Ntinda Junction, Kampala Uganda",0.397005,32.602325,2026-08-03,-0.37543997,23.572706,3.6188908,43.52652,Moderate
aq_69,"Ntinda Junction, Kampala Uganda",0.397005,32.602325,2026-08-04,-0.37543997,23.572706,3.6188908,43.52652,Moderate
aq_69,"Ntinda Junction, Kampala Uganda",0.397005,32.602325,2026-08-05,-0.37543997,23.572706,3.6188908,43.52652,Moderate
aq_69,"Ntinda Junction, Kampala Uganda",0.397005,32.602325,2026-08-06,-0.37543997,23.572706,3.6188908,43.52652,Moderate
aq_69,"Ntinda Junction, Kampala Uganda",0.397005,32.602325,2026-08-07,-0.37543997,23.572706,3.6188908,43.52652,Moderate
aq_69,"Ntinda Junction, Kampala Uganda",0.397005,32.602325,2026-08-08,-0.37543997,23.572706,3.6188908,43.52652,Moderate
aq_69,"Ntinda Junction, Kampala Uganda",0.397005,32.602325,2026-08-09,-0.37543997,23.572706,3.6188908,43.52652,Moderate
aq_69,"Ntinda Junction, Kampala Uganda",0.397005,32.602325,2026-08-10,-0.37543997,23.572706,3.6188908,43.52652,Moderate
aq_69,"Ntinda Junction, Kampala Uganda",0.397005,32.602325,2026-08-11,-0.37543997,23.572706,3.6188908,43.52652,Moderate
aq_69,"Ntinda Junction, Kampala Uganda",0.397005,32.602325,2026-08-12,-0.37543997,23.572706,3.6188908,43.52652,Moderate
aq_69,"Ntinda Junction, Kampala Uganda",0.397005,32.602325,2026-08-13,-0.37543997,23.572706,3.6188908,43.52652,Moderate
aq_69,"Ntinda Junction, Kampala Uganda",0.397005,32.602325,2026-08-14,-0.37543997,23.572706,3.6188908,43.52652,Moderate
aq_69,"Ntinda Junction, Kampala Uganda",0.397005,32.602325,2026-08-15,-0.37543997,23.572706,3.6188908,43.52652,Moderate
aq_69,"Ntinda Junction, Kampala Uganda",0.397005,32.602325,2026-08-16,-0.37543997,23.572706,3.6188908,43.52652,Moderate
aq_70,"Kasenge, Wakiso",0.29250801,32.508542289999994,2026-08-01,0.10623232,37.234695,17.28088,57.18851,Unhealthy for Sensitive Groups
aq_70,"Kasenge, Wakiso",0.29250801,32.508542289999994,2026-08-02,0.10623232,37.234695,17.28088,57.18851,Unhealthy for Sensitive Groups
aq_70,"Kasenge, Wakiso",0.29250801,32.508542289999994,2026-08-03,0.10623232,37.234695,17.28088,57.18851,Unhealthy for Sensitive Groups
aq_70,"Kasenge, Wakiso",0.29250801,32.508542289999994,2026-08-04,0.10623232,37.234695,17.28088,57.18851,Unhealthy for Sensitive Groups
aq_70,"Kasenge, Wakiso",0.29250801,32.508542289999994,2026-08-05,0.10623232,37.234695,17.28088,57.18851,Unhealthy for Sensitive Groups
aq_70,"Kasenge, Wakiso",0.29250801,32.508542289999994,2026-08-06,0.10623232,37.234695,17.28088,57.18851,Unhealthy for Sensitive Groups
aq_70,"Kasenge, Wakiso",0.29250801,32.508542289999994,2026-08-07,0.10623232,37.234695,17.28088,57.18851,Unhealthy for Sensitive Groups
aq_70,"Kasenge, Wakiso",0.29250801,32.508542289999994,2026-08-08,0.10623232,37.234695,17.28088,57.18851,Unhealthy for Sensitive Groups
aq_70,"Kasenge, Wakiso",0.29250801,32.508542289999994,2026-08-09,0.10623232,37.234695,17.28088,57.18851,Unhealthy for Sensitive Groups
aq_70,"Kasenge, Wakiso",0.29250801,32.508542289999994,2026-08-10,0.10623232,37.234695,17.28088,57.18851,Unhealthy for Sensitive Groups
aq_70,"Kasenge, Wakiso",0.29250801,32.508542289999994,2026-08-11,0.10623232,37.234695,17.28088,57.18851,Unhealthy for Sensitive Groups
aq_70,"Kasenge, Wakiso",0.29250801,32.508542289999994,2026-08-12,0.10623232,37.234695,17.28088,57.18851,Unhealthy for Sensitive Groups
aq_70,"Kasenge, Wakiso",0.29250801,32.508542289999994,2026-08-13,0.10623232,37.234695,17.28088,57.18851,Unhealthy for Sensitive Groups
aq_70,"Kasenge, Wakiso",0.29250801,32.508542289999994,2026-08-14,0.10623232,37.234695,17.28088,57.18851,Unhealthy for Sensitive Groups
aq_70,"Kasenge, Wakiso",0.29250801,32.508542289999994,2026-08-15,0.10623232,37.234695,17.28088,57.18851,Unhealthy for Sensitive Groups
aq_70,"Kasenge, Wakiso",0.29250801,32.508542289999994,2026-08-16,0.10623232,37.234695,17.28088,57.18851,Unhealthy for Sensitive Groups
aq_71,"Mbalwa, Kira Municipality",0.36549365,32.646835,2026-08-01,0.09785619,36.99712,17.043304,56.950935,Unhealthy for Sensitive Groups
aq_71,"Mbalwa, Kira Municipality",0.36549365,32.646835,2026-08-02,0.09785619,36.99712,17.043304,56.950935,Unhealthy for Sensitive Groups
aq_71,"Mbalwa, Kira Municipality",0.36549365,32.646835,2026-08-03,0.09785619,36.99712,17.043304,56.950935,Unhealthy for Sensitive Groups
aq_71,"Mbalwa, Kira Municipality",0.36549365,32.646835,2026-08-04,0.09785619,36.99712,17.043304,56.950935,Unhealthy for Sensitive Groups
aq_71,"Mbalwa, Kira Municipality",0.36549365,32.646835,2026-08-05,0.09785619,36.99712,17.043304,56.950935,Unhealthy for Sensitive Groups
aq_71,"Mbalwa, Kira Municipality",0.36549365,32.646835,2026-08-06,0.09785619,36.99712,17.043304,56.950935,Unhealthy for Sensitive Groups
aq_71,"Mbalwa, Kira Municipality",0.36549365,32.646835,2026-08-07,0.09785619,36.99712,17.043304,56.950935,Unhealthy for Sensitive Groups
aq_71,"Mbalwa, Kira Municipality",0.36549365,32.646835,2026-08-08,0.09785619,36.99712,17.043304,56.950935,Unhealthy for Sensitive Groups
aq_71,"Mbalwa, Kira Municipality",0.36549365,32.646835,2026-08-09,0.09785619,36.99712,17.043304,56.950935,Unhealthy for Sensitive Groups
aq_71,"Mbalwa, Kira Municipality",0.36549365,32.646835,2026-08-10,0.09785619,36.99712,17.043304,56.950935,Unhealthy for Sensitive Groups
aq_71,"Mbalwa, Kira Municipality",0.36549365,32.646835,2026-08-11,0.09785619,36.99712,17.043304,56.950935,Unhealthy for Sensitive Groups
aq_71,"Mbalwa, Kira Municipality",0.36549365,32.646835,2026-08-12,0.09785619,36.99712,17.043304,56.950935,Unhealthy for Sensitive Groups
aq_71,"Mbalwa, Kira Municipality",0.36549365,32.646835,2026-08-13,0.09785619,36.99712,17.043304,56.950935,Unhealthy for Sensitive Groups
aq_71,"Mbalwa, Kira Municipality",0.36549365,32.646835,2026-08-14,0.09785619,36.99712,17.043304,56.950935,Unhealthy for Sensitive Groups
aq_71,"Mbalwa, Kira Municipality",0.36549365,32.646835,2026-08-15,0.09785619,36.99712,17.043304,56.950935,Unhealthy for Sensitive Groups
aq_71,"Mbalwa, Kira Municipality",0.36549365,32.646835,2026-08-16,0.09785619,36.99712,17.043304,56.950935,Unhealthy for Sensitive Groups
aq_72,"Luwafu, Makindye",0.2689,32.588,2026-08-01,-0.1786709,29.153795,9.19998,49.107613,Moderate
aq_72,"Luwafu, Makindye",0.2689,32.588,2026-08-02,-0.1786709,29.153795,9.19998,49.107613,Moderate
aq_72,"Luwafu, Makindye",0.2689,32.588,2026-08-03,-0.1786709,29.153795,9.19998,49.107613,Moderate
aq_72,"Luwafu, Makindye",0.2689,32.588,2026-08-04,-0.1786709,29.153795,9.19998,49.107613,Moderate
aq_72,"Luwafu, Makindye",0.2689,32.588,2026-08-05,-0.1786709,29.153795,9.19998,49.107613,Moderate
aq_72,"Luwafu, Makindye",0.2689,32.588,2026-08-06,-0.1786709,29.153795,9.19998,49.107613,Moderate
aq_72,"Luwafu, Makindye",0.2689,32.588,2026-08-07,-0.1786709,29.153795,9.19998,49.107613,Moderate
aq_72,"Luwafu, Makindye",0.2689,32.588,2026-08-08,-0.1786709,29.153795,9.19998,49.107613,Moderate
aq_72,"Luwafu, Makindye",0.2689,32.588,2026-08-09,-0.1786709,29.153795,9.19998,49.107613,Moderate
aq_72,"Luwafu, Makindye",0.2689,32.588,2026-08-10,-0.1786709,29.153795,9.19998,49.107613,Moderate
aq_72,"Luwafu, Makindye",0.2689,32.588,2026-08-11,-0.1786709,29.153795,9.19998,49.107613,Moderate
aq_72,"Luwafu, Makindye",0.2689,32.588,2026-08-12,-0.1786709,29.153795,9.19998,49.107613,Moderate
aq_72,"Luwafu, Makindye",0.2689,32.588,2026-08-13,-0.1786709,29.153795,9.19998,49.107613,Moderate
aq_72,"Luwafu, Makindye",0.2689,32.588,2026-08-14,-0.1786709,29.153795,9.19998,49.107613,Moderate
aq_72,"Luwafu, Makindye",0.2689,32.588,2026-08-15,-0.1786709,29.153795,9.19998,49.107613,Moderate
aq_72,"Luwafu, Makindye",0.2689,32.588,2026-08-16,-0.1786709,29.153795,9.19998,49.107613,Moderate
aq_78,"Lubanga Road, Mubende",0.55967,31.3883,2026-08-01,-0.45792913,21.23301,1.2791939,41.186825,Moderate
aq_78,"Lubanga Road, Mubende",0.55967,31.3883,2026-08-02,-0.45792913,21.23301,1.2791939,41.186825,Moderate
aq_78,"Lubanga Road, Mubende",0.55967,31.3883,2026-08-03,-0.45792913,21.23301,1.2791939,41.186825,Moderate
aq_78,"Lubanga Road, Mubende",0.55967,31.3883,2026-08-04,-0.45792913,21.23301,1.2791939,41.186825,Moderate
aq_78,"Lubanga Road, Mubende",0.55967,31.3883,2026-08-05,-0.45792913,21.23301,1.2791939,41.186825,Moderate
aq_78,"Lubanga Road, Mubende",0.55967,31.3883,2026-08-06,-0.45792913,21.23301,1.2791939,41.186825,Moderate
aq_78,"Lubanga Road, Mubende",0.55967,31.3883,2026-08-07,-0.45792913,21.23301,1.2791939,41.186825,Moderate
aq_78,"Lubanga Road, Mubende",0.55967,31.3883,2026-08-08,-0.45792913,21.23301,1.2791939,41.186825,Moderate
aq_78,"Lubanga Road, Mubende",0.55967,31.3883,2026-08-09,-0.45792913,21.23301,1.2791939,41.186825,Moderate
aq_78,"Lubanga Road, Mubende",0.55967,31.3883,2026-08-10,-0.45792913,21.23301,1.2791939,41.186825,Moderate
aq_78,"Lubanga Road, Mubende",0.55967,31.3883,2026-08-11,-0.45792913,21.23301,1.2791939,41.186825,Moderate
aq_78,"Lubanga Road, Mubende",0.55967,31.3883,2026-08-12,-0.45792913,21.23301,1.2791939,41.186825,Moderate
aq_78,"Lubanga Road, Mubende",0.55967,31.3883,2026-08-13,-0.45792913,21.23301,1.2791939,41.186825,Moderate
aq_78,"Lubanga Road, Mubende",0.55967,31.3883,2026-08-14,-0.45792913,21.23301,1.2791939,41.186825,Moderate
aq_78,"Lubanga Road, Mubende",0.55967,31.3883,2026-08-15,-0.45792913,21.23301,1.2791939,41.186825,Moderate
aq_78,"Lubanga Road, Mubende",0.55967,31.3883,2026-08-16,-0.45792913,21.23301,1.2791939,41.186825,Moderate
aq_79,"Ntinda, Nakawa",0.354,32.615,2026-08-01,0.081287414,36.527164,16.573349,56.48098,Unhealthy for Sensitive Groups
aq_79,"Ntinda, Nakawa",0.354,32.615,2026-08-02,0.081287414,36.527164,16.573349,56.48098,Unhealthy for Sensitive Groups
aq_79,"Ntinda, Nakawa",0.354,32.615,2026-08-03,0.081287414,36.527164,16.573349,56.48098,Unhealthy for Sensitive Groups
aq_79,"Ntinda, Nakawa",0.354,32.615,2026-08-04,0.081287414,36.527164,16.573349,56.48098,Unhealthy for Sensitive Groups
aq_79,"Ntinda, Nakawa",0.354,32.615,2026-08-05,0.081287414,36.527164,16.573349,56.48098,Unhealthy for Sensitive Groups
aq_79,"Ntinda, Nakawa",0.354,32.615,2026-08-06,0.081287414,36.527164,16.573349,56.48098,Unhealthy for Sensitive Groups
aq_79,"Ntinda, Nakawa",0.354,32.615,2026-08-07,0.081287414,36.527164,16.573349,56.48098,Unhealthy for Sensitive Groups
aq_79,"Ntinda, Nakawa",0.354,32.615,2026-08-08,0.081287414,36.527164,16.573349,56.48098,Unhealthy for Sensitive Groups
aq_79,"Ntinda, Nakawa",0.354,32.615,2026-08-09,0.081287414,36.527164,16.573349,56.48098,Unhealthy for Sensitive Groups
aq_79,"Ntinda, Nakawa",0.354,32.615,2026-08-10,0.081287414,36.527164,16.573349,56.48098,Unhealthy for Sensitive Groups
aq_79,"Ntinda, Nakawa",0.354,32.615,2026-08-11,0.081287414,36.527164,16.573349,56.48098,Unhealthy for Sensitive Groups
aq_79,"Ntinda, Nakawa",0.354,32.615,2026-08-12,0.081287414,36.527164,16.573349,56.48098,Unhealthy for Sensitive Groups
aq_79,"Ntinda, Nakawa",0.354,32.615,2026-08-13,0.081287414,36.527164,16.573349,56.48098,Unhealthy for Sensitive Groups
aq_79,"Ntinda, Nakawa",0.354,32.615,2026-08-14,0.081287414,36.527164,16.573349,56.48098,Unhealthy for Sensitive Groups
aq_79,"Ntinda, Nakawa",0.354,32.615,2026-08-15,0.081287414,36.527164,16.573349,56.48098,Unhealthy for Sensitive Groups
aq_79,"Ntinda, Nakawa",0.354,32.615,2026-08-16,0.081287414,36.527164,16.573349,56.48098,Unhealthy for Sensitive Groups
aq_82,"Kamwokya, Kira Road, Kampala, Uganda",0.338672,32.585803,2026-08-01,-0.28174564,26.230219,6.2764034,46.184036,Moderate
aq_82,"Kamwokya, Kira Road, Kampala, Uganda",0.338672,32.585803,2026-08-02,-0.28174564,26.230219,6.2764034,46.184036,Moderate
aq_82,"Kamwokya, Kira Road, Kampala, Uganda",0.338672,32.585803,2026-08-03,-0.28174564,26.230219,6.2764034,46.184036,Moderate
aq_82,"Kamwokya, Kira Road, Kampala, Uganda",0.338672,32.585803,2026-08-04,-0.28174564,26.230219,6.2764034,46.184036,Moderate
aq_82,"Kamwokya, Kira Road, Kampala, Uganda",0.338672,32.585803,2026-08-05,-0.28174564,26.230219,6.2764034,46.184036,Moderate
aq_82,"Kamwokya, Kira Road, Kampala, Uganda",0.338672,32.585803,2026-08-06,-0.28174564,26.230219,6.2764034,46.184036,Moderate
aq_82,"Kamwokya, Kira Road, Kampala, Uganda",0.338672,32.585803,2026-08-07,-0.28174564,26.230219,6.2764034,46.184036,Moderate
aq_82,"Kamwokya, Kira Road, Kampala, Uganda",0.338672,32.585803,2026-08-08,-0.28174564,26.230219,6.2764034,46.184036,Moderate
aq_82,"Kamwokya, Kira Road, Kampala, Uganda",0.338672,32.585803,2026-08-09,-0.28174564,26.230219,6.2764034,46.184036,Moderate
aq_82,"Kamwokya, Kira Road, Kampala, Uganda",0.338672,32.585803,2026-08-10,-0.28174564,26.230219,6.2764034,46.184036,Moderate
aq_82,"Kamwokya, Kira Road, Kampala, Uganda",0.338672,32.585803,2026-08-11,-0.28174564,26.230219,6.2764034,46.184036,Moderate
aq_82,"Kamwokya, Kira Road, Kampala, Uganda",0.338672,32.585803,2026-08-12,-0.28174564,26.230219,6.2764034,46.184036,Moderate
aq_82,"Kamwokya, Kira Road, Kampala, Uganda",0.338672,32.585803,2026-08-13,-0.28174564,26.230219,6.2764034,46.184036,Moderate
aq_82,"Kamwokya, Kira Road, Kampala, Uganda",0.338672,32.585803,2026-08-14,-0.28174564,26.230219,6.2764034,46.184036,Moderate
aq_82,"Kamwokya, Kira Road, Kampala, Uganda",0.338672,32.585803,2026-08-15,-0.28174564,26.230219,6.2764034,46.184036,Moderate
aq_82,"Kamwokya, Kira Road, Kampala, Uganda",0.338672,32.585803,2026-08-16,-0.28174564,26.230219,6.2764034,46.184036,Moderate
aq_88,"Makerere, Kawempe",0.333465,32.568531,2026-08-01,-0.27244768,26.493942,6.540127,46.447758,Moderate
aq_88,"Makerere, Kawempe",0.333465,32.568531,2026-08-02,-0.27244768,26.493942,6.540127,46.447758,Moderate
aq_88,"Makerere, Kawempe",0.333465,32.568531,2026-08-03,-0.27244768,26.493942,6.540127,46.447758,Moderate
aq_88,"Makerere, Kawempe",0.333465,32.568531,2026-08-04,-0.27244768,26.493942,6.540127,46.447758,Moderate
aq_88,"Makerere, Kawempe",0.333465,32.568531,2026-08-05,-0.27244768,26.493942,6.540127,46.447758,Moderate
aq_88,"Makerere, Kawempe",0.333465,32.568531,2026-08-06,-0.27244768,26.493942,6.540127,46.447758,Moderate
aq_88,"Makerere, Kawempe",0.333465,32.568531,2026-08-07,-0.27244768,26.493942,6.540127,46.447758,Moderate
aq_88,"Makerere, Kawempe",0.333465,32.568531,2026-08-08,-0.27244768,26.493942,6.540127,46.447758,Moderate
aq_88,"Makerere, Kawempe",0.333465,32.568531,2026-08-09,-0.27244768,26.493942,6.540127,46.447758,Moderate
aq_88,"Makerere, Kawempe",0.333465,32.568531,2026-08-10,-0.27244768,26.493942,6.540127,46.447758,Moderate
aq_88,"Makerere, Kawempe",0.333465,32.568531,2026-08-11,-0.27244768,26.493942,6.540127,46.447758,Moderate
aq_88,"Makerere, Kawempe",0.333465,32.568531,2026-08-12,-0.27244768,26.493942,6.540127,46.447758,Moderate
aq_88,"Makerere, Kawempe",0.333465,32.568531,2026-08-13,-0.27244768,26.493942,6.540127,46.447758,Moderate
aq_88,"Makerere, Kawempe",0.333465,32.568531,2026-08-14,-0.27244768,26.493942,6.540127,46.447758,Moderate
aq_88,"Makerere, Kawempe",0.333465,32.568531,2026-08-15,-0.27244768,26.493942,6.540127,46.447758,Moderate
aq_88,"Makerere, Kawempe",0.333465,32.568531,2026-08-16,-0.27244768,26.493942,6.540127,46.447758,Moderate
aq_93,"Nyendo, Masaka",-0.31907,31.75962,2026-08-01,-0.35877028,24.045517,4.0917015,43.999332,Moderate
aq_93,"Nyendo, Masaka",-0.31907,31.75962,2026-08-02,-0.35877028,24.045517,4.0917015,43.999332,Moderate
aq_93,"Nyendo, Masaka",-0.31907,31.75962,2026-08-03,-0.35877028,24.045517,4.0917015,43.999332,Moderate
aq_93,"Nyendo, Masaka",-0.31907,31.75962,2026-08-04,-0.35877028,24.045517,4.0917015,43.999332,Moderate
aq_93,"Nyendo, Masaka",-0.31907,31.75962,2026-08-05,-0.35877028,24.045517,4.0917015,43.999332,Moderate
aq_93,"Nyendo, Masaka",-0.31907,31.75962,2026-08-06,-0.35877028,24.045517,4.0917015,43.999332,Moderate
aq_93,"Nyendo, Masaka",-0.31907,31.75962,2026-08-07,-0.35877028,24.045517,4.0917015,43.999332,Moderate
aq_93,"Nyendo, Masaka",-0.31907,31.75962,2026-08-08,-0.35877028,24.045517,4.0917015,43.999332,Moderate
aq_93,"Nyendo, Masaka",-0.31907,31.75962,2026-08-09,-0.35877028,24.045517,4.0917015,43.999332,Moderate
aq_93,"Nyendo, Masaka",-0.31907,31.75962,2026-08-10,-0.35877028,24.045517,4.0917015,43.999332,Moderate
aq_93,"Nyendo, Masaka",-0.31907,31.75962,2026-08-11,-0.35877028,24.045517,4.0917015,43.999332,Moderate
aq_93,"Nyendo, Masaka",-0.31907,31.75962,2026-08-12,-0.35877028,24.045517,4.0917015,43.999332,Moderate
aq_93,"Nyendo, Masaka",-0.31907,31.75962,2026-08-13,-0.35877028,24.045517,4.0917015,43.999332,Moderate
aq_93,"Nyendo, Masaka",-0.31907,31.75962,2026-08-14,-0.35877028,24.045517,4.0917015,43.999332,Moderate
aq_93,"Nyendo, Masaka",-0.31907,31.75962,2026-08-15,-0.35877028,24.045517,4.0917015,43.999332,Moderate
aq_93,"Nyendo, Masaka",-0.31907,31.75962,2026-08-16,-0.35877028,24.045517,4.0917015,43.999332,Moderate
aq_g4_95,"YMCA, Jinja",0.44464,33.2012,2026-08-01,-0.3785429,23.484694,3.530878,43.438507,Moderate
aq_g4_95,"YMCA, Jinja",0.44464,33.2012,2026-08-02,-0.3785429,23.484694,3.530878,43.438507,Moderate
aq_g4_95,"YMCA, Jinja",0.44464,33.2012,2026-08-03,-0.3785429,23.484694,3.530878,43.438507,Moderate
aq_g4_95,"YMCA, Jinja",0.44464,33.2012,2026-08-04,-0.3785429,23.484694,3.530878,43.438507,Moderate
aq_g4_95,"YMCA, Jinja",0.44464,33.2012,2026-08-05,-0.3785429,23.484694,3.530878,43.438507,Moderate
aq_g4_95,"YMCA, Jinja",0.44464,33.2012,2026-08-06,-0.3785429,23.484694,3.530878,43.438507,Moderate
aq_g4_95,"YMCA, Jinja",0.44464,33.2012,2026-08-07,-0.3785429,23.484694,3.530878,43.438507,Moderate
aq_g4_95,"YMCA, Jinja",0.44464,33.2012,2026-08-08,-0.3785429,23.484694,3.530878,43.438507,Moderate
aq_g4_95,"YMCA, Jinja",0.44464,33.2012,2026-08-09,-0.3785429,23.484694,3.530878,43.438507,Moderate
aq_g4_95,"YMCA, Jinja",0.44464,33.2012,2026-08-10,-0.3785429,23.484694,3.530878,43.438507,Moderate
aq_g4_95,"YMCA, Jinja",0.44464,33.2012,2026-08-11,-0.3785429,23.484694,3.530878,43.438507,Moderate
aq_g4_95,"YMCA, Jinja",0.44464,33.2012,2026-08-12,-0.3785429,23.484694,3.530878,43.438507,Moderate
aq_g4_95,"YMCA, Jinja",0.44464,33.2012,2026-08-13,-0.3785429,23.484694,3.530878,43.438507,Moderate
aq_g4_95,"YMCA, Jinja",0.44464,33.2012,2026-08-14,-0.3785429,23.484694,3.530878,43.438507,Moderate
aq_g4_95,"YMCA, Jinja",0.44464,33.2012,2026-08-15,-0.3785429,23.484694,3.530878,43.438507,Moderate
aq_g4_95,"YMCA, Jinja",0.44464,33.2012,2026-08-16,-0.3785429,23.484694,3.530878,43.438507,Moderate
aq_g4_99,"Rubaga Ward, Jinja City",0.44296,33.2152,2026-08-01,-0.28913933,26.020508,6.0666924,45.974323,Moderate
aq_g4_99,"Rubaga Ward, Jinja City",0.44296,33.2152,2026-08-02,-0.28913933,26.020508,6.0666924,45.974323,Moderate
aq_g4_99,"Rubaga Ward, Jinja City",0.44296,33.2152,2026-08-03,-0.28913933,26.020508,6.0666924,45.974323,Moderate
aq_g4_99,"Rubaga Ward, Jinja City",0.44296,33.2152,2026-08-04,-0.28913933,26.020508,6.0666924,45.974323,Moderate
aq_g4_99,"Rubaga Ward, Jinja City",0.44296,33.2152,2026-08-05,-0.28913933,26.020508,6.0666924,45.974323,Moderate
aq_g4_99,"Rubaga Ward, Jinja City",0.44296,33.2152,2026-08-06,-0.28913933,26.020508,6.0666924,45.974323,Moderate
aq_g4_99,"Rubaga Ward, Jinja City",0.44296,33.2152,2026-08-07,-0.28913933,26.020508,6.0666924,45.974323,Moderate
aq_g4_99,"Rubaga Ward, Jinja City",0.44296,33.2152,2026-08-08,-0.28913933,26.020508,6.0666924,45.974323,Moderate
aq_g4_99,"Rubaga Ward, Jinja City",0.44296,33.2152,2026-08-09,-0.28913933,26.020508,6.0666924,45.974323,Moderate
aq_g4_99,"Rubaga Ward, Jinja City",0.44296,33.2152,2026-08-10,-0.28913933,26.020508,6.0666924,45.974323,Moderate
aq_g4_99,"Rubaga Ward, Jinja City",0.44296,33.2152,2026-08-11,-0.28913933,26.020508,6.0666924,45.974323,Moderate
aq_g4_99,"Rubaga Ward, Jinja City",0.44296,33.2152,2026-08-12,-0.28913933,26.020508,6.0666924,45.974323,Moderate
aq_g4_99,"Rubaga Ward, Jinja City",0.44296,33.2152,2026-08-13,-0.28913933,26.020508,6.0666924,45.974323,Moderate
aq_g4_99,"Rubaga Ward, Jinja City",0.44296,33.2152,2026-08-14,-0.28913933,26.020508,6.0666924,45.974323,Moderate
aq_g4_99,"Rubaga Ward, Jinja City",0.44296,33.2152,2026-08-15,-0.28913933,26.020508,6.0666924,45.974323,Moderate
aq_g4_99,"Rubaga Ward, Jinja City",0.44296,33.2152,2026-08-16,-0.28913933,26.020508,6.0666924,45.974323,Moderate
aq_g501,Makerere University Weather Station 94,0.33372,32.56873,2026-08-01,-0.3405364,24.562698,4.608883,44.516514,Moderate
aq_g501,Makerere University Weather Station 94,0.33372,32.56873,2026-08-02,-0.3405364,24.562698,4.608883,44.516514,Moderate
aq_g501,Makerere University Weather Station 94,0.33372,32.56873,2026-08-03,-0.3405364,24.562698,4.608883,44.516514,Moderate
aq_g501,Makerere University Weather Station 94,0.33372,32.56873,2026-08-04,-0.3405364,24.562698,4.608883,44.516514,Moderate
aq_g501,Makerere University Weather Station 94,0.33372,32.56873,2026-08-05,-0.3405364,24.562698,4.608883,44.516514,Moderate
aq_g501,Makerere University Weather Station 94,0.33372,32.56873,2026-08-06,-0.3405364,24.562698,4.608883,44.516514,Moderate
aq_g501,Makerere University Weather Station 94,0.33372,32.56873,2026-08-07,-0.3405364,24.562698,4.608883,44.516514,Moderate
aq_g501,Makerere University Weather Station 94,0.33372,32.56873,2026-08-08,-0.3405364,24.562698,4.608883,44.516514,Moderate
aq_g501,Makerere University Weather Station 94,0.33372,32.56873,2026-08-09,-0.3405364,24.562698,4.608883,44.516514,Moderate
aq_g501,Makerere University Weather Station 94,0.33372,32.56873,2026-08-10,-0.3405364,24.562698,4.608883,44.516514,Moderate
aq_g501,Makerere University Weather Station 94,0.33372,32.56873,2026-08-11,-0.3405364,24.562698,4.608883,44.516514,Moderate
aq_g501,Makerere University Weather Station 94,0.33372,32.56873,2026-08-12,-0.3405364,24.562698,4.608883,44.516514,Moderate
aq_g501,Makerere University Weather Station 94,0.33372,32.56873,2026-08-13,-0.3405364,24.562698,4.608883,44.516514,Moderate
aq_g501,Makerere University Weather Station 94,0.33372,32.56873,2026-08-14,-0.3405364,24.562698,4.608883,44.516514,Moderate
aq_g501,Makerere University Weather Station 94,0.33372,32.56873,2026-08-15,-0.3405364,24.562698,4.608883,44.516514,Moderate
aq_g501,Makerere University Weather Station 94,0.33372,32.56873,2026-08-16,-0.3405364,24.562698,4.608883,44.516514,Moderate
aq_g502,"Katende Ward, Jinja",0.47067,33.2351,2026-08-01,-0.2624305,26.778067,6.824251,46.73188,Moderate
aq_g502,"Katende Ward, Jinja",0.47067,33.2351,2026-08-02,-0.2624305,26.778067,6.824251,46.73188,Moderate
aq_g502,"Katende Ward, Jinja",0.47067,33.2351,2026-08-03,-0.2624305,26.778067,6.824251,46.73188,Moderate
aq_g502,"Katende Ward, Jinja",0.47067,33.2351,2026-08-04,-0.2624305,26.778067,6.824251,46.73188,Moderate
aq_g502,"Katende Ward, Jinja",0.47067,33.2351,2026-08-05,-0.2624305,26.778067,6.824251,46.73188,Moderate
aq_g502,"Katende Ward, Jinja",0.47067,33.2351,2026-08-06,-0.2624305,26.778067,6.824251,46.73188,Moderate
aq_g502,"Katende Ward, Jinja",0.47067,33.2351,2026-08-07,-0.2624305,26.778067,6.824251,46.73188,Moderate
aq_g502,"Katende Ward, Jinja",0.47067,33.2351,2026-08-08,-0.2624305,26.778067,6.824251,46.73188,Moderate
aq_g502,"Katende Ward, Jinja",0.47067,33.2351,2026-08-09,-0.2624305,26.778067,6.824251,46.73188,Moderate
aq_g502,"Katende Ward, Jinja",0.47067,33.2351,2026-08-10,-0.2624305,26.778067,6.824251,46.73188,Moderate
aq_g502,"Katende Ward, Jinja",0.47067,33.2351,2026-08-11,-0.2624305,26.778067,6.824251,46.73188,Moderate
aq_g502,"Katende Ward, Jinja",0.47067,33.2351,2026-08-12,-0.2624305,26.778067,6.824251,46.73188,Moderate
aq_g502,"Katende Ward, Jinja",0.47067,33.2351,2026-08-13,-0.2624305,26.778067,6.824251,46.73188,Moderate
aq_g502,"Katende Ward, Jinja",0.47067,33.2351,2026-08-14,-0.2624305,26.778067,6.824251,46.73188,Moderate
aq_g502,"Katende Ward, Jinja",0.47067,33.2351,2026-08-15,-0.2624305,26.778067,6.824251,46.73188,Moderate
aq_g502,"Katende Ward, Jinja",0.47067,33.2351,2026-08-16,-0.2624305,26.778067,6.824251,46.73188,Moderate
aq_g503,"Nakawa, KCCA Head Office",0.33181,32.60956,2026-08-01,-0.316247,25.251635,5.297819,45.205452,Moderate
aq_g503,"Nakawa, KCCA Head Office",0.33181,32.60956,2026-08-02,-0.316247,25.251635,5.297819,45.205452,Moderate
aq_g503,"Nakawa, KCCA Head Office",0.33181,32.60956,2026-08-03,-0.316247,25.251635,5.297819,45.205452,Moderate
aq_g503,"Nakawa, KCCA Head Office",0.33181,32.60956,2026-08-04,-0.316247,25.251635,5.297819,45.205452,Moderate
aq_g503,"Nakawa, KCCA Head Office",0.33181,32.60956,2026-08-05,-0.316247,25.251635,5.297819,45.205452,Moderate
aq_g503,"Nakawa, KCCA Head Office",0.33181,32.60956,2026-08-06,-0.316247,25.251635,5.297819,45.205452,Moderate
aq_g503,"Nakawa, KCCA Head Office",0.33181,32.60956,2026-08-07,-0.316247,25.251635,5.297819,45.205452,Moderate
aq_g503,"Nakawa, KCCA Head Office",0.33181,32.60956,2026-08-08,-0.316247,25.251635,5.297819,45.205452,Moderate
aq_g503,"Nakawa, KCCA Head Office",0.33181,32.60956,2026-08-09,-0.316247,25.251635,5.297819,45.205452,Moderate
aq_g503,"Nakawa, KCCA Head Office",0.33181,32.60956,2026-08-10,-0.316247,25.251635,5.297819,45.205452,Moderate
aq_g503,"Nakawa, KCCA Head Office",0.33181,32.60956,2026-08-11,-0.316247,25.251635,5.297819,45.205452,Moderate
aq_g503,"Nakawa, KCCA Head Office",0.33181,32.60956,2026-08-12,-0.316247,25.251635,5.297819,45.205452,Moderate
aq_g503,"Nakawa, KCCA Head Office",0.33181,32.60956,2026-08-13,-0.316247,25.251635,5.297819,45.205452,Moderate
aq_g503,"Nakawa, KCCA Head Office",0.33181,32.60956,2026-08-14,-0.316247,25.251635,5.297819,45.205452,Moderate
aq_g503,"Nakawa, KCCA Head Office",0.33181,32.60956,2026-08-15,-0.316247,25.251635,5.297819,45.205452,Moderate
aq_g503,"Nakawa, KCCA Head Office",0.33181,32.60956,2026-08-16,-0.316247,25.251635,5.297819,45.205452,Moderate
aq_g505,Bukasa Kira Municipality Wakiso,0.314236561,32.67571682,2026-08-01,-0.30972847,25.436523,5.482708,45.39034,Moderate
aq_g505,Bukasa Kira Municipality Wakiso,0.314236561,32.67571682,2026-08-02,-0.30972847,25.436523,5.482708,45.39034,Moderate
aq_g505,Bukasa Kira Municipality Wakiso,0.314236561,32.67571682,2026-08-03,-0.30972847,25.436523,5.482708,45.39034,Moderate
aq_g505,Bukasa Kira Municipality Wakiso,0.314236561,32.67571682,2026-08-04,-0.30972847,25.436523,5.482708,45.39034,Moderate
aq_g505,Bukasa Kira Municipality Wakiso,0.314236561,32.67571682,2026-08-05,-0.30972847,25.436523,5.482708,45.39034,Moderate
aq_g505,Bukasa Kira Municipality Wakiso,0.314236561,32.67571682,2026-08-06,-0.30972847,25.436523,5.482708,45.39034,Moderate
aq_g505,Bukasa Kira Municipality Wakiso,0.314236561,32.67571682,2026-08-07,-0.30972847,25.436523,5.482708,45.39034,Moderate
aq_g505,Bukasa Kira Municipality Wakiso,0.314236561,32.67571682,2026-08-08,-0.30972847,25.436523,5.482708,45.39034,Moderate
aq_g505,Bukasa Kira Municipality Wakiso,0.314236561,32.67571682,2026-08-09,-0.30972847,25.436523,5.482708,45.39034,Moderate
aq_g505,Bukasa Kira Municipality Wakiso,0.314236561,32.67571682,2026-08-10,-0.30972847,25.436523,5.482708,45.39034,Moderate
aq_g505,Bukasa Kira Municipality Wakiso,0.314236561,32.67571682,2026-08-11,-0.30972847,25.436523,5.482708,45.39034,Moderate
aq_g505,Bukasa Kira Municipality Wakiso,0.314236561,32.67571682,2026-08-12,-0.30972847,25.436523,5.482708,45.39034,Moderate
aq_g505,Bukasa Kira Municipality Wakiso,0.314236561,32.67571682,2026-08-13,-0.30972847,25.436523,5.482708,45.39034,Moderate
aq_g505,Bukasa Kira Municipality Wakiso,0.314236561,32.67571682,2026-08-14,-0.30972847,25.436523,5.482708,45.39034,Moderate
aq_g505,Bukasa Kira Municipality Wakiso,0.314236561,32.67571682,2026-08-15,-0.30972847,25.436523,5.482708,45.39034,Moderate
aq_g505,Bukasa Kira Municipality Wakiso,0.314236561,32.67571682,2026-08-16,-0.30972847,25.436523,5.482708,45.39034,Moderate
aq_g507,"Lower Nsooba, Kawempe",0.34963599999999995,32.576486645,2026-08-01,0.016196383,34.680946,14.727131,54.63476,Moderate
aq_g507,"Lower Nsooba, Kawempe",0.34963599999999995,32.576486645,2026-08-02,0.016196383,34.680946,14.727131,54.63476,Moderate
aq_g507,"Lower Nsooba, Kawempe",0.34963599999999995,32.576486645,2026-08-03,0.016196383,34.680946,14.727131,54.63476,Moderate
aq_g507,"Lower Nsooba, Kawempe",0.34963599999999995,32.576486645,2026-08-04,0.016196383,34.680946,14.727131,54.63476,Moderate
aq_g507,"Lower Nsooba, Kawempe",0.34963599999999995,32.576486645,2026-08-05,0.016196383,34.680946,14.727131,54.63476,Moderate
aq_g507,"Lower Nsooba, Kawempe",0.34963599999999995,32.576486645,2026-08-06,0.016196383,34.680946,14.727131,54.63476,Moderate
aq_g507,"Lower Nsooba, Kawempe",0.34963599999999995,32.576486645,2026-08-07,0.016196383,34.680946,14.727131,54.63476,Moderate
aq_g507,"Lower Nsooba, Kawempe",0.34963599999999995,32.576486645,2026-08-08,0.016196383,34.680946,14.727131,54.63476,Moderate
aq_g507,"Lower Nsooba, Kawempe",0.34963599999999995,32.576486645,2026-08-09,0.016196383,34.680946,14.727131,54.63476,Moderate
aq_g507,"Lower Nsooba, Kawempe",0.34963599999999995,32.576486645,2026-08-10,0.016196383,34.680946,14.727131,54.63476,Moderate
aq_g507,"Lower Nsooba, Kawempe",0.34963599999999995,32.576486645,2026-08-11,0.016196383,34.680946,14.727131,54.63476,Moderate
aq_g507,"Lower Nsooba, Kawempe",0.34963599999999995,32.576486645,2026-08-12,0.016196383,34.680946,14.727131,54.63476,Moderate
aq_g507,"Lower Nsooba, Kawempe",0.34963599999999995,32.576486645,2026-08-13,0.016196383,34.680946,14.727131,54.63476,Moderate
aq_g507,"Lower Nsooba, Kawempe",0.34963599999999995,32.576486645,2026-08-14,0.016196383,34.680946,14.727131,54.63476,Moderate
aq_g507,"Lower Nsooba, Kawempe",0.34963599999999995,32.576486645,2026-08-15,0.016196383,34.680946,14.727131,54.63476,Moderate
aq_g507,"Lower Nsooba, Kawempe",0.34963599999999995,32.576486645,2026-08-16,0.016196383,34.680946,14.727131,54.63476,Moderate
aq_g508,"Bahai, Kawempe",0.36457034,32.58934054,2026-08-01,-0.39488056,23.021296,3.06748,42.975113,Moderate
aq_g508,"Bahai, Kawempe",0.36457034,32.58934054,2026-08-02,-0.39488056,23.021296,3.06748,42.975113,Moderate
aq_g508,"Bahai, Kawempe",0.36457034,32.58934054,2026-08-03,-0.39488056,23.021296,3.06748,42.975113,Moderate
aq_g508,"Bahai, Kawempe",0.36457034,32.58934054,2026-08-04,-0.39488056,23.021296,3.06748,42.975113,Moderate
aq_g508,"Bahai, Kawempe",0.36457034,32.58934054,2026-08-05,-0.39488056,23.021296,3.06748,42.975113,Moderate
aq_g508,"Bahai, Kawempe",0.36457034,32.58934054,2026-08-06,-0.39488056,23.021296,3.06748,42.975113,Moderate
aq_g508,"Bahai, Kawempe",0.36457034,32.58934054,2026-08-07,-0.39488056,23.021296,3.06748,42.975113,Moderate
aq_g508,"Bahai, Kawempe",0.36457034,32.58934054,2026-08-08,-0.39488056,23.021296,3.06748,42.975113,Moderate
aq_g508,"Bahai, Kawempe",0.36457034,32.58934054,2026-08-09,-0.39488056,23.021296,3.06748,42.975113,Moderate
aq_g508,"Bahai, Kawempe",0.36457034,32.58934054,2026-08-10,-0.39488056,23.021296,3.06748,42.975113,Moderate
aq_g508,"Bahai, Kawempe",0.36457034,32.58934054,2026-08-11,-0.39488056,23.021296,3.06748,42.975113,Moderate
aq_g508,"Bahai, Kawempe",0.36457034,32.58934054,2026-08-12,-0.39488056,23.021296,3.06748,42.975113,Moderate
aq_g508,"Bahai, Kawempe",0.36457034,32.58934054,2026-08-13,-0.39488056,23.021296,3.06748,42.975113,Moderate
aq_g508,"Bahai, Kawempe",0.36457034,32.58934054,2026-08-14,-0.39488056,23.021296,3.06748,42.975113,Moderate
aq_g508,"Bahai, Kawempe",0.36457034,32.58934054,2026-08-15,-0.39488056,23.021296,3.06748,42.975113,Moderate
aq_g508,"Bahai, Kawempe",0.36457034,32.58934054,2026-08-16,-0.39488056,23.021296,3.06748,42.975113,Moderate
aq_g510,"Mpererwe, Kawempe",0.3807,32.57656,2026-08-01,-0.09914014,31.409578,11.455763,51.363396,Moderate
aq_g510,"Mpererwe, Kawempe",0.3807,32.57656,2026-08-02,-0.09914014,31.409578,11.455763,51.363396,Moderate
aq_g510,"Mpererwe, Kawempe",0.3807,32.57656,2026-08-03,-0.09914014,31.409578,11.455763,51.363396,Moderate
aq_g510,"Mpererwe, Kawempe",0.3807,32.57656,2026-08-04,-0.09914014,31.409578,11.455763,51.363396,Moderate
aq_g510,"Mpererwe, Kawempe",0.3807,32.57656,2026-08-05,-0.09914014,31.409578,11.455763,51.363396,Moderate
aq_g510,"Mpererwe, Kawempe",0.3807,32.57656,2026-08-06,-0.09914014,31.409578,11.455763,51.363396,Moderate
aq_g510,"Mpererwe, Kawempe",0.3807,32.57656,2026-08-07,-0.09914014,31.409578,11.455763,51.363396,Moderate
aq_g510,"Mpererwe, Kawempe",0.3807,32.57656,2026-08-08,-0.09914014,31.409578,11.455763,51.363396,Moderate
aq_g510,"Mpererwe, Kawempe",0.3807,32.57656,2026-08-09,-0.09914014,31.409578,11.455763,51.363396,Moderate
aq_g510,"Mpererwe, Kawempe",0.3807,32.57656,2026-08-10,-0.09914014,31.409578,11.455763,51.363396,Moderate
aq_g510,"Mpererwe, Kawempe",0.3807,32.57656,2026-08-11,-0.09914014,31.409578,11.455763,51.363396,Moderate
aq_g510,"Mpererwe, Kawempe",0.3807,32.57656,2026-08-12,-0.09914014,31.409578,11.455763,51.363396,Moderate
aq_g510,"Mpererwe, Kawempe",0.3807,32.57656,2026-08-13,-0.09914014,31.409578,11.455763,51.363396,Moderate
aq_g510,"Mpererwe, Kawempe",0.3807,32.57656,2026-08-14,-0.09914014,31.409578,11.455763,51.363396,Moderate
aq_g510,"Mpererwe, Kawempe",0.3807,32.57656,2026-08-15,-0.09914014,31.409578,11.455763,51.363396,Moderate
aq_g510,"Mpererwe, Kawempe",0.3807,32.57656,2026-08-16,-0.09914014,31.409578,11.455763,51.363396,Moderate
aq_g512,Kawempe,0.3516,32.56223,2026-08-01,-0.15823703,29.733376,9.77956,49.68719,Moderate
aq_g512,Kawempe,0.3516,32.56223,2026-08-02,-0.15823703,29.733376,9.77956,49.68719,Moderate
aq_g512,Kawempe,0.3516,32.56223,2026-08-03,-0.15823703,29.733376,9.77956,49.68719,Moderate
aq_g512,Kawempe,0.3516,32.56223,2026-08-04,-0.15823703,29.733376,9.77956,49.68719,Moderate
aq_g512,Kawempe,0.3516,32.56223,2026-08-05,-0.15823703,29.733376,9.77956,49.68719,Moderate
aq_g512,Kawempe,0.3516,32.56223,2026-08-06,-0.15823703,29.733376,9.77956,49.68719,Moderate
aq_g512,Kawempe,0.3516,32.56223,2026-08-07,-0.15823703,29.733376,9.77956,49.68719,Moderate
aq_g512,Kawempe,0.3516,32.56223,2026-08-08,-0.15823703,29.733376,9.77956,49.68719,Moderate
aq_g512,Kawempe,0.3516,32.56223,2026-08-09,-0.15823703,29.733376,9.77956,49.68719,Moderate
aq_g512,Kawempe,0.3516,32.56223,2026-08-10,-0.15823703,29.733376,9.77956,49.68719,Moderate
aq_g512,Kawempe,0.3516,32.56223,2026-08-11,-0.15823703,29.733376,9.77956,49.68719,Moderate
aq_g512,Kawempe,0.3516,32.56223,2026-08-12,-0.15823703,29.733376,9.77956,49.68719,Moderate
aq_g512,Kawempe,0.3516,32.56223,2026-08-13,-0.15823703,29.733376,9.77956,49.68719,Moderate
aq_g512,Kawempe,0.3516,32.56223,2026-08-14,-0.15823703,29.733376,9.77956,49.68719,Moderate
aq_g512,Kawempe,0.3516,32.56223,2026-08-15,-0.15823703,29.733376,9.77956,49.68719,Moderate
aq_g512,Kawempe,0.3516,32.56223,2026-08-16,-0.15823703,29.733376,9.77956,49.68719,Moderate
aq_g513,"Nsawo, Kira Municipality",0.39206,32.67292,2026-08-01,-0.48775804,20.386951,0.433136,40.340767,Moderate
aq_g513,"Nsawo, Kira Municipality",0.39206,32.67292,2026-08-02,-0.48775804,20.386951,0.433136,40.340767,Moderate
aq_g513,"Nsawo, Kira Municipality",0.39206,32.67292,2026-08-03,-0.48775804,20.386951,0.433136,40.340767,Moderate
aq_g513,"Nsawo, Kira Municipality",0.39206,32.67292,2026-08-04,-0.48775804,20.386951,0.433136,40.340767,Moderate
aq_g513,"Nsawo, Kira Municipality",0.39206,32.67292,2026-08-05,-0.48775804,20.386951,0.433136,40.340767,Moderate
aq_g513,"Nsawo, Kira Municipality",0.39206,32.67292,2026-08-06,-0.48775804,20.386951,0.433136,40.340767,Moderate
aq_g513,"Nsawo, Kira Municipality",0.39206,32.67292,2026-08-07,-0.48775804,20.386951,0.433136,40.340767,Moderate
aq_g513,"Nsawo, Kira Municipality",0.39206,32.67292,2026-08-08,-0.48775804,20.386951,0.433136,40.340767,Moderate
aq_g513,"Nsawo, Kira Municipality",0.39206,32.67292,2026-08-09,-0.48775804,20.386951,0.433136,40.340767,Moderate
aq_g513,"Nsawo, Kira Municipality",0.39206,32.67292,2026-08-10,-0.48775804,20.386951,0.433136,40.340767,Moderate
aq_g513,"Nsawo, Kira Municipality",0.39206,32.67292,2026-08-11,-0.48775804,20.386951,0.433136,40.340767,Moderate
aq_g513,"Nsawo, Kira Municipality",0.39206,32.67292,2026-08-12,-0.48775804,20.386951,0.433136,40.340767,Moderate
aq_g513,"Nsawo, Kira Municipality",0.39206,32.67292,2026-08-13,-0.48775804,20.386951,0.433136,40.340767,Moderate
aq_g513,"Nsawo, Kira Municipality",0.39206,32.67292,2026-08-14,-0.48775804,20.386951,0.433136,40.340767,Moderate
aq_g513,"Nsawo, Kira Municipality",0.39206,32.67292,2026-08-15,-0.48775804,20.386951,0.433136,40.340767,Moderate
aq_g513,"Nsawo, Kira Municipality",0.39206,32.67292,2026-08-16,-0.48775804,20.386951,0.433136,40.340767,Moderate
aq_g514,"Kitukutwe, Kira Municipality",0.43969,32.65472,2026-08-01,-0.44596115,21.572464,1.6186485,41.52628,Moderate
aq_g514,"Kitukutwe, Kira Municipality",0.43969,32.65472,2026-08-02,-0.44596115,21.572464,1.6186485,41.52628,Moderate
aq_g514,"Kitukutwe, Kira Municipality",0.43969,32.65472,2026-08-03,-0.44596115,21.572464,1.6186485,41.52628,Moderate
aq_g514,"Kitukutwe, Kira Municipality",0.43969,32.65472,2026-08-04,-0.44596115,21.572464,1.6186485,41.52628,Moderate
aq_g514,"Kitukutwe, Kira Municipality",0.43969,32.65472,2026-08-05,-0.44596115,21.572464,1.6186485,41.52628,Moderate
aq_g514,"Kitukutwe, Kira Municipality",0.43969,32.65472,2026-08-06,-0.44596115,21.572464,1.6186485,41.52628,Moderate
aq_g514,"Kitukutwe, Kira Municipality",0.43969,32.65472,2026-08-07,-0.44596115,21.572464,1.6186485,41.52628,Moderate
aq_g514,"Kitukutwe, Kira Municipality",0.43969,32.65472,2026-08-08,-0.44596115,21.572464,1.6186485,41.52628,Moderate
aq_g514,"Kitukutwe, Kira Municipality",0.43969,32.65472,2026-08-09,-0.44596115,21.572464,1.6186485,41.52628,Moderate
aq_g514,"Kitukutwe, Kira Municipality",0.43969,32.65472,2026-08-10,-0.44596115,21.572464,1.6186485,41.52628,Moderate
aq_g514,"Kitukutwe, Kira Municipality",0.43969,32.65472,2026-08-11,-0.44596115,21.572464,1.6186485,41.52628,Moderate
aq_g514,"Kitukutwe, Kira Municipality",0.43969,32.65472,2026-08-12,-0.44596115,21.572464,1.6186485,41.52628,Moderate
aq_g514,"Kitukutwe, Kira Municipality",0.43969,32.65472,2026-08-13,-0.44596115,21.572464,1.6186485,41.52628,Moderate
aq_g514,"Kitukutwe, Kira Municipality",0.43969,32.65472,2026-08-14,-0.44596115,21.572464,1.6186485,41.52628,Moderate
aq_g514,"Kitukutwe, Kira Municipality",0.43969,32.65472,2026-08-15,-0.44596115,21.572464,1.6186485,41.52628,Moderate
aq_g514,"Kitukutwe, Kira Municipality",0.43969,32.65472,2026-08-16,-0.44596115,21.572464,1.6186485,41.52628,Moderate
aq_g515,"City Council, Jinja",0.42224,33.20749,2026-08-01,-0.30760688,25.496698,5.542883,45.450516,Moderate
aq_g515,"City Council, Jinja",0.42224,33.20749,2026-08-02,-0.30760688,25.496698,5.542883,45.450516,Moderate
aq_g515,"City Council, Jinja",0.42224,33.20749,2026-08-03,-0.30760688,25.496698,5.542883,45.450516,Moderate
aq_g515,"City Council, Jinja",0.42224,33.20749,2026-08-04,-0.30760688,25.496698,5.542883,45.450516,Moderate
aq_g515,"City Council, Jinja",0.42224,33.20749,2026-08-05,-0.30760688,25.496698,5.542883,45.450516,Moderate
aq_g515,"City Council, Jinja",0.42224,33.20749,2026-08-06,-0.30760688,25.496698,5.542883,45.450516,Moderate
aq_g515,"City Council, Jinja",0.42224,33.20749,2026-08-07,-0.30760688,25.496698,5.542883,45.450516,Moderate
aq_g515,"City Council, Jinja",0.42224,33.20749,2026-08-08,-0.30760688,25.496698,5.542883,45.450516,Moderate
aq_g515,"City Council, Jinja",0.42224,33.20749,2026-08-09,-0.30760688,25.496698,5.542883,45.450516,Moderate
aq_g515,"City Council, Jinja",0.42224,33.20749,2026-08-10,-0.30760688,25.496698,5.542883,45.450516,Moderate
aq_g515,"City Council, Jinja",0.42224,33.20749,2026-08-11,-0.30760688,25.496698,5.542883,45.450516,Moderate
aq_g515,"City Council, Jinja",0.42224,33.20749,2026-08-12,-0.30760688,25.496698,5.542883,45.450516,Moderate
aq_g515,"City Council, Jinja",0.42224,33.20749,2026-08-13,-0.30760688,25.496698,5.542883,45.450516,Moderate
aq_g515,"City Council, Jinja",0.42224,33.20749,2026-08-14,-0.30760688,25.496698,5.542883,45.450516,Moderate
aq_g515,"City Council, Jinja",0.42224,33.20749,2026-08-15,-0.30760688,25.496698,5.542883,45.450516,Moderate
aq_g515,"City Council, Jinja",0.42224,33.20749,2026-08-16,-0.30760688,25.496698,5.542883,45.450516,Moderate
aq_g516,"Bbuto, Kira Municipality",0.391271497,32.67740372,2026-08-01,-0.35551465,24.137857,4.184042,44.091675,Moderate
aq_g516,"Bbuto, Kira Municipality",0.391271497,32.67740372,2026-08-02,-0.35551465,24.137857,4.184042,44.091675,Moderate
aq_g516,"Bbuto, Kira Municipality",0.391271497,32.67740372,2026-08-03,-0.35551465,24.137857,4.184042,44.091675,Moderate
aq_g516,"Bbuto, Kira Municipality",0.391271497,32.67740372,2026-08-04,-0.35551465,24.137857,4.184042,44.091675,Moderate
aq_g516,"Bbuto, Kira Municipality",0.391271497,32.67740372,2026-08-05,-0.35551465,24.137857,4.184042,44.091675,Moderate
aq_g516,"Bbuto, Kira Municipality",0.391271497,32.67740372,2026-08-06,-0.35551465,24.137857,4.184042,44.091675,Moderate
aq_g516,"Bbuto, Kira Municipality",0.391271497,32.67740372,2026-08-07,-0.35551465,24.137857,4.184042,44.091675,Moderate
aq_g516,"Bbuto, Kira Municipality",0.391271497,32.67740372,2026-08-08,-0.35551465,24.137857,4.184042,44.091675,Moderate
aq_g516,"Bbuto, Kira Municipality",0.391271497,32.67740372,2026-08-09,-0.35551465,24.137857,4.184042,44.091675,Moderate
aq_g516,"Bbuto, Kira Municipality",0.391271497,32.67740372,2026-08-10,-0.35551465,24.137857,4.184042,44.091675,Moderate
aq_g516,"Bbuto, Kira Municipality",0.391271497,32.67740372,2026-08-11,-0.35551465,24.137857,4.184042,44.091675,Moderate
aq_g516,"Bbuto, Kira Municipality",0.391271497,32.67740372,2026-08-12,-0.35551465,24.137857,4.184042,44.091675,Moderate
aq_g516,"Bbuto, Kira Municipality",0.391271497,32.67740372,2026-08-13,-0.35551465,24.137857,4.184042,44.091675,Moderate
aq_g516,"Bbuto, Kira Municipality",0.391271497,32.67740372,2026-08-14,-0.35551465,24.137857,4.184042,44.091675,Moderate
aq_g516,"Bbuto, Kira Municipality",0.391271497,32.67740372,2026-08-15,-0.35551465,24.137857,4.184042,44.091675,Moderate
aq_g516,"Bbuto, Kira Municipality",0.391271497,32.67740372,2026-08-16,-0.35551465,24.137857,4.184042,44.091675,Moderate
aq_g517,"Walukuba East, Jinja City",0.44267,33.22675,2026-08-01,-0.3997296,22.88376,2.929945,42.837578,Moderate
aq_g517,"Walukuba East, Jinja City",0.44267,33.22675,2026-08-02,-0.3997296,22.88376,2.929945,42.837578,Moderate
aq_g517,"Walukuba East, Jinja City",0.44267,33.22675,2026-08-03,-0.3997296,22.88376,2.929945,42.837578,Moderate
aq_g517,"Walukuba East, Jinja City",0.44267,33.22675,2026-08-04,-0.3997296,22.88376,2.929945,42.837578,Moderate
aq_g517,"Walukuba East, Jinja City",0.44267,33.22675,2026-08-05,-0.3997296,22.88376,2.929945,42.837578,Moderate
aq_g517,"Walukuba East, Jinja City",0.44267,33.22675,2026-08-06,-0.3997296,22.88376,2.929945,42.837578,Moderate
aq_g517,"Walukuba East, Jinja City",0.44267,33.22675,2026-08-07,-0.3997296,22.88376,2.929945,42.837578,Moderate
aq_g517,"Walukuba East, Jinja City",0.44267,33.22675,2026-08-08,-0.3997296,22.88376,2.929945,42.837578,Moderate
aq_g517,"Walukuba East, Jinja City",0.44267,33.22675,2026-08-09,-0.3997296,22.88376,2.929945,42.837578,Moderate
aq_g517,"Walukuba East, Jinja City",0.44267,33.22675,2026-08-10,-0.3997296,22.88376,2.929945,42.837578,Moderate
aq_g517,"Walukuba East, Jinja City",0.44267,33.22675,2026-08-11,-0.3997296,22.88376,2.929945,42.837578,Moderate
aq_g517,"Walukuba East, Jinja City",0.44267,33.22675,2026-08-12,-0.3997296,22.88376,2.929945,42.837578,Moderate
aq_g517,"Walukuba East, Jinja City",0.44267,33.22675,2026-08-13,-0.3997296,22.88376,2.929945,42.837578,Moderate
aq_g517,"Walukuba East, Jinja City",0.44267,33.22675,2026-08-14,-0.3997296,22.88376,2.929945,42.837578,Moderate
aq_g517,"Walukuba East, Jinja City",0.44267,33.22675,2026-08-15,-0.3997296,22.88376,2.929945,42.837578,Moderate
aq_g517,"Walukuba East, Jinja City",0.44267,33.22675,2026-08-16,-0.3997296,22.88376,2.929945,42.837578,Moderate
aq_g518,"Kivubuka Budondo, Jinja",0.5,33.15,2026-08-01,-0.5491365,18.646032,0.0,38.599846,Moderate
aq_g518,"Kivubuka Budondo, Jinja",0.5,33.15,2026-08-02,-0.5491365,18.646032,0.0,38.599846,Moderate
aq_g518,"Kivubuka Budondo, Jinja",0.5,33.15,2026-08-03,-0.5491365,18.646032,0.0,38.599846,Moderate
aq_g518,"Kivubuka Budondo, Jinja",0.5,33.15,2026-08-04,-0.5491365,18.646032,0.0,38.599846,Moderate
aq_g518,"Kivubuka Budondo, Jinja",0.5,33.15,2026-08-05,-0.5491365,18.646032,0.0,38.599846,Moderate
aq_g518,"Kivubuka Budondo, Jinja",0.5,33.15,2026-08-06,-0.5491365,18.646032,0.0,38.599846,Moderate
aq_g518,"Kivubuka Budondo, Jinja",0.5,33.15,2026-08-07,-0.5491365,18.646032,0.0,38.599846,Moderate
aq_g518,"Kivubuka Budondo, Jinja",0.5,33.15,2026-08-08,-0.5491365,18.646032,0.0,38.599846,Moderate
aq_g518,"Kivubuka Budondo, Jinja",0.5,33.15,2026-08-09,-0.5491365,18.646032,0.0,38.599846,Moderate
aq_g518,"Kivubuka Budondo, Jinja",0.5,33.15,2026-08-10,-0.5491365,18.646032,0.0,38.599846,Moderate
aq_g518,"Kivubuka Budondo, Jinja",0.5,33.15,2026-08-11,-0.5491365,18.646032,0.0,38.599846,Moderate
aq_g518,"Kivubuka Budondo, Jinja",0.5,33.15,2026-08-12,-0.5491365,18.646032,0.0,38.599846,Moderate
aq_g518,"Kivubuka Budondo, Jinja",0.5,33.15,2026-08-13,-0.5491365,18.646032,0.0,38.599846,Moderate
aq_g518,"Kivubuka Budondo, Jinja",0.5,33.15,2026-08-14,-0.5491365,18.646032,0.0,38.599846,Moderate
aq_g518,"Kivubuka Budondo, Jinja",0.5,33.15,2026-08-15,-0.5491365,18.646032,0.0,38.599846,Moderate
aq_g518,"Kivubuka Budondo, Jinja",0.5,33.15,2026-08-16,-0.5491365,18.646032,0.0,38.599846,Moderate
aq_g519,"Kyabirwa Namizzi, Jinja",0.49704,33.15706,2026-08-01,-0.58440906,17.645575,0.0,37.59939,Moderate
aq_g519,"Kyabirwa Namizzi, Jinja",0.49704,33.15706,2026-08-02,-0.58440906,17.645575,0.0,37.59939,Moderate
aq_g519,"Kyabirwa Namizzi, Jinja",0.49704,33.15706,2026-08-03,-0.58440906,17.645575,0.0,37.59939,Moderate
aq_g519,"Kyabirwa Namizzi, Jinja",0.49704,33.15706,2026-08-04,-0.58440906,17.645575,0.0,37.59939,Moderate
aq_g519,"Kyabirwa Namizzi, Jinja",0.49704,33.15706,2026-08-05,-0.58440906,17.645575,0.0,37.59939,Moderate
aq_g519,"Kyabirwa Namizzi, Jinja",0.49704,33.15706,2026-08-06,-0.58440906,17.645575,0.0,37.59939,Moderate
aq_g519,"Kyabirwa Namizzi, Jinja",0.49704,33.15706,2026-08-07,-0.58440906,17.645575,0.0,37.59939,Moderate
aq_g519,"Kyabirwa Namizzi, Jinja",0.49704,33.15706,2026-08-08,-0.58440906,17.645575,0.0,37.59939,Moderate
aq_g519,"Kyabirwa Namizzi, Jinja",0.49704,33.15706,2026-08-09,-0.58440906,17.645575,0.0,37.59939,Moderate
aq_g519,"Kyabirwa Namizzi, Jinja",0.49704,33.15706,2026-08-10,-0.58440906,17.645575,0.0,37.59939,Moderate
aq_g519,"Kyabirwa Namizzi, Jinja",0.49704,33.15706,2026-08-11,-0.58440906,17.645575,0.0,37.59939,Moderate
aq_g519,"Kyabirwa Namizzi, Jinja",0.49704,33.15706,2026-08-12,-0.58440906,17.645575,0.0,37.59939,Moderate
aq_g519,"Kyabirwa Namizzi, Jinja",0.49704,33.15706,2026-08-13,-0.58440906,17.645575,0.0,37.59939,Moderate
aq_g519,"Kyabirwa Namizzi, Jinja",0.49704,33.15706,2026-08-14,-0.58440906,17.645575,0.0,37.59939,Moderate
aq_g519,"Kyabirwa Namizzi, Jinja",0.49704,33.15706,2026-08-15,-0.58440906,17.645575,0.0,37.59939,Moderate
aq_g519,"Kyabirwa Namizzi, Jinja",0.49704,33.15706,2026-08-16,-0.58440906,17.645575,0.0,37.59939,Moderate
aq_g520,wabigalo,0.30991,32.60045,2026-08-01,-0.28922325,26.018127,6.064312,45.971943,Moderate
aq_g520,wabigalo,0.30991,32.60045,2026-08-02,-0.28922325,26.018127,6.064312,45.971943,Moderate
aq_g520,wabigalo,0.30991,32.60045,2026-08-03,-0.28922325,26.018127,6.064312,45.971943,Moderate
aq_g520,wabigalo,0.30991,32.60045,2026-08-04,-0.28922325,26.018127,6.064312,45.971943,Moderate
aq_g520,wabigalo,0.30991,32.60045,2026-08-05,-0.28922325,26.018127,6.064312,45.971943,Moderate
aq_g520,wabigalo,0.30991,32.60045,2026-08-06,-0.28922325,26.018127,6.064312,45.971943,Moderate
aq_g520,wabigalo,0.30991,32.60045,2026-08-07,-0.28922325,26.018127,6.064312,45.971943,Moderate
aq_g520,wabigalo,0.30991,32.60045,2026-08-08,-0.28922325,26.018127,6.064312,45.971943,Moderate
aq_g520,wabigalo,0.30991,32.60045,2026-08-09,-0.28922325,26.018127,6.064312,45.971943,Moderate
aq_g520,wabigalo,0.30991,32.60045,2026-08-10,-0.28922325,26.018127,6.064312,45.971943,Moderate
aq_g520,wabigalo,0.30991,32.60045,2026-08-11,-0.28922325,26.018127,6.064312,45.971943,Moderate
aq_g520,wabigalo,0.30991,32.60045,2026-08-12,-0.28922325,26.018127,6.064312,45.971943,Moderate
aq_g520,wabigalo,0.30991,32.60045,2026-08-13,-0.28922325,26.018127,6.064312,45.971943,Moderate
aq_g520,wabigalo,0.30991,32.60045,2026-08-14,-0.28922325,26.018127,6.064312,45.971943,Moderate
aq_g520,wabigalo,0.30991,32.60045,2026-08-15,-0.28922325,26.018127,6.064312,45.971943,Moderate
aq_g520,wabigalo,0.30991,32.60045,2026-08-16,-0.28922325,26.018127,6.064312,45.971943,Moderate
aq_g522,"Kirinya, Kira Municipality",0.33993,32.66562,2026-08-01,-0.39177355,23.109423,3.1556072,43.06324,Moderate
aq_g522,"Kirinya, Kira Municipality",0.33993,32.66562,2026-08-02,-0.39177355,23.109423,3.1556072,43.06324,Moderate
aq_g522,"Kirinya, Kira Municipality",0.33993,32.66562,2026-08-03,-0.39177355,23.109423,3.1556072,43.06324,Moderate
aq_g522,"Kirinya, Kira Municipality",0.33993,32.66562,2026-08-04,-0.39177355,23.109423,3.1556072,43.06324,Moderate
aq_g522,"Kirinya, Kira Municipality",0.33993,32.66562,2026-08-05,-0.39177355,23.109423,3.1556072,43.06324,Moderate
aq_g522,"Kirinya, Kira Municipality",0.33993,32.66562,2026-08-06,-0.39177355,23.109423,3.1556072,43.06324,Moderate
aq_g522,"Kirinya, Kira Municipality",0.33993,32.66562,2026-08-07,-0.39177355,23.109423,3.1556072,43.06324,Moderate
aq_g522,"Kirinya, Kira Municipality",0.33993,32.66562,2026-08-08,-0.39177355,23.109423,3.1556072,43.06324,Moderate
aq_g522,"Kirinya, Kira Municipality",0.33993,32.66562,2026-08-09,-0.39177355,23.109423,3.1556072,43.06324,Moderate
aq_g522,"Kirinya, Kira Municipality",0.33993,32.66562,2026-08-10,-0.39177355,23.109423,3.1556072,43.06324,Moderate
aq_g522,"Kirinya, Kira Municipality",0.33993,32.66562,2026-08-11,-0.39177355,23.109423,3.1556072,43.06324,Moderate
aq_g522,"Kirinya, Kira Municipality",0.33993,32.66562,2026-08-12,-0.39177355,23.109423,3.1556072,43.06324,Moderate
aq_g522,"Kirinya, Kira Municipality",0.33993,32.66562,2026-08-13,-0.39177355,23.109423,3.1556072,43.06324,Moderate
aq_g522,"Kirinya, Kira Municipality",0.33993,32.66562,2026-08-14,-0.39177355,23.109423,3.1556072,43.06324,Moderate
aq_g522,"Kirinya, Kira Municipality",0.33993,32.66562,2026-08-15,-0.39177355,23.109423,3.1556072,43.06324,Moderate
aq_g522,"Kirinya, Kira Municipality",0.33993,32.66562,2026-08-16,-0.39177355,23.109423,3.1556072,43.06324,Moderate
aq_g523,"Buwate, Kira Municipality",0.40533,32.62032,2026-08-01,-0.4971163,20.121517,0.16770172,40.075333,Moderate
aq_g523,"Buwate, Kira Municipality",0.40533,32.62032,2026-08-02,-0.4971163,20.121517,0.16770172,40.075333,Moderate
aq_g523,"Buwate, Kira Municipality",0.40533,32.62032,2026-08-03,-0.4971163,20.121517,0.16770172,40.075333,Moderate
aq_g523,"Buwate, Kira Municipality",0.40533,32.62032,2026-08-04,-0.4971163,20.121517,0.16770172,40.075333,Moderate
aq_g523,"Buwate, Kira Municipality",0.40533,32.62032,2026-08-05,-0.4971163,20.121517,0.16770172,40.075333,Moderate
aq_g523,"Buwate, Kira Municipality",0.40533,32.62032,2026-08-06,-0.4971163,20.121517,0.16770172,40.075333,Moderate
aq_g523,"Buwate, Kira Municipality",0.40533,32.62032,2026-08-07,-0.4971163,20.121517,0.16770172,40.075333,Moderate
aq_g523,"Buwate, Kira Municipality",0.40533,32.62032,2026-08-08,-0.4971163,20.121517,0.16770172,40.075333,Moderate
aq_g523,"Buwate, Kira Municipality",0.40533,32.62032,2026-08-09,-0.4971163,20.121517,0.16770172,40.075333,Moderate
aq_g523,"Buwate, Kira Municipality",0.40533,32.62032,2026-08-10,-0.4971163,20.121517,0.16770172,40.075333,Moderate
aq_g523,"Buwate, Kira Municipality",0.40533,32.62032,2026-08-11,-0.4971163,20.121517,0.16770172,40.075333,Moderate
aq_g523,"Buwate, Kira Municipality",0.40533,32.62032,2026-08-12,-0.4971163,20.121517,0.16770172,40.075333,Moderate
aq_g523,"Buwate, Kira Municipality",0.40533,32.62032,2026-08-13,-0.4971163,20.121517,0.16770172,40.075333,Moderate
aq_g523,"Buwate, Kira Municipality",0.40533,32.62032,2026-08-14,-0.4971163,20.121517,0.16770172,40.075333,Moderate
aq_g523,"Buwate, Kira Municipality",0.40533,32.62032,2026-08-15,-0.4971163,20.121517,0.16770172,40.075333,Moderate
aq_g523,"Buwate, Kira Municipality",0.40533,32.62032,2026-08-16,-0.4971163,20.121517,0.16770172,40.075333,Moderate
aq_g524,"Municipal Council, Kira Municipality",0.3975,32.6411,2026-08-01,-0.53369945,19.083885,0.0,39.0377,Moderate
aq_g524,"Municipal Council, Kira Municipality",0.3975,32.6411,2026-08-02,-0.53369945,19.083885,0.0,39.0377,Moderate
aq_g524,"Municipal Council, Kira Municipality",0.3975,32.6411,2026-08-03,-0.53369945,19.083885,0.0,39.0377,Moderate
aq_g524,"Municipal Council, Kira Municipality",0.3975,32.6411,2026-08-04,-0.53369945,19.083885,0.0,39.0377,Moderate
aq_g524,"Municipal Council, Kira Municipality",0.3975,32.6411,2026-08-05,-0.53369945,19.083885,0.0,39.0377,Moderate
aq_g524,"Municipal Council, Kira Municipality",0.3975,32.6411,2026-08-06,-0.53369945,19.083885,0.0,39.0377,Moderate
aq_g524,"Municipal Council, Kira Municipality",0.3975,32.6411,2026-08-07,-0.53369945,19.083885,0.0,39.0377,Moderate
aq_g524,"Municipal Council, Kira Municipality",0.3975,32.6411,2026-08-08,-0.53369945,19.083885,0.0,39.0377,Moderate
aq_g524,"Municipal Council, Kira Municipality",0.3975,32.6411,2026-08-09,-0.53369945,19.083885,0.0,39.0377,Moderate
aq_g524,"Municipal Council, Kira Municipality",0.3975,32.6411,2026-08-10,-0.53369945,19.083885,0.0,39.0377,Moderate
aq_g524,"Municipal Council, Kira Municipality",0.3975,32.6411,2026-08-11,-0.53369945,19.083885,0.0,39.0377,Moderate
aq_g524,"Municipal Council, Kira Municipality",0.3975,32.6411,2026-08-12,-0.53369945,19.083885,0.0,39.0377,Moderate
aq_g524,"Municipal Council, Kira Municipality",0.3975,32.6411,2026-08-13,-0.53369945,19.083885,0.0,39.0377,Moderate
aq_g524,"Municipal Council, Kira Municipality",0.3975,32.6411,2026-08-14,-0.53369945,19.083885,0.0,39.0377,Moderate
aq_g524,"Municipal Council, Kira Municipality",0.3975,32.6411,2026-08-15,-0.53369945,19.083885,0.0,39.0377,Moderate
aq_g524,"Municipal Council, Kira Municipality",0.3975,32.6411,2026-08-16,-0.53369945,19.083885,0.0,39.0377,Moderate
aq_g526,"Kasusu, Fort Portal",0.6237,30.25565,2026-08-01,-0.36050335,23.99636,4.0425453,43.950176,Moderate
aq_g526,"Kasusu, Fort Portal",0.6237,30.25565,2026-08-02,-0.36050335,23.99636,4.0425453,43.950176,Moderate
aq_g526,"Kasusu, Fort Portal",0.6237,30.25565,2026-08-03,-0.36050335,23.99636,4.0425453,43.950176,Moderate
aq_g526,"Kasusu, Fort Portal",0.6237,30.25565,2026-08-04,-0.36050335,23.99636,4.0425453,43.950176,Moderate
aq_g526,"Kasusu, Fort Portal",0.6237,30.25565,2026-08-05,-0.36050335,23.99636,4.0425453,43.950176,Moderate
aq_g526,"Kasusu, Fort Portal",0.6237,30.25565,2026-08-06,-0.36050335,23.99636,4.0425453,43.950176,Moderate
aq_g526,"Kasusu, Fort Portal",0.6237,30.25565,2026-08-07,-0.36050335,23.99636,4.0425453,43.950176,Moderate
aq_g526,"Kasusu, Fort Portal",0.6237,30.25565,2026-08-08,-0.36050335,23.99636,4.0425453,43.950176,Moderate
aq_g526,"Kasusu, Fort Portal",0.6237,30.25565,2026-08-09,-0.36050335,23.99636,4.0425453,43.950176,Moderate
aq_g526,"Kasusu, Fort Portal",0.6237,30.25565,2026-08-10,-0.36050335,23.99636,4.0425453,43.950176,Moderate
aq_g526,"Kasusu, Fort Portal",0.6237,30.25565,2026-08-11,-0.36050335,23.99636,4.0425453,43.950176,Moderate
aq_g526,"Kasusu, Fort Portal",0.6237,30.25565,2026-08-12,-0.36050335,23.99636,4.0425453,43.950176,Moderate
aq_g526,"Kasusu, Fort Portal",0.6237,30.25565,2026-08-13,-0.36050335,23.99636,4.0425453,43.950176,Moderate
aq_g526,"Kasusu, Fort Portal",0.6237,30.25565,2026-08-14,-0.36050335,23.99636,4.0425453,43.950176,Moderate
aq_g526,"Kasusu, Fort Portal",0.6237,30.25565,2026-08-15,-0.36050335,23.99636,4.0425453,43.950176,Moderate
aq_g526,"Kasusu, Fort Portal",0.6237,30.25565,2026-08-16,-0.36050335,23.99636,4.0425453,43.950176,Moderate
aq_g530,"Mpanga, Fort Portal",0.6569,30.27896,2026-08-01,-0.51323074,19.664452,0.0,39.618267,Moderate
aq_g530,"Mpanga, Fort Portal",0.6569,30.27896,2026-08-02,-0.51323074,19.664452,0.0,39.618267,Moderate
aq_g530,"Mpanga, Fort Portal",0.6569,30.27896,2026-08-03,-0.51323074,19.664452,0.0,39.618267,Moderate
aq_g530,"Mpanga, Fort Portal",0.6569,30.27896,2026-08-04,-0.51323074,19.664452,0.0,39.618267,Moderate
aq_g530,"Mpanga, Fort Portal",0.6569,30.27896,2026-08-05,-0.51323074,19.664452,0.0,39.618267,Moderate
aq_g530,"Mpanga, Fort Portal",0.6569,30.27896,2026-08-06,-0.51323074,19.664452,0.0,39.618267,Moderate
aq_g530,"Mpanga, Fort Portal",0.6569,30.27896,2026-08-07,-0.51323074,19.664452,0.0,39.618267,Moderate
aq_g530,"Mpanga, Fort Portal",0.6569,30.27896,2026-08-08,-0.51323074,19.664452,0.0,39.618267,Moderate
aq_g530,"Mpanga, Fort Portal",0.6569,30.27896,2026-08-09,-0.51323074,19.664452,0.0,39.618267,Moderate
aq_g530,"Mpanga, Fort Portal",0.6569,30.27896,2026-08-10,-0.51323074,19.664452,0.0,39.618267,Moderate
aq_g530,"Mpanga, Fort Portal",0.6569,30.27896,2026-08-11,-0.51323074,19.664452,0.0,39.618267,Moderate
aq_g530,"Mpanga, Fort Portal",0.6569,30.27896,2026-08-12,-0.51323074,19.664452,0.0,39.618267,Moderate
aq_g530,"Mpanga, Fort Portal",0.6569,30.27896,2026-08-13,-0.51323074,19.664452,0.0,39.618267,Moderate
aq_g530,"Mpanga, Fort Portal",0.6569,30.27896,2026-08-14,-0.51323074,19.664452,0.0,39.618267,Moderate
aq_g530,"Mpanga, Fort Portal",0.6569,30.27896,2026-08-15,-0.51323074,19.664452,0.0,39.618267,Moderate
aq_g530,"Mpanga, Fort Portal",0.6569,30.27896,2026-08-16,-0.51323074,19.664452,0.0,39.618267,Moderate
aq_g532,"Mpumudde, Jinja",0.46146,33.2103,2026-08-01,-0.5664515,18.154917,0.0,38.108734,Moderate
aq_g532,"Mpumudde, Jinja",0.46146,33.2103,2026-08-02,-0.5664515,18.154917,0.0,38.108734,Moderate
aq_g532,"Mpumudde, Jinja",0.46146,33.2103,2026-08-03,-0.5664515,18.154917,0.0,38.108734,Moderate
aq_g532,"Mpumudde, Jinja",0.46146,33.2103,2026-08-04,-0.5664515,18.154917,0.0,38.108734,Moderate
aq_g532,"Mpumudde, Jinja",0.46146,33.2103,2026-08-05,-0.5664515,18.154917,0.0,38.108734,Moderate
aq_g532,"Mpumudde, Jinja",0.46146,33.2103,2026-08-06,-0.5664515,18.154917,0.0,38.108734,Moderate
aq_g532,"Mpumudde, Jinja",0.46146,33.2103,2026-08-07,-0.5664515,18.154917,0.0,38.108734,Moderate
aq_g532,"Mpumudde, Jinja",0.46146,33.2103,2026-08-08,-0.5664515,18.154917,0.0,38.108734,Moderate
aq_g532,"Mpumudde, Jinja",0.46146,33.2103,2026-08-09,-0.5664515,18.154917,0.0,38.108734,Moderate
aq_g532,"Mpumudde, Jinja",0.46146,33.2103,2026-08-10,-0.5664515,18.154917,0.0,38.108734,Moderate
aq_g532,"Mpumudde, Jinja",0.46146,33.2103,2026-08-11,-0.5664515,18.154917,0.0,38.108734,Moderate
aq_g532,"Mpumudde, Jinja",0.46146,33.2103,2026-08-12,-0.5664515,18.154917,0.0,38.108734,Moderate
aq_g532,"Mpumudde, Jinja",0.46146,33.2103,2026-08-13,-0.5664515,18.154917,0.0,38.108734,Moderate
aq_g532,"Mpumudde, Jinja",0.46146,33.2103,2026-08-14,-0.5664515,18.154917,0.0,38.108734,Moderate
aq_g532,"Mpumudde, Jinja",0.46146,33.2103,2026-08-15,-0.5664515,18.154917,0.0,38.108734,Moderate
aq_g532,"Mpumudde, Jinja",0.46146,33.2103,2026-08-16,-0.5664515,18.154917,0.0,38.108734,Moderate
aq_g534,"Kinyamasika, Fort Portal",0.6301,30.2734,2026-08-01,-0.5815726,17.726027,0.0,37.67984,Moderate
aq_g534,"Kinyamasika, Fort Portal",0.6301,30.2734,2026-08-02,-0.5815726,17.726027,0.0,37.67984,Moderate
aq_g534,"Kinyamasika, Fort Portal",0.6301,30.2734,2026-08-03,-0.5815726,17.726027,0.0,37.67984,Moderate
aq_g534,"Kinyamasika, Fort Portal",0.6301,30.2734,2026-08-04,-0.5815726,17.726027,0.0,37.67984,Moderate
aq_g534,"Kinyamasika, Fort Portal",0.6301,30.2734,2026-08-05,-0.5815726,17.726027,0.0,37.67984,Moderate
aq_g534,"Kinyamasika, Fort Portal",0.6301,30.2734,2026-08-06,-0.5815726,17.726027,0.0,37.67984,Moderate
aq_g534,"Kinyamasika, Fort Portal",0.6301,30.2734,2026-08-07,-0.5815726,17.726027,0.0,37.67984,Moderate
aq_g534,"Kinyamasika, Fort Portal",0.6301,30.2734,2026-08-08,-0.5815726,17.726027,0.0,37.67984,Moderate
aq_g534,"Kinyamasika, Fort Portal",0.6301,30.2734,2026-08-09,-0.5815726,17.726027,0.0,37.67984,Moderate
aq_g534,"Kinyamasika, Fort Portal",0.6301,30.2734,2026-08-10,-0.5815726,17.726027,0.0,37.67984,Moderate
aq_g534,"Kinyamasika, Fort Portal",0.6301,30.2734,2026-08-11,-0.5815726,17.726027,0.0,37.67984,Moderate
aq_g534,"Kinyamasika, Fort Portal",0.6301,30.2734,2026-08-12,-0.5815726,17.726027,0.0,37.67984,Moderate
aq_g534,"Kinyamasika, Fort Portal",0.6301,30.2734,2026-08-13,-0.5815726,17.726027,0.0,37.67984,Moderate
aq_g534,"Kinyamasika, Fort Portal",0.6301,30.2734,2026-08-14,-0.5815726,17.726027,0.0,37.67984,Moderate
aq_g534,"Kinyamasika, Fort Portal",0.6301,30.2734,2026-08-15,-0.5815726,17.726027,0.0,37.67984,Moderate
aq_g534,"Kinyamasika, Fort Portal",0.6301,30.2734,2026-08-16,-0.5815726,17.726027,0.0,37.67984,Moderate
aq_g535,"Mountains of the Moon University, Fort Portal",0.68736,30.24734,2026-08-01,-0.41562852,22.43281,2.4789944,42.386627,Moderate
aq_g535,"Mountains of the Moon University, Fort Portal",0.68736,30.24734,2026-08-02,-0.41562852,22.43281,2.4789944,42.386627,Moderate
aq_g535,"Mountains of the Moon University, Fort Portal",0.68736,30.24734,2026-08-03,-0.41562852,22.43281,2.4789944,42.386627,Moderate
aq_g535,"Mountains of the Moon University, Fort Portal",0.68736,30.24734,2026-08-04,-0.41562852,22.43281,2.4789944,42.386627,Moderate
aq_g535,"Mountains of the Moon University, Fort Portal",0.68736,30.24734,2026-08-05,-0.41562852,22.43281,2.4789944,42.386627,Moderate
aq_g535,"Mountains of the Moon University, Fort Portal",0.68736,30.24734,2026-08-06,-0.41562852,22.43281,2.4789944,42.386627,Moderate
aq_g535,"Mountains of the Moon University, Fort Portal",0.68736,30.24734,2026-08-07,-0.41562852,22.43281,2.4789944,42.386627,Moderate
aq_g535,"Mountains of the Moon University, Fort Portal",0.68736,30.24734,2026-08-08,-0.41562852,22.43281,2.4789944,42.386627,Moderate
aq_g535,"Mountains of the Moon University, Fort Portal",0.68736,30.24734,2026-08-09,-0.41562852,22.43281,2.4789944,42.386627,Moderate
aq_g535,"Mountains of the Moon University, Fort Portal",0.68736,30.24734,2026-08-10,-0.41562852,22.43281,2.4789944,42.386627,Moderate
aq_g535,"Mountains of the Moon University, Fort Portal",0.68736,30.24734,2026-08-11,-0.41562852,22.43281,2.4789944,42.386627,Moderate
aq_g535,"Mountains of the Moon University, Fort Portal",0.68736,30.24734,2026-08-12,-0.41562852,22.43281,2.4789944,42.386627,Moderate
aq_g535,"Mountains of the Moon University, Fort Portal",0.68736,30.24734,2026-08-13,-0.41562852,22.43281,2.4789944,42.386627,Moderate
aq_g535,"Mountains of the Moon University, Fort Portal",0.68736,30.24734,2026-08-14,-0.41562852,22.43281,2.4789944,42.386627,Moderate
aq_g535,"Mountains of the Moon University, Fort Portal",0.68736,30.24734,2026-08-15,-0.41562852,22.43281,2.4789944,42.386627,Moderate
aq_g535,"Mountains of the Moon University, Fort Portal",0.68736,30.24734,2026-08-16,-0.41562852,22.43281,2.4789944,42.386627,Moderate
aq_g5_100,"Kabusu, Natete Road, Kampala, Uganda",0.294732,32.55165367,2026-08-01,-0.33104852,24.831808,4.8779926,44.78562,Moderate
aq_g5_100,"Kabusu, Natete Road, Kampala, Uganda",0.294732,32.55165367,2026-08-02,-0.33104852,24.831808,4.8779926,44.78562,Moderate
aq_g5_100,"Kabusu, Natete Road, Kampala, Uganda",0.294732,32.55165367,2026-08-03,-0.33104852,24.831808,4.8779926,44.78562,Moderate
aq_g5_100,"Kabusu, Natete Road, Kampala, Uganda",0.294732,32.55165367,2026-08-04,-0.33104852,24.831808,4.8779926,44.78562,Moderate
aq_g5_100,"Kabusu, Natete Road, Kampala, Uganda",0.294732,32.55165367,2026-08-05,-0.33104852,24.831808,4.8779926,44.78562,Moderate
aq_g5_100,"Kabusu, Natete Road, Kampala, Uganda",0.294732,32.55165367,2026-08-06,-0.33104852,24.831808,4.8779926,44.78562,Moderate
aq_g5_100,"Kabusu, Natete Road, Kampala, Uganda",0.294732,32.55165367,2026-08-07,-0.33104852,24.831808,4.8779926,44.78562,Moderate
aq_g5_100,"Kabusu, Natete Road, Kampala, Uganda",0.294732,32.55165367,2026-08-08,-0.33104852,24.831808,4.8779926,44.78562,Moderate
aq_g5_100,"Kabusu, Natete Road, Kampala, Uganda",0.294732,32.55165367,2026-08-09,-0.33104852,24.831808,4.8779926,44.78562,Moderate
aq_g5_100,"Kabusu, Natete Road, Kampala, Uganda",0.294732,32.55165367,2026-08-10,-0.33104852,24.831808,4.8779926,44.78562,Moderate
aq_g5_100,"Kabusu, Natete Road, Kampala, Uganda",0.294732,32.55165367,2026-08-11,-0.33104852,24.831808,4.8779926,44.78562,Moderate
aq_g5_100,"Kabusu, Natete Road, Kampala, Uganda",0.294732,32.55165367,2026-08-12,-0.33104852,24.831808,4.8779926,44.78562,Moderate
aq_g5_100,"Kabusu, Natete Road, Kampala, Uganda",0.294732,32.55165367,2026-08-13,-0.33104852,24.831808,4.8779926,44.78562,Moderate
aq_g5_100,"Kabusu, Natete Road, Kampala, Uganda",0.294732,32.55165367,2026-08-14,-0.33104852,24.831808,4.8779926,44.78562,Moderate
aq_g5_100,"Kabusu, Natete Road, Kampala, Uganda",0.294732,32.55165367,2026-08-15,-0.33104852,24.831808,4.8779926,44.78562,Moderate
aq_g5_100,"Kabusu, Natete Road, Kampala, Uganda",0.294732,32.55165367,2026-08-16,-0.33104852,24.831808,4.8779926,44.78562,Moderate
aq_g5_101,"Water and Environment House, Luzira",0.298265,32.649906,2026-08-01,-0.5126851,19.67993,0.0,39.633743,Moderate
aq_g5_101,"Water and Environment House, Luzira",0.298265,32.649906,2026-08-02,-0.5126851,19.67993,0.0,39.633743,Moderate
aq_g5_101,"Water and Environment House, Luzira",0.298265,32.649906,2026-08-03,-0.5126851,19.67993,0.0,39.633743,Moderate
aq_g5_101,"Water and Environment House, Luzira",0.298265,32.649906,2026-08-04,-0.5126851,19.67993,0.0,39.633743,Moderate
aq_g5_101,"Water and Environment House, Luzira",0.298265,32.649906,2026-08-05,-0.5126851,19.67993,0.0,39.633743,Moderate
aq_g5_101,"Water and Environment House, Luzira",0.298265,32.649906,2026-08-06,-0.5126851,19.67993,0.0,39.633743,Moderate
aq_g5_101,"Water and Environment House, Luzira",0.298265,32.649906,2026-08-07,-0.5126851,19.67993,0.0,39.633743,Moderate
aq_g5_101,"Water and Environment House, Luzira",0.298265,32.649906,2026-08-08,-0.5126851,19.67993,0.0,39.633743,Moderate
aq_g5_101,"Water and Environment House, Luzira",0.298265,32.649906,2026-08-09,-0.5126851,19.67993,0.0,39.633743,Moderate
aq_g5_101,"Water and Environment House, Luzira",0.298265,32.649906,2026-08-10,-0.5126851,19.67993,0.0,39.633743,Moderate
aq_g5_101,"Water and Environment House, Luzira",0.298265,32.649906,2026-08-11,-0.5126851,19.67993,0.0,39.633743,Moderate
aq_g5_101,"Water and Environment House, Luzira",0.298265,32.649906,2026-08-12,-0.5126851,19.67993,0.0,39.633743,Moderate
aq_g5_101,"Water and Environment House, Luzira",0.298265,32.649906,2026-08-13,-0.5126851,19.67993,0.0,39.633743,Moderate
aq_g5_101,"Water and Environment House, Luzira",0.298265,32.649906,2026-08-14,-0.5126851,19.67993,0.0,39.633743,Moderate
aq_g5_101,"Water and Environment House, Luzira",0.298265,32.649906,2026-08-15,-0.5126851,19.67993,0.0,39.633743,Moderate
aq_g5_101,"Water and Environment House, Luzira",0.298265,32.649906,2026-08-16,-0.5126851,19.67993,0.0,39.633743,Moderate
aq_g5_114,Layibi Gulu,2.745678,32.292271,2026-08-01,-0.64713573,15.866417,0.0,35.820232,Moderate
aq_g5_114,Layibi Gulu,2.745678,32.292271,2026-08-02,-0.64713573,15.866417,0.0,35.820232,Moderate
aq_g5_114,Layibi Gulu,2.745678,32.292271,2026-08-03,-0.64713573,15.866417,0.0,35.820232,Moderate
aq_g5_114,Layibi Gulu,2.745678,32.292271,2026-08-04,-0.64713573,15.866417,0.0,35.820232,Moderate
aq_g5_114,Layibi Gulu,2.745678,32.292271,2026-08-05,-0.64713573,15.866417,0.0,35.820232,Moderate
aq_g5_114,Layibi Gulu,2.745678,32.292271,2026-08-06,-0.64713573,15.866417,0.0,35.820232,Moderate
aq_g5_114,Layibi Gulu,2.745678,32.292271,2026-08-07,-0.64713573,15.866417,0.0,35.820232,Moderate
aq_g5_114,Layibi Gulu,2.745678,32.292271,2026-08-08,-0.64713573,15.866417,0.0,35.820232,Moderate
aq_g5_114,Layibi Gulu,2.745678,32.292271,2026-08-09,-0.64713573,15.866417,0.0,35.820232,Moderate
aq_g5_114,Layibi Gulu,2.745678,32.292271,2026-08-10,-0.64713573,15.866417,0.0,35.820232,Moderate
aq_g5_114,Layibi Gulu,2.745678,32.292271,2026-08-11,-0.64713573,15.866417,0.0,35.820232,Moderate
aq_g5_114,Layibi Gulu,2.745678,32.292271,2026-08-12,-0.64713573,15.866417,0.0,35.820232,Moderate
aq_g5_114,Layibi Gulu,2.745678,32.292271,2026-08-13,-0.64713573,15.866417,0.0,35.820232,Moderate
aq_g5_114,Layibi Gulu,2.745678,32.292271,2026-08-14,-0.64713573,15.866417,0.0,35.820232,Moderate
aq_g5_114,Layibi Gulu,2.745678,32.292271,2026-08-15,-0.64713573,15.866417,0.0,35.820232,Moderate
aq_g5_114,Layibi Gulu,2.745678,32.292271,2026-08-16,-0.64713573,15.866417,0.0,35.820232,Moderate
aq_g5_117,Mary Queen of Peace P/s Gulu,2.792297,32.366577,2026-08-01,-0.6869771,14.736371,0.0,34.690186,Moderate
aq_g5_117,Mary Queen of Peace P/s Gulu,2.792297,32.366577,2026-08-02,-0.6869771,14.736371,0.0,34.690186,Moderate
aq_g5_117,Mary Queen of Peace P/s Gulu,2.792297,32.366577,2026-08-03,-0.6869771,14.736371,0.0,34.690186,Moderate
aq_g5_117,Mary Queen of Peace P/s Gulu,2.792297,32.366577,2026-08-04,-0.6869771,14.736371,0.0,34.690186,Moderate
aq_g5_117,Mary Queen of Peace P/s Gulu,2.792297,32.366577,2026-08-05,-0.6869771,14.736371,0.0,34.690186,Moderate
aq_g5_117,Mary Queen of Peace P/s Gulu,2.792297,32.366577,2026-08-06,-0.6869771,14.736371,0.0,34.690186,Moderate
aq_g5_117,Mary Queen of Peace P/s Gulu,2.792297,32.366577,2026-08-07,-0.6869771,14.736371,0.0,34.690186,Moderate
aq_g5_117,Mary Queen of Peace P/s Gulu,2.792297,32.366577,2026-08-08,-0.6869771,14.736371,0.0,34.690186,Moderate
aq_g5_117,Mary Queen of Peace P/s Gulu,2.792297,32.366577,2026-08-09,-0.6869771,14.736371,0.0,34.690186,Moderate
aq_g5_117,Mary Queen of Peace P/s Gulu,2.792297,32.366577,2026-08-10,-0.6869771,14.736371,0.0,34.690186,Moderate
aq_g5_117,Mary Queen of Peace P/s Gulu,2.792297,32.366577,2026-08-11,-0.6869771,14.736371,0.0,34.690186,Moderate
aq_g5_117,Mary Queen of Peace P/s Gulu,2.792297,32.366577,2026-08-12,-0.6869771,14.736371,0.0,34.690186,Moderate
aq_g5_117,Mary Queen of Peace P/s Gulu,2.792297,32.366577,2026-08-13,-0.6869771,14.736371,0.0,34.690186,Moderate
aq_g5_117,Mary Queen of Peace P/s Gulu,2.792297,32.366577,2026-08-14,-0.6869771,14.736371,0.0,34.690186,Moderate
aq_g5_117,Mary Queen of Peace P/s Gulu,2.792297,32.366577,2026-08-15,-0.6869771,14.736371,0.0,34.690186,Moderate
aq_g5_117,Mary Queen of Peace P/s Gulu,2.792297,32.366577,2026-08-16,-0.6869771,14.736371,0.0,34.690186,Moderate
aq_g5_127,Nyakasura school Fortportal,0.675445391,30.22262427,2026-08-01,-0.62023425,16.62944,0.0,36.583256,Moderate
aq_g5_127,Nyakasura school Fortportal,0.675445391,30.22262427,2026-08-02,-0.62023425,16.62944,0.0,36.583256,Moderate
aq_g5_127,Nyakasura school Fortportal,0.675445391,30.22262427,2026-08-03,-0.62023425,16.62944,0.0,36.583256,Moderate
aq_g5_127,Nyakasura school Fortportal,0.675445391,30.22262427,2026-08-04,-0.62023425,16.62944,0.0,36.583256,Moderate
aq_g5_127,Nyakasura school Fortportal,0.675445391,30.22262427,2026-08-05,-0.62023425,16.62944,0.0,36.583256,Moderate
aq_g5_127,Nyakasura school Fortportal,0.675445391,30.22262427,2026-08-06,-0.62023425,16.62944,0.0,36.583256,Moderate
aq_g5_127,Nyakasura school Fortportal,0.675445391,30.22262427,2026-08-07,-0.62023425,16.62944,0.0,36.583256,Moderate
aq_g5_127,Nyakasura school Fortportal,0.675445391,30.22262427,2026-08-08,-0.62023425,16.62944,0.0,36.583256,Moderate
aq_g5_127,Nyakasura school Fortportal,0.675445391,30.22262427,2026-08-09,-0.62023425,16.62944,0.0,36.583256,Moderate
aq_g5_127,Nyakasura school Fortportal,0.675445391,30.22262427,2026-08-10,-0.62023425,16.62944,0.0,36.583256,Moderate
aq_g5_127,Nyakasura school Fortportal,0.675445391,30.22262427,2026-08-11,-0.62023425,16.62944,0.0,36.583256,Moderate
aq_g5_127,Nyakasura school Fortportal,0.675445391,30.22262427,2026-08-12,-0.62023425,16.62944,0.0,36.583256,Moderate
aq_g5_127,Nyakasura school Fortportal,0.675445391,30.22262427,2026-08-13,-0.62023425,16.62944,0.0,36.583256,Moderate
aq_g5_127,Nyakasura school Fortportal,0.675445391,30.22262427,2026-08-14,-0.62023425,16.62944,0.0,36.583256,Moderate
aq_g5_127,Nyakasura school Fortportal,0.675445391,30.22262427,2026-08-15,-0.62023425,16.62944,0.0,36.583256,Moderate
aq_g5_127,Nyakasura school Fortportal,0.675445391,30.22262427,2026-08-16,-0.62023425,16.62944,0.0,36.583256,Moderate
aq_g5_37,"Civic Centre, Kampala Central",0.319077,32.589951,2026-08-01,-0.17674877,29.208315,9.254499,49.162132,Moderate
aq_g5_37,"Civic Centre, Kampala Central",0.319077,32.589951,2026-08-02,-0.17674877,29.208315,9.254499,49.162132,Moderate
aq_g5_37,"Civic Centre, Kampala Central",0.319077,32.589951,2026-08-03,-0.17674877,29.208315,9.254499,49.162132,Moderate
aq_g5_37,"Civic Centre, Kampala Central",0.319077,32.589951,2026-08-04,-0.17674877,29.208315,9.254499,49.162132,Moderate
aq_g5_37,"Civic Centre, Kampala Central",0.319077,32.589951,2026-08-05,-0.17674877,29.208315,9.254499,49.162132,Moderate
aq_g5_37,"Civic Centre, Kampala Central",0.319077,32.589951,2026-08-06,-0.17674877,29.208315,9.254499,49.162132,Moderate
aq_g5_37,"Civic Centre, Kampala Central",0.319077,32.589951,2026-08-07,-0.17674877,29.208315,9.254499,49.162132,Moderate
aq_g5_37,"Civic Centre, Kampala Central",0.319077,32.589951,2026-08-08,-0.17674877,29.208315,9.254499,49.162132,Moderate
aq_g5_37,"Civic Centre, Kampala Central",0.319077,32.589951,2026-08-09,-0.17674877,29.208315,9.254499,49.162132,Moderate
aq_g5_37,"Civic Centre, Kampala Central",0.319077,32.589951,2026-08-10,-0.17674877,29.208315,9.254499,49.162132,Moderate
aq_g5_37,"Civic Centre, Kampala Central",0.319077,32.589951,2026-08-11,-0.17674877,29.208315,9.254499,49.162132,Moderate
aq_g5_37,"Civic Centre, Kampala Central",0.319077,32.589951,2026-08-12,-0.17674877,29.208315,9.254499,49.162132,Moderate
aq_g5_37,"Civic Centre, Kampala Central",0.319077,32.589951,2026-08-13,-0.17674877,29.208315,9.254499,49.162132,Moderate
aq_g5_37,"Civic Centre, Kampala Central",0.319077,32.589951,2026-08-14,-0.17674877,29.208315,9.254499,49.162132,Moderate
aq_g5_37,"Civic Centre, Kampala Central",0.319077,32.589951,2026-08-15,-0.17674877,29.208315,9.254499,49.162132,Moderate
aq_g5_37,"Civic Centre, Kampala Central",0.319077,32.589951,2026-08-16,-0.17674877,29.208315,9.254499,49.162132,Moderate
aq_g5_4,"Kireka, Kira Municipality",0.351483609,32.64980395,2026-08-01,0.010829116,34.528713,14.574898,54.48253,Moderate
aq_g5_4,"Kireka, Kira Municipality",0.351483609,32.64980395,2026-08-02,0.010829116,34.528713,14.574898,54.48253,Moderate
aq_g5_4,"Kireka, Kira Municipality",0.351483609,32.64980395,2026-08-03,0.010829116,34.528713,14.574898,54.48253,Moderate
aq_g5_4,"Kireka, Kira Municipality",0.351483609,32.64980395,2026-08-04,0.010829116,34.528713,14.574898,54.48253,Moderate
aq_g5_4,"Kireka, Kira Municipality",0.351483609,32.64980395,2026-08-05,0.010829116,34.528713,14.574898,54.48253,Moderate
aq_g5_4,"Kireka, Kira Municipality",0.351483609,32.64980395,2026-08-06,0.010829116,34.528713,14.574898,54.48253,Moderate
aq_g5_4,"Kireka, Kira Municipality",0.351483609,32.64980395,2026-08-07,0.010829116,34.528713,14.574898,54.48253,Moderate
aq_g5_4,"Kireka, Kira Municipality",0.351483609,32.64980395,2026-08-08,0.010829116,34.528713,14.574898,54.48253,Moderate
aq_g5_4,"Kireka, Kira Municipality",0.351483609,32.64980395,2026-08-09,0.010829116,34.528713,14.574898,54.48253,Moderate
aq_g5_4,"Kireka, Kira Municipality",0.351483609,32.64980395,2026-08-10,0.010829116,34.528713,14.574898,54.48253,Moderate
aq_g5_4,"Kireka, Kira Municipality",0.351483609,32.64980395,2026-08-11,0.010829116,34.528713,14.574898,54.48253,Moderate
aq_g5_4,"Kireka, Kira Municipality",0.351483609,32.64980395,2026-08-12,0.010829116,34.528713,14.574898,54.48253,Moderate
aq_g5_4,"Kireka, Kira Municipality",0.351483609,32.64980395,2026-08-13,0.010829116,34.528713,14.574898,54.48253,Moderate
aq_g5_4,"Kireka, Kira Municipality",0.351483609,32.64980395,2026-08-14,0.010829116,34.528713,14.574898,54.48253,Moderate
aq_g5_4,"Kireka, Kira Municipality",0.351483609,32.64980395,2026-08-15,0.010829116,34.528713,14.574898,54.48253,Moderate
aq_g5_4,"Kireka, Kira Municipality",0.351483609,32.64980395,2026-08-16,0.010829116,34.528713,14.574898,54.48253,Moderate
aq_g5_42,"Rugarama Hill, Kabale",-1.25103,29.98955,2026-08-01,-0.43475342,21.890358,1.9365425,41.844173,Moderate
aq_g5_42,"Rugarama Hill, Kabale",-1.25103,29.98955,2026-08-02,-0.43475342,21.890358,1.9365425,41.844173,Moderate
aq_g5_42,"Rugarama Hill, Kabale",-1.25103,29.98955,2026-08-03,-0.43475342,21.890358,1.9365425,41.844173,Moderate
aq_g5_42,"Rugarama Hill, Kabale",-1.25103,29.98955,2026-08-04,-0.43475342,21.890358,1.9365425,41.844173,Moderate
aq_g5_42,"Rugarama Hill, Kabale",-1.25103,29.98955,2026-08-05,-0.43475342,21.890358,1.9365425,41.844173,Moderate
aq_g5_42,"Rugarama Hill, Kabale",-1.25103,29.98955,2026-08-06,-0.43475342,21.890358,1.9365425,41.844173,Moderate
aq_g5_42,"Rugarama Hill, Kabale",-1.25103,29.98955,2026-08-07,-0.43475342,21.890358,1.9365425,41.844173,Moderate
aq_g5_42,"Rugarama Hill, Kabale",-1.25103,29.98955,2026-08-08,-0.43475342,21.890358,1.9365425,41.844173,Moderate
aq_g5_42,"Rugarama Hill, Kabale",-1.25103,29.98955,2026-08-09,-0.43475342,21.890358,1.9365425,41.844173,Moderate
aq_g5_42,"Rugarama Hill, Kabale",-1.25103,29.98955,2026-08-10,-0.43475342,21.890358,1.9365425,41.844173,Moderate
aq_g5_42,"Rugarama Hill, Kabale",-1.25103,29.98955,2026-08-11,-0.43475342,21.890358,1.9365425,41.844173,Moderate
aq_g5_42,"Rugarama Hill, Kabale",-1.25103,29.98955,2026-08-12,-0.43475342,21.890358,1.9365425,41.844173,Moderate
aq_g5_42,"Rugarama Hill, Kabale",-1.25103,29.98955,2026-08-13,-0.43475342,21.890358,1.9365425,41.844173,Moderate
aq_g5_42,"Rugarama Hill, Kabale",-1.25103,29.98955,2026-08-14,-0.43475342,21.890358,1.9365425,41.844173,Moderate
aq_g5_42,"Rugarama Hill, Kabale",-1.25103,29.98955,2026-08-15,-0.43475342,21.890358,1.9365425,41.844173,Moderate
aq_g5_42,"Rugarama Hill, Kabale",-1.25103,29.98955,2026-08-16,-0.43475342,21.890358,1.9365425,41.844173,Moderate
aq_g5_43,"Katwe 1, Makindye",0.300178,32.579632,2026-08-01,-0.13473168,30.400072,10.446257,50.35389,Moderate
aq_g5_43,"Katwe 1, Makindye",0.300178,32.579632,2026-08-02,-0.13473168,30.400072,10.446257,50.35389,Moderate
aq_g5_43,"Katwe 1, Makindye",0.300178,32.579632,2026-08-03,-0.13473168,30.400072,10.446257,50.35389,Moderate
aq_g5_43,"Katwe 1, Makindye",0.300178,32.579632,2026-08-04,-0.13473168,30.400072,10.446257,50.35389,Moderate
aq_g5_43,"Katwe 1, Makindye",0.300178,32.579632,2026-08-05,-0.13473168,30.400072,10.446257,50.35389,Moderate
aq_g5_43,"Katwe 1, Makindye",0.300178,32.579632,2026-08-06,-0.13473168,30.400072,10.446257,50.35389,Moderate
aq_g5_43,"Katwe 1, Makindye",0.300178,32.579632,2026-08-07,-0.13473168,30.400072,10.446257,50.35389,Moderate
aq_g5_43,"Katwe 1, Makindye",0.300178,32.579632,2026-08-08,-0.13473168,30.400072,10.446257,50.35389,Moderate
aq_g5_43,"Katwe 1, Makindye",0.300178,32.579632,2026-08-09,-0.13473168,30.400072,10.446257,50.35389,Moderate
aq_g5_43,"Katwe 1, Makindye",0.300178,32.579632,2026-08-10,-0.13473168,30.400072,10.446257,50.35389,Moderate
aq_g5_43,"Katwe 1, Makindye",0.300178,32.579632,2026-08-11,-0.13473168,30.400072,10.446257,50.35389,Moderate
aq_g5_43,"Katwe 1, Makindye",0.300178,32.579632,2026-08-12,-0.13473168,30.400072,10.446257,50.35389,Moderate
aq_g5_43,"Katwe 1, Makindye",0.300178,32.579632,2026-08-13,-0.13473168,30.400072,10.446257,50.35389,Moderate
aq_g5_43,"Katwe 1, Makindye",0.300178,32.579632,2026-08-14,-0.13473168,30.400072,10.446257,50.35389,Moderate
aq_g5_43,"Katwe 1, Makindye",0.300178,32.579632,2026-08-15,-0.13473168,30.400072,10.446257,50.35389,Moderate
aq_g5_43,"Katwe 1, Makindye",0.300178,32.579632,2026-08-16,-0.13473168,30.400072,10.446257,50.35389,Moderate
aq_g5_46,"Ggaba, Makindye",0.257858556,32.636913,2026-08-01,-0.36968732,23.73587,3.782055,43.689686,Moderate
aq_g5_46,"Ggaba, Makindye",0.257858556,32.636913,2026-08-02,-0.36968732,23.73587,3.782055,43.689686,Moderate
aq_g5_46,"Ggaba, Makindye",0.257858556,32.636913,2026-08-03,-0.36968732,23.73587,3.782055,43.689686,Moderate
aq_g5_46,"Ggaba, Makindye",0.257858556,32.636913,2026-08-04,-0.36968732,23.73587,3.782055,43.689686,Moderate
aq_g5_46,"Ggaba, Makindye",0.257858556,32.636913,2026-08-05,-0.36968732,23.73587,3.782055,43.689686,Moderate
aq_g5_46,"Ggaba, Makindye",0.257858556,32.636913,2026-08-06,-0.36968732,23.73587,3.782055,43.689686,Moderate
aq_g5_46,"Ggaba, Makindye",0.257858556,32.636913,2026-08-07,-0.36968732,23.73587,3.782055,43.689686,Moderate
aq_g5_46,"Ggaba, Makindye",0.257858556,32.636913,2026-08-08,-0.36968732,23.73587,3.782055,43.689686,Moderate
aq_g5_46,"Ggaba, Makindye",0.257858556,32.636913,2026-08-09,-0.36968732,23.73587,3.782055,43.689686,Moderate
aq_g5_46,"Ggaba, Makindye",0.257858556,32.636913,2026-08-10,-0.36968732,23.73587,3.782055,43.689686,Moderate
aq_g5_46,"Ggaba, Makindye",0.257858556,32.636913,2026-08-11,-0.36968732,23.73587,3.782055,43.689686,Moderate
aq_g5_46,"Ggaba, Makindye",0.257858556,32.636913,2026-08-12,-0.36968732,23.73587,3.782055,43.689686,Moderate
aq_g5_46,"Ggaba, Makindye",0.257858556,32.636913,2026-08-13,-0.36968732,23.73587,3.782055,43.689686,Moderate
aq_g5_46,"Ggaba, Makindye",0.257858556,32.636913,2026-08-14,-0.36968732,23.73587,3.782055,43.689686,Moderate
aq_g5_46,"Ggaba, Makindye",0.257858556,32.636913,2026-08-15,-0.36968732,23.73587,3.782055,43.689686,Moderate
aq_g5_46,"Ggaba, Makindye",0.257858556,32.636913,2026-08-16,-0.36968732,23.73587,3.782055,43.689686,Moderate
aq_g5_48,"Kabalagala town, Makindye",0.300454938,32.60469722,2026-08-01,-0.41357544,22.491043,2.5372276,42.44486,Moderate
aq_g5_48,"Kabalagala town, Makindye",0.300454938,32.60469722,2026-08-02,-0.41357544,22.491043,2.5372276,42.44486,Moderate
aq_g5_48,"Kabalagala town, Makindye",0.300454938,32.60469722,2026-08-03,-0.41357544,22.491043,2.5372276,42.44486,Moderate
aq_g5_48,"Kabalagala town, Makindye",0.300454938,32.60469722,2026-08-04,-0.41357544,22.491043,2.5372276,42.44486,Moderate
aq_g5_48,"Kabalagala town, Makindye",0.300454938,32.60469722,2026-08-05,-0.41357544,22.491043,2.5372276,42.44486,Moderate
aq_g5_48,"Kabalagala town, Makindye",0.300454938,32.60469722,2026-08-06,-0.41357544,22.491043,2.5372276,42.44486,Moderate
aq_g5_48,"Kabalagala town, Makindye",0.300454938,32.60469722,2026-08-07,-0.41357544,22.491043,2.5372276,42.44486,Moderate
aq_g5_48,"Kabalagala town, Makindye",0.300454938,32.60469722,2026-08-08,-0.41357544,22.491043,2.5372276,42.44486,Moderate
aq_g5_48,"Kabalagala town, Makindye",0.300454938,32.60469722,2026-08-09,-0.41357544,22.491043,2.5372276,42.44486,Moderate
aq_g5_48,"Kabalagala town, Makindye",0.300454938,32.60469722,2026-08-10,-0.41357544,22.491043,2.5372276,42.44486,Moderate
aq_g5_48,"Kabalagala town, Makindye",0.300454938,32.60469722,2026-08-11,-0.41357544,22.491043,2.5372276,42.44486,Moderate
aq_g5_48,"Kabalagala town, Makindye",0.300454938,32.60469722,2026-08-12,-0.41357544,22.491043,2.5372276,42.44486,Moderate
aq_g5_48,"Kabalagala town, Makindye",0.300454938,32.60469722,2026-08-13,-0.41357544,22.491043,2.5372276,42.44486,Moderate
aq_g5_48,"Kabalagala town, Makindye",0.300454938,32.60469722,2026-08-14,-0.41357544,22.491043,2.5372276,42.44486,Moderate
aq_g5_48,"Kabalagala town, Makindye",0.300454938,32.60469722,2026-08-15,-0.41357544,22.491043,2.5372276,42.44486,Moderate
aq_g5_48,"Kabalagala town, Makindye",0.300454938,32.60469722,2026-08-16,-0.41357544,22.491043,2.5372276,42.44486,Moderate
aq_g5_49,Makindye Kcca division offices,0.28571,32.58069,2026-08-01,-0.40260756,22.802132,2.8483162,42.755947,Moderate
aq_g5_49,Makindye Kcca division offices,0.28571,32.58069,2026-08-02,-0.40260756,22.802132,2.8483162,42.755947,Moderate
aq_g5_49,Makindye Kcca division offices,0.28571,32.58069,2026-08-03,-0.40260756,22.802132,2.8483162,42.755947,Moderate
aq_g5_49,Makindye Kcca division offices,0.28571,32.58069,2026-08-04,-0.40260756,22.802132,2.8483162,42.755947,Moderate
aq_g5_49,Makindye Kcca division offices,0.28571,32.58069,2026-08-05,-0.40260756,22.802132,2.8483162,42.755947,Moderate
aq_g5_49,Makindye Kcca division offices,0.28571,32.58069,2026-08-06,-0.40260756,22.802132,2.8483162,42.755947,Moderate
aq_g5_49,Makindye Kcca division offices,0.28571,32.58069,2026-08-07,-0.40260756,22.802132,2.8483162,42.755947,Moderate
aq_g5_49,Makindye Kcca division offices,0.28571,32.58069,2026-08-08,-0.40260756,22.802132,2.8483162,42.755947,Moderate
aq_g5_49,Makindye Kcca division offices,0.28571,32.58069,2026-08-09,-0.40260756,22.802132,2.8483162,42.755947,Moderate
aq_g5_49,Makindye Kcca division offices,0.28571,32.58069,2026-08-10,-0.40260756,22.802132,2.8483162,42.755947,Moderate
aq_g5_49,Makindye Kcca division offices,0.28571,32.58069,2026-08-11,-0.40260756,22.802132,2.8483162,42.755947,Moderate
aq_g5_49,Makindye Kcca division offices,0.28571,32.58069,2026-08-12,-0.40260756,22.802132,2.8483162,42.755947,Moderate
aq_g5_49,Makindye Kcca division offices,0.28571,32.58069,2026-08-13,-0.40260756,22.802132,2.8483162,42.755947,Moderate
aq_g5_49,Makindye Kcca division offices,0.28571,32.58069,2026-08-14,-0.40260756,22.802132,2.8483162,42.755947,Moderate
aq_g5_49,Makindye Kcca division offices,0.28571,32.58069,2026-08-15,-0.40260756,22.802132,2.8483162,42.755947,Moderate
aq_g5_49,Makindye Kcca division offices,0.28571,32.58069,2026-08-16,-0.40260756,22.802132,2.8483162,42.755947,Moderate
aq_g5_5,Pece Gulu,2.766827028,32.30435305,2026-08-01,-0.56117034,18.30471,0.0,38.258526,Moderate
aq_g5_5,Pece Gulu,2.766827028,32.30435305,2026-08-02,-0.56117034,18.30471,0.0,38.258526,Moderate
aq_g5_5,Pece Gulu,2.766827028,32.30435305,2026-08-03,-0.56117034,18.30471,0.0,38.258526,Moderate
aq_g5_5,Pece Gulu,2.766827028,32.30435305,2026-08-04,-0.56117034,18.30471,0.0,38.258526,Moderate
aq_g5_5,Pece Gulu,2.766827028,32.30435305,2026-08-05,-0.56117034,18.30471,0.0,38.258526,Moderate
aq_g5_5,Pece Gulu,2.766827028,32.30435305,2026-08-06,-0.56117034,18.30471,0.0,38.258526,Moderate
aq_g5_5,Pece Gulu,2.766827028,32.30435305,2026-08-07,-0.56117034,18.30471,0.0,38.258526,Moderate
aq_g5_5,Pece Gulu,2.766827028,32.30435305,2026-08-08,-0.56117034,18.30471,0.0,38.258526,Moderate
aq_g5_5,Pece Gulu,2.766827028,32.30435305,2026-08-09,-0.56117034,18.30471,0.0,38.258526,Moderate
aq_g5_5,Pece Gulu,2.766827028,32.30435305,2026-08-10,-0.56117034,18.30471,0.0,38.258526,Moderate
aq_g5_5,Pece Gulu,2.766827028,32.30435305,2026-08-11,-0.56117034,18.30471,0.0,38.258526,Moderate
aq_g5_5,Pece Gulu,2.766827028,32.30435305,2026-08-12,-0.56117034,18.30471,0.0,38.258526,Moderate
aq_g5_5,Pece Gulu,2.766827028,32.30435305,2026-08-13,-0.56117034,18.30471,0.0,38.258526,Moderate
aq_g5_5,Pece Gulu,2.766827028,32.30435305,2026-08-14,-0.56117034,18.30471,0.0,38.258526,Moderate
aq_g5_5,Pece Gulu,2.766827028,32.30435305,2026-08-15,-0.56117034,18.30471,0.0,38.258526,Moderate
aq_g5_5,Pece Gulu,2.766827028,32.30435305,2026-08-16,-0.56117034,18.30471,0.0,38.258526,Moderate
aq_g5_50,"Rushoroza Hill, Kabale",-1.24,29.99,2026-08-01,-0.2547006,26.997314,7.043499,46.95113,Moderate
aq_g5_50,"Rushoroza Hill, Kabale",-1.24,29.99,2026-08-02,-0.2547006,26.997314,7.043499,46.95113,Moderate
aq_g5_50,"Rushoroza Hill, Kabale",-1.24,29.99,2026-08-03,-0.2547006,26.997314,7.043499,46.95113,Moderate
aq_g5_50,"Rushoroza Hill, Kabale",-1.24,29.99,2026-08-04,-0.2547006,26.997314,7.043499,46.95113,Moderate
aq_g5_50,"Rushoroza Hill, Kabale",-1.24,29.99,2026-08-05,-0.2547006,26.997314,7.043499,46.95113,Moderate
aq_g5_50,"Rushoroza Hill, Kabale",-1.24,29.99,2026-08-06,-0.2547006,26.997314,7.043499,46.95113,Moderate
aq_g5_50,"Rushoroza Hill, Kabale",-1.24,29.99,2026-08-07,-0.2547006,26.997314,7.043499,46.95113,Moderate
aq_g5_50,"Rushoroza Hill, Kabale",-1.24,29.99,2026-08-08,-0.2547006,26.997314,7.043499,46.95113,Moderate
aq_g5_50,"Rushoroza Hill, Kabale",-1.24,29.99,2026-08-09,-0.2547006,26.997314,7.043499,46.95113,Moderate
aq_g5_50,"Rushoroza Hill, Kabale",-1.24,29.99,2026-08-10,-0.2547006,26.997314,7.043499,46.95113,Moderate
aq_g5_50,"Rushoroza Hill, Kabale",-1.24,29.99,2026-08-11,-0.2547006,26.997314,7.043499,46.95113,Moderate
aq_g5_50,"Rushoroza Hill, Kabale",-1.24,29.99,2026-08-12,-0.2547006,26.997314,7.043499,46.95113,Moderate
aq_g5_50,"Rushoroza Hill, Kabale",-1.24,29.99,2026-08-13,-0.2547006,26.997314,7.043499,46.95113,Moderate
aq_g5_50,"Rushoroza Hill, Kabale",-1.24,29.99,2026-08-14,-0.2547006,26.997314,7.043499,46.95113,Moderate
aq_g5_50,"Rushoroza Hill, Kabale",-1.24,29.99,2026-08-15,-0.2547006,26.997314,7.043499,46.95113,Moderate
aq_g5_50,"Rushoroza Hill, Kabale",-1.24,29.99,2026-08-16,-0.2547006,26.997314,7.043499,46.95113,Moderate
aq_g5_51,"Muyenga tank hill, Makindye",0.298243605,32.61538528,2026-08-01,-0.42935726,22.043411,2.0895958,41.997227,Moderate
aq_g5_51,"Muyenga tank hill, Makindye",0.298243605,32.61538528,2026-08-02,-0.42935726,22.043411,2.0895958,41.997227,Moderate
aq_g5_51,"Muyenga tank hill, Makindye",0.298243605,32.61538528,2026-08-03,-0.42935726,22.043411,2.0895958,41.997227,Moderate
aq_g5_51,"Muyenga tank hill, Makindye",0.298243605,32.61538528,2026-08-04,-0.42935726,22.043411,2.0895958,41.997227,Moderate
aq_g5_51,"Muyenga tank hill, Makindye",0.298243605,32.61538528,2026-08-05,-0.42935726,22.043411,2.0895958,41.997227,Moderate
aq_g5_51,"Muyenga tank hill, Makindye",0.298243605,32.61538528,2026-08-06,-0.42935726,22.043411,2.0895958,41.997227,Moderate
aq_g5_51,"Muyenga tank hill, Makindye",0.298243605,32.61538528,2026-08-07,-0.42935726,22.043411,2.0895958,41.997227,Moderate
aq_g5_51,"Muyenga tank hill, Makindye",0.298243605,32.61538528,2026-08-08,-0.42935726,22.043411,2.0895958,41.997227,Moderate
aq_g5_51,"Muyenga tank hill, Makindye",0.298243605,32.61538528,2026-08-09,-0.42935726,22.043411,2.0895958,41.997227,Moderate
aq_g5_51,"Muyenga tank hill, Makindye",0.298243605,32.61538528,2026-08-10,-0.42935726,22.043411,2.0895958,41.997227,Moderate
aq_g5_51,"Muyenga tank hill, Makindye",0.298243605,32.61538528,2026-08-11,-0.42935726,22.043411,2.0895958,41.997227,Moderate
aq_g5_51,"Muyenga tank hill, Makindye",0.298243605,32.61538528,2026-08-12,-0.42935726,22.043411,2.0895958,41.997227,Moderate
aq_g5_51,"Muyenga tank hill, Makindye",0.298243605,32.61538528,2026-08-13,-0.42935726,22.043411,2.0895958,41.997227,Moderate
aq_g5_51,"Muyenga tank hill, Makindye",0.298243605,32.61538528,2026-08-14,-0.42935726,22.043411,2.0895958,41.997227,Moderate
aq_g5_51,"Muyenga tank hill, Makindye",0.298243605,32.61538528,2026-08-15,-0.42935726,22.043411,2.0895958,41.997227,Moderate
aq_g5_51,"Muyenga tank hill, Makindye",0.298243605,32.61538528,2026-08-16,-0.42935726,22.043411,2.0895958,41.997227,Moderate
aq_g5_53,Kansanga Seed Secondary School,0.28863,32.60297,2026-08-01,-0.32950267,24.875654,4.9218388,44.829468,Moderate
aq_g5_53,Kansanga Seed Secondary School,0.28863,32.60297,2026-08-02,-0.32950267,24.875654,4.9218388,44.829468,Moderate
aq_g5_53,Kansanga Seed Secondary School,0.28863,32.60297,2026-08-03,-0.32950267,24.875654,4.9218388,44.829468,Moderate
aq_g5_53,Kansanga Seed Secondary School,0.28863,32.60297,2026-08-04,-0.32950267,24.875654,4.9218388,44.829468,Moderate
aq_g5_53,Kansanga Seed Secondary School,0.28863,32.60297,2026-08-05,-0.32950267,24.875654,4.9218388,44.829468,Moderate
aq_g5_53,Kansanga Seed Secondary School,0.28863,32.60297,2026-08-06,-0.32950267,24.875654,4.9218388,44.829468,Moderate
aq_g5_53,Kansanga Seed Secondary School,0.28863,32.60297,2026-08-07,-0.32950267,24.875654,4.9218388,44.829468,Moderate
aq_g5_53,Kansanga Seed Secondary School,0.28863,32.60297,2026-08-08,-0.32950267,24.875654,4.9218388,44.829468,Moderate
aq_g5_53,Kansanga Seed Secondary School,0.28863,32.60297,2026-08-09,-0.32950267,24.875654,4.9218388,44.829468,Moderate
aq_g5_53,Kansanga Seed Secondary School,0.28863,32.60297,2026-08-10,-0.32950267,24.875654,4.9218388,44.829468,Moderate
aq_g5_53,Kansanga Seed Secondary School,0.28863,32.60297,2026-08-11,-0.32950267,24.875654,4.9218388,44.829468,Moderate
aq_g5_53,Kansanga Seed Secondary School,0.28863,32.60297,2026-08-12,-0.32950267,24.875654,4.9218388,44.829468,Moderate
aq_g5_53,Kansanga Seed Secondary School,0.28863,32.60297,2026-08-13,-0.32950267,24.875654,4.9218388,44.829468,Moderate
aq_g5_53,Kansanga Seed Secondary School,0.28863,32.60297,2026-08-14,-0.32950267,24.875654,4.9218388,44.829468,Moderate
aq_g5_53,Kansanga Seed Secondary School,0.28863,32.60297,2026-08-15,-0.32950267,24.875654,4.9218388,44.829468,Moderate
aq_g5_53,Kansanga Seed Secondary School,0.28863,32.60297,2026-08-16,-0.32950267,24.875654,4.9218388,44.829468,Moderate
aq_g5_54,KCCA Division Rubaga,0.30887,32.56618,2026-08-01,-0.24573739,27.251543,7.2977276,47.20536,Moderate
aq_g5_54,KCCA Division Rubaga,0.30887,32.56618,2026-08-02,-0.24573739,27.251543,7.2977276,47.20536,Moderate
aq_g5_54,KCCA Division Rubaga,0.30887,32.56618,2026-08-03,-0.24573739,27.251543,7.2977276,47.20536,Moderate
aq_g5_54,KCCA Division Rubaga,0.30887,32.56618,2026-08-04,-0.24573739,27.251543,7.2977276,47.20536,Moderate
aq_g5_54,KCCA Division Rubaga,0.30887,32.56618,2026-08-05,-0.24573739,27.251543,7.2977276,47.20536,Moderate
aq_g5_54,KCCA Division Rubaga,0.30887,32.56618,2026-08-06,-0.24573739,27.251543,7.2977276,47.20536,Moderate
aq_g5_54,KCCA Division Rubaga,0.30887,32.56618,2026-08-07,-0.24573739,27.251543,7.2977276,47.20536,Moderate
aq_g5_54,KCCA Division Rubaga,0.30887,32.56618,2026-08-08,-0.24573739,27.251543,7.2977276,47.20536,Moderate
aq_g5_54,KCCA Division Rubaga,0.30887,32.56618,2026-08-09,-0.24573739,27.251543,7.2977276,47.20536,Moderate
aq_g5_54,KCCA Division Rubaga,0.30887,32.56618,2026-08-10,-0.24573739,27.251543,7.2977276,47.20536,Moderate
aq_g5_54,KCCA Division Rubaga,0.30887,32.56618,2026-08-11,-0.24573739,27.251543,7.2977276,47.20536,Moderate
aq_g5_54,KCCA Division Rubaga,0.30887,32.56618,2026-08-12,-0.24573739,27.251543,7.2977276,47.20536,Moderate
aq_g5_54,KCCA Division Rubaga,0.30887,32.56618,2026-08-13,-0.24573739,27.251543,7.2977276,47.20536,Moderate
aq_g5_54,KCCA Division Rubaga,0.30887,32.56618,2026-08-14,-0.24573739,27.251543,7.2977276,47.20536,Moderate
aq_g5_54,KCCA Division Rubaga,0.30887,32.56618,2026-08-15,-0.24573739,27.251543,7.2977276,47.20536,Moderate
aq_g5_54,KCCA Division Rubaga,0.30887,32.56618,2026-08-16,-0.24573739,27.251543,7.2977276,47.20536,Moderate
aq_g5_59,"Kikungiri Hill, Kabale Municipality Kabale",-1.2726,29.98752,2026-08-01,0.23242442,40.813965,20.86015,60.76778,Unhealthy for Sensitive Groups
aq_g5_59,"Kikungiri Hill, Kabale Municipality Kabale",-1.2726,29.98752,2026-08-02,0.23242442,40.813965,20.86015,60.76778,Unhealthy for Sensitive Groups
aq_g5_59,"Kikungiri Hill, Kabale Municipality Kabale",-1.2726,29.98752,2026-08-03,0.23242442,40.813965,20.86015,60.76778,Unhealthy for Sensitive Groups
aq_g5_59,"Kikungiri Hill, Kabale Municipality Kabale",-1.2726,29.98752,2026-08-04,0.23242442,40.813965,20.86015,60.76778,Unhealthy for Sensitive Groups
aq_g5_59,"Kikungiri Hill, Kabale Municipality Kabale",-1.2726,29.98752,2026-08-05,0.23242442,40.813965,20.86015,60.76778,Unhealthy for Sensitive Groups
aq_g5_59,"Kikungiri Hill, Kabale Municipality Kabale",-1.2726,29.98752,2026-08-06,0.23242442,40.813965,20.86015,60.76778,Unhealthy for Sensitive Groups
aq_g5_59,"Kikungiri Hill, Kabale Municipality Kabale",-1.2726,29.98752,2026-08-07,0.23242442,40.813965,20.86015,60.76778,Unhealthy for Sensitive Groups
aq_g5_59,"Kikungiri Hill, Kabale Municipality Kabale",-1.2726,29.98752,2026-08-08,0.23242442,40.813965,20.86015,60.76778,Unhealthy for Sensitive Groups
aq_g5_59,"Kikungiri Hill, Kabale Municipality Kabale",-1.2726,29.98752,2026-08-09,0.23242442,40.813965,20.86015,60.76778,Unhealthy for Sensitive Groups
aq_g5_59,"Kikungiri Hill, Kabale Municipality Kabale",-1.2726,29.98752,2026-08-10,0.23242442,40.813965,20.86015,60.76778,Unhealthy for Sensitive Groups
aq_g5_59,"Kikungiri Hill, Kabale Municipality Kabale",-1.2726,29.98752,2026-08-11,0.23242442,40.813965,20.86015,60.76778,Unhealthy for Sensitive Groups
aq_g5_59,"Kikungiri Hill, Kabale Municipality Kabale",-1.2726,29.98752,2026-08-12,0.23242442,40.813965,20.86015,60.76778,Unhealthy for Sensitive Groups
aq_g5_59,"Kikungiri Hill, Kabale Municipality Kabale",-1.2726,29.98752,2026-08-13,0.23242442,40.813965,20.86015,60.76778,Unhealthy for Sensitive Groups
aq_g5_59,"Kikungiri Hill, Kabale Municipality Kabale",-1.2726,29.98752,2026-08-14,0.23242442,40.813965,20.86015,60.76778,Unhealthy for Sensitive Groups
aq_g5_59,"Kikungiri Hill, Kabale Municipality Kabale",-1.2726,29.98752,2026-08-15,0.23242442,40.813965,20.86015,60.76778,Unhealthy for Sensitive Groups
aq_g5_59,"Kikungiri Hill, Kabale Municipality Kabale",-1.2726,29.98752,2026-08-16,0.23242442,40.813965,20.86015,60.76778,Unhealthy for Sensitive Groups
aq_g5_62,"Bunyonyi Region, Kabale",-1.27106,29.93945,2026-08-01,-0.47063553,20.87261,0.91879463,40.826424,Moderate
aq_g5_62,"Bunyonyi Region, Kabale",-1.27106,29.93945,2026-08-02,-0.47063553,20.87261,0.91879463,40.826424,Moderate
aq_g5_62,"Bunyonyi Region, Kabale",-1.27106,29.93945,2026-08-03,-0.47063553,20.87261,0.91879463,40.826424,Moderate
aq_g5_62,"Bunyonyi Region, Kabale",-1.27106,29.93945,2026-08-04,-0.47063553,20.87261,0.91879463,40.826424,Moderate
aq_g5_62,"Bunyonyi Region, Kabale",-1.27106,29.93945,2026-08-05,-0.47063553,20.87261,0.91879463,40.826424,Moderate
aq_g5_62,"Bunyonyi Region, Kabale",-1.27106,29.93945,2026-08-06,-0.47063553,20.87261,0.91879463,40.826424,Moderate
aq_g5_62,"Bunyonyi Region, Kabale",-1.27106,29.93945,2026-08-07,-0.47063553,20.87261,0.91879463,40.826424,Moderate
aq_g5_62,"Bunyonyi Region, Kabale",-1.27106,29.93945,2026-08-08,-0.47063553,20.87261,0.91879463,40.826424,Moderate
aq_g5_62,"Bunyonyi Region, Kabale",-1.27106,29.93945,2026-08-09,-0.47063553,20.87261,0.91879463,40.826424,Moderate
aq_g5_62,"Bunyonyi Region, Kabale",-1.27106,29.93945,2026-08-10,-0.47063553,20.87261,0.91879463,40.826424,Moderate
aq_g5_62,"Bunyonyi Region, Kabale",-1.27106,29.93945,2026-08-11,-0.47063553,20.87261,0.91879463,40.826424,Moderate
aq_g5_62,"Bunyonyi Region, Kabale",-1.27106,29.93945,2026-08-12,-0.47063553,20.87261,0.91879463,40.826424,Moderate
aq_g5_62,"Bunyonyi Region, Kabale",-1.27106,29.93945,2026-08-13,-0.47063553,20.87261,0.91879463,40.826424,Moderate
aq_g5_62,"Bunyonyi Region, Kabale",-1.27106,29.93945,2026-08-14,-0.47063553,20.87261,0.91879463,40.826424,Moderate
aq_g5_62,"Bunyonyi Region, Kabale",-1.27106,29.93945,2026-08-15,-0.47063553,20.87261,0.91879463,40.826424,Moderate
aq_g5_62,"Bunyonyi Region, Kabale",-1.27106,29.93945,2026-08-16,-0.47063553,20.87261,0.91879463,40.826424,Moderate
aq_g5_71,"Kyebando, Kampala",0.36133702,32.58709202,2026-08-01,-0.2505034,27.116364,7.162548,47.07018,Moderate
aq_g5_71,"Kyebando, Kampala",0.36133702,32.58709202,2026-08-02,-0.2505034,27.116364,7.162548,47.07018,Moderate
aq_g5_71,"Kyebando, Kampala",0.36133702,32.58709202,2026-08-03,-0.2505034,27.116364,7.162548,47.07018,Moderate
aq_g5_71,"Kyebando, Kampala",0.36133702,32.58709202,2026-08-04,-0.2505034,27.116364,7.162548,47.07018,Moderate
aq_g5_71,"Kyebando, Kampala",0.36133702,32.58709202,2026-08-05,-0.2505034,27.116364,7.162548,47.07018,Moderate
aq_g5_71,"Kyebando, Kampala",0.36133702,32.58709202,2026-08-06,-0.2505034,27.116364,7.162548,47.07018,Moderate
aq_g5_71,"Kyebando, Kampala",0.36133702,32.58709202,2026-08-07,-0.2505034,27.116364,7.162548,47.07018,Moderate
aq_g5_71,"Kyebando, Kampala",0.36133702,32.58709202,2026-08-08,-0.2505034,27.116364,7.162548,47.07018,Moderate
aq_g5_71,"Kyebando, Kampala",0.36133702,32.58709202,2026-08-09,-0.2505034,27.116364,7.162548,47.07018,Moderate
aq_g5_71,"Kyebando, Kampala",0.36133702,32.58709202,2026-08-10,-0.2505034,27.116364,7.162548,47.07018,Moderate
aq_g5_71,"Kyebando, Kampala",0.36133702,32.58709202,2026-08-11,-0.2505034,27.116364,7.162548,47.07018,Moderate
aq_g5_71,"Kyebando, Kampala",0.36133702,32.58709202,2026-08-12,-0.2505034,27.116364,7.162548,47.07018,Moderate
aq_g5_71,"Kyebando, Kampala",0.36133702,32.58709202,2026-08-13,-0.2505034,27.116364,7.162548,47.07018,Moderate
aq_g5_71,"Kyebando, Kampala",0.36133702,32.58709202,2026-08-14,-0.2505034,27.116364,7.162548,47.07018,Moderate
aq_g5_71,"Kyebando, Kampala",0.36133702,32.58709202,2026-08-15,-0.2505034,27.116364,7.162548,47.07018,Moderate
aq_g5_71,"Kyebando, Kampala",0.36133702,32.58709202,2026-08-16,-0.2505034,27.116364,7.162548,47.07018,Moderate
aq_g5_75,Faculty of Engineering Technology and Applied Art,-1.250234846,29.98132346,2026-08-01,-0.1354188,30.380585,10.426769,50.3344,Moderate
aq_g5_75,Faculty of Engineering Technology and Applied Art,-1.250234846,29.98132346,2026-08-02,-0.1354188,30.380585,10.426769,50.3344,Moderate
aq_g5_75,Faculty of Engineering Technology and Applied Art,-1.250234846,29.98132346,2026-08-03,-0.1354188,30.380585,10.426769,50.3344,Moderate
aq_g5_75,Faculty of Engineering Technology and Applied Art,-1.250234846,29.98132346,2026-08-04,-0.1354188,30.380585,10.426769,50.3344,Moderate
aq_g5_75,Faculty of Engineering Technology and Applied Art,-1.250234846,29.98132346,2026-08-05,-0.1354188,30.380585,10.426769,50.3344,Moderate
aq_g5_75,Faculty of Engineering Technology and Applied Art,-1.250234846,29.98132346,2026-08-06,-0.1354188,30.380585,10.426769,50.3344,Moderate
aq_g5_75,Faculty of Engineering Technology and Applied Art,-1.250234846,29.98132346,2026-08-07,-0.1354188,30.380585,10.426769,50.3344,Moderate
aq_g5_75,Faculty of Engineering Technology and Applied Art,-1.250234846,29.98132346,2026-08-08,-0.1354188,30.380585,10.426769,50.3344,Moderate
aq_g5_75,Faculty of Engineering Technology and Applied Art,-1.250234846,29.98132346,2026-08-09,-0.1354188,30.380585,10.426769,50.3344,Moderate
aq_g5_75,Faculty of Engineering Technology and Applied Art,-1.250234846,29.98132346,2026-08-10,-0.1354188,30.380585,10.426769,50.3344,Moderate
aq_g5_75,Faculty of Engineering Technology and Applied Art,-1.250234846,29.98132346,2026-08-11,-0.1354188,30.380585,10.426769,50.3344,Moderate
aq_g5_75,Faculty of Engineering Technology and Applied Art,-1.250234846,29.98132346,2026-08-12,-0.1354188,30.380585,10.426769,50.3344,Moderate
aq_g5_75,Faculty of Engineering Technology and Applied Art,-1.250234846,29.98132346,2026-08-13,-0.1354188,30.380585,10.426769,50.3344,Moderate
aq_g5_75,Faculty of Engineering Technology and Applied Art,-1.250234846,29.98132346,2026-08-14,-0.1354188,30.380585,10.426769,50.3344,Moderate
aq_g5_75,Faculty of Engineering Technology and Applied Art,-1.250234846,29.98132346,2026-08-15,-0.1354188,30.380585,10.426769,50.3344,Moderate
aq_g5_75,Faculty of Engineering Technology and Applied Art,-1.250234846,29.98132346,2026-08-16,-0.1354188,30.380585,10.426769,50.3344,Moderate
aq_g5_79,Lapeta Health Centre 3,2.825667643,32.325165,2026-08-01,-0.67927885,14.9547205,0.0,34.908535,Moderate
aq_g5_79,Lapeta Health Centre 3,2.825667643,32.325165,2026-08-02,-0.67927885,14.9547205,0.0,34.908535,Moderate
aq_g5_79,Lapeta Health Centre 3,2.825667643,32.325165,2026-08-03,-0.67927885,14.9547205,0.0,34.908535,Moderate
aq_g5_79,Lapeta Health Centre 3,2.825667643,32.325165,2026-08-04,-0.67927885,14.9547205,0.0,34.908535,Moderate
aq_g5_79,Lapeta Health Centre 3,2.825667643,32.325165,2026-08-05,-0.67927885,14.9547205,0.0,34.908535,Moderate
aq_g5_79,Lapeta Health Centre 3,2.825667643,32.325165,2026-08-06,-0.67927885,14.9547205,0.0,34.908535,Moderate
aq_g5_79,Lapeta Health Centre 3,2.825667643,32.325165,2026-08-07,-0.67927885,14.9547205,0.0,34.908535,Moderate
aq_g5_79,Lapeta Health Centre 3,2.825667643,32.325165,2026-08-08,-0.67927885,14.9547205,0.0,34.908535,Moderate
aq_g5_79,Lapeta Health Centre 3,2.825667643,32.325165,2026-08-09,-0.67927885,14.9547205,0.0,34.908535,Moderate
aq_g5_79,Lapeta Health Centre 3,2.825667643,32.325165,2026-08-10,-0.67927885,14.9547205,0.0,34.908535,Moderate
aq_g5_79,Lapeta Health Centre 3,2.825667643,32.325165,2026-08-11,-0.67927885,14.9547205,0.0,34.908535,Moderate
aq_g5_79,Lapeta Health Centre 3,2.825667643,32.325165,2026-08-12,-0.67927885,14.9547205,0.0,34.908535,Moderate
aq_g5_79,Lapeta Health Centre 3,2.825667643,32.325165,2026-08-13,-0.67927885,14.9547205,0.0,34.908535,Moderate
aq_g5_79,Lapeta Health Centre 3,2.825667643,32.325165,2026-08-14,-0.67927885,14.9547205,0.0,34.908535,Moderate
aq_g5_79,Lapeta Health Centre 3,2.825667643,32.325165,2026-08-15,-0.67927885,14.9547205,0.0,34.908535,Moderate
aq_g5_79,Lapeta Health Centre 3,2.825667643,32.325165,2026-08-16,-0.67927885,14.9547205,0.0,34.908535,Moderate
aq_g5_86,Makerere Main Gate Area.,0.329036389,32.571301500000004,2026-08-01,-0.3708866,23.701853,3.7480373,43.65567,Moderate
aq_g5_86,Makerere Main Gate Area.,0.329036389,32.571301500000004,2026-08-02,-0.3708866,23.701853,3.7480373,43.65567,Moderate
aq_g5_86,Makerere Main Gate Area.,0.329036389,32.571301500000004,2026-08-03,-0.3708866,23.701853,3.7480373,43.65567,Moderate
aq_g5_86,Makerere Main Gate Area.,0.329036389,32.571301500000004,2026-08-04,-0.3708866,23.701853,3.7480373,43.65567,Moderate
aq_g5_86,Makerere Main Gate Area.,0.329036389,32.571301500000004,2026-08-05,-0.3708866,23.701853,3.7480373,43.65567,Moderate
aq_g5_86,Makerere Main Gate Area.,0.329036389,32.571301500000004,2026-08-06,-0.3708866,23.701853,3.7480373,43.65567,Moderate
aq_g5_86,Makerere Main Gate Area.,0.329036389,32.571301500000004,2026-08-07,-0.3708866,23.701853,3.7480373,43.65567,Moderate
aq_g5_86,Makerere Main Gate Area.,0.329036389,32.571301500000004,2026-08-08,-0.3708866,23.701853,3.7480373,43.65567,Moderate
aq_g5_86,Makerere Main Gate Area.,0.329036389,32.571301500000004,2026-08-09,-0.3708866,23.701853,3.7480373,43.65567,Moderate
aq_g5_86,Makerere Main Gate Area.,0.329036389,32.571301500000004,2026-08-10,-0.3708866,23.701853,3.7480373,43.65567,Moderate
aq_g5_86,Makerere Main Gate Area.,0.329036389,32.571301500000004,2026-08-11,-0.3708866,23.701853,3.7480373,43.65567,Moderate
aq_g5_86,Makerere Main Gate Area.,0.329036389,32.571301500000004,2026-08-12,-0.3708866,23.701853,3.7480373,43.65567,Moderate
aq_g5_86,Makerere Main Gate Area.,0.329036389,32.571301500000004,2026-08-13,-0.3708866,23.701853,3.7480373,43.65567,Moderate
aq_g5_86,Makerere Main Gate Area.,0.329036389,32.571301500000004,2026-08-14,-0.3708866,23.701853,3.7480373,43.65567,Moderate
aq_g5_86,Makerere Main Gate Area.,0.329036389,32.571301500000004,2026-08-15,-0.3708866,23.701853,3.7480373,43.65567,Moderate
aq_g5_86,Makerere Main Gate Area.,0.329036389,32.571301500000004,2026-08-16,-0.3708866,23.701853,3.7480373,43.65567,Moderate
aq_g5_93,Gulu university,2.786562513,32.30920085,2026-08-01,-0.71028876,14.075165,0.0,34.02898,Moderate
aq_g5_93,Gulu university,2.786562513,32.30920085,2026-08-02,-0.71028876,14.075165,0.0,34.02898,Moderate
aq_g5_93,Gulu university,2.786562513,32.30920085,2026-08-03,-0.71028876,14.075165,0.0,34.02898,Moderate
aq_g5_93,Gulu university,2.786562513,32.30920085,2026-08-04,-0.71028876,14.075165,0.0,34.02898,Moderate
aq_g5_93,Gulu university,2.786562513,32.30920085,2026-08-05,-0.71028876,14.075165,0.0,34.02898,Moderate
aq_g5_93,Gulu university,2.786562513,32.30920085,2026-08-06,-0.71028876,14.075165,0.0,34.02898,Moderate
aq_g5_93,Gulu university,2.786562513,32.30920085,2026-08-07,-0.71028876,14.075165,0.0,34.02898,Moderate
aq_g5_93,Gulu university,2.786562513,32.30920085,2026-08-08,-0.71028876,14.075165,0.0,34.02898,Moderate
aq_g5_93,Gulu university,2.786562513,32.30920085,2026-08-09,-0.71028876,14.075165,0.0,34.02898,Moderate
aq_g5_93,Gulu university,2.786562513,32.30920085,2026-08-10,-0.71028876,14.075165,0.0,34.02898,Moderate
aq_g5_93,Gulu university,2.786562513,32.30920085,2026-08-11,-0.71028876,14.075165,0.0,34.02898,Moderate
aq_g5_93,Gulu university,2.786562513,32.30920085,2026-08-12,-0.71028876,14.075165,0.0,34.02898,Moderate
aq_g5_93,Gulu university,2.786562513,32.30920085,2026-08-13,-0.71028876,14.075165,0.0,34.02898,Moderate
aq_g5_93,Gulu university,2.786562513,32.30920085,2026-08-14,-0.71028876,14.075165,0.0,34.02898,Moderate
aq_g5_93,Gulu university,2.786562513,32.30920085,2026-08-15,-0.71028876,14.075165,0.0,34.02898,Moderate
aq_g5_93,Gulu university,2.786562513,32.30920085,2026-08-16,-0.71028876,14.075165,0.0,34.02898,Moderate
aq_g5_97,"Mbuya II, Nakawa",0.322924498,32.62850498,2026-08-01,-0.51111275,19.724527,0.0,39.678345,Moderate
aq_g5_97,"Mbuya II, Nakawa",0.322924498,32.62850498,2026-08-02,-0.51111275,19.724527,0.0,39.678345,Moderate
aq_g5_97,"Mbuya II, Nakawa",0.322924498,32.62850498,2026-08-03,-0.51111275,19.724527,0.0,39.678345,Moderate
aq_g5_97,"Mbuya II, Nakawa",0.322924498,32.62850498,2026-08-04,-0.51111275,19.724527,0.0,39.678345,Moderate
aq_g5_97,"Mbuya II, Nakawa",0.322924498,32.62850498,2026-08-05,-0.51111275,19.724527,0.0,39.678345,Moderate
aq_g5_97,"Mbuya II, Nakawa",0.322924498,32.62850498,2026-08-06,-0.51111275,19.724527,0.0,39.678345,Moderate
aq_g5_97,"Mbuya II, Nakawa",0.322924498,32.62850498,2026-08-07,-0.51111275,19.724527,0.0,39.678345,Moderate
aq_g5_97,"Mbuya II, Nakawa",0.322924498,32.62850498,2026-08-08,-0.51111275,19.724527,0.0,39.678345,Moderate
aq_g5_97,"Mbuya II, Nakawa",0.322924498,32.62850498,2026-08-09,-0.51111275,19.724527,0.0,39.678345,Moderate
aq_g5_97,"Mbuya II, Nakawa",0.322924498,32.62850498,2026-08-10,-0.51111275,19.724527,0.0,39.678345,Moderate
aq_g5_97,"Mbuya II, Nakawa",0.322924498,32.62850498,2026-08-11,-0.51111275,19.724527,0.0,39.678345,Moderate
aq_g5_97,"Mbuya II, Nakawa",0.322924498,32.62850498,2026-08-12,-0.51111275,19.724527,0.0,39.678345,Moderate
aq_g5_97,"Mbuya II, Nakawa",0.322924498,32.62850498,2026-08-13,-0.51111275,19.724527,0.0,39.678345,Moderate
aq_g5_97,"Mbuya II, Nakawa",0.322924498,32.62850498,2026-08-14,-0.51111275,19.724527,0.0,39.678345,Moderate
aq_g5_97,"Mbuya II, Nakawa",0.322924498,32.62850498,2026-08-15,-0.51111275,19.724527,0.0,39.678345,Moderate
aq_g5_97,"Mbuya II, Nakawa",0.322924498,32.62850498,2026-08-16,-0.51111275,19.724527,0.0,39.678345,Moderate
