device_name,site_name,latitude,longitude,datetime,pred_z,pred_pm25,lower,upper,aqi_category
ag_588c8125eca4,Kyebando,0.358762,32.584203,2026-08-01 00:00:00,0.7220491,54.701515,34.7477,74.655334,Unhealthy for Sensitive Groups
ag_588c8125eca4,Kyebando,0.358762,32.584203,2026-08-01 01:00:00,0.4587995,47.234795,27.28098,67.188614,Unhealthy for Sensitive Groups
ag_588c8125eca4,Kyebando,0.358762,32.584203,2026-08-01 02:00:00,0.4039805,45.679924,25.726109,65.63374,Unhealthy for Sensitive Groups
ag_588c8125eca4,Kyebando,0.358762,32.584203,2026-08-01 03:00:00,0.3620527,44.4907,24.536884,64.44452,Unhealthy for Sensitive Groups
ag_588c8125eca4,Kyebando,0.358762,32.584203,2026-08-01 04:00:00,1.8622268,87.04114,67.087326,106.99495,Unhealthy
ag_588c8125eca4,Kyebando,0.358762,32.584203,2026-08-01 05:00:00,1.7202024,83.0128,63.058987,102.96661,Unhealthy
ag_588c8125eca4,Kyebando,0.358762,32.584203,2026-08-01 06:00:00,1.7879121,84.9333,64.97948,104.887115,Unhealthy
ag_588c8125eca4,Kyebando,0.358762,32.584203,2026-08-01 07:00:00,1.2461143,69.565926,49.61211,89.519745,Unhealthy
ag_588c8125eca4,Kyebando,0.358762,32.584203,2026-08-01 08:00:00,1.1210834,66.01959,46.065777,85.973404,Unhealthy
ag_588c8125eca4,Kyebando,0.358762,32.584203,2026-08-01 09:00:00,0.69476867,53.927742,33.973927,73.88156,Unhealthy for Sensitive Groups
ag_588c8125eca4,Kyebando,0.358762,32.584203,2026-08-01 10:00:00,0.25462598,41.443684,21.489868,61.3975,Unhealthy for Sensitive Groups
ag_588c8125eca4,Kyebando,0.358762,32.584203,2026-08-01 11:00:00,-0.21614029,28.091026,8.137211,48.04484,Moderate
ag_588c8125eca4,Kyebando,0.358762,32.584203,2026-08-01 12:00:00,-0.23055804,27.682087,7.7282715,47.635902,Moderate
ag_588c8125eca4,Kyebando,0.358762,32.584203,2026-08-01 13:00:00,-0.16739671,29.473574,9.519758,49.42739,Moderate
ag_588c8125eca4,Kyebando,0.358762,32.584203,2026-08-01 14:00:00,-0.22752076,27.768234,7.814419,47.72205,Moderate
ag_588c8125eca4,Kyebando,0.358762,32.584203,2026-08-01 15:00:00,-0.2254552,27.826822,7.873007,47.78064,Moderate
ag_588c8125eca4,Kyebando,0.358762,32.584203,2026-08-01 16:00:00,-0.20518248,28.40183,8.448015,48.355644,Moderate
ag_588c8125eca4,Kyebando,0.358762,32.584203,2026-08-01 17:00:00,0.029046623,35.045425,15.09161,54.99924,Moderate
ag_588c8125eca4,Kyebando,0.358762,32.584203,2026-08-01 18:00:00,0.2304788,40.75878,20.804966,60.712597,Unhealthy for Sensitive Groups
ag_588c8125eca4,Kyebando,0.358762,32.584203,2026-08-01 19:00:00,0.5745258,50.517212,30.563396,70.47102,Unhealthy for Sensitive Groups
ag_588c8125eca4,Kyebando,0.358762,32.584203,2026-08-01 20:00:00,0.7828559,56.42622,36.472404,76.380035,Unhealthy
ag_588c8125eca4,Kyebando,0.358762,32.584203,2026-08-01 21:00:00,0.61268497,51.59955,31.645733,71.55336,Unhealthy for Sensitive Groups
ag_588c8125eca4,Kyebando,0.358762,32.584203,2026-08-01 22:00:00,0.75481987,55.631016,35.6772,75.58483,Unhealthy
ag_588c8125eca4,Kyebando,0.358762,32.584203,2026-08-01 23:00:00,0.90219826,59.811207,39.85739,79.76502,Unhealthy
ag_588c8125ef30,Sir Apollo Kagwa Road,0.33354,32.56861,2026-08-01 00:00:00,1.2697312,70.23579,50.28197,90.189606,Unhealthy
ag_588c8125ef30,Sir Apollo Kagwa Road,0.33354,32.56861,2026-08-01 01:00:00,0.8933713,59.56084,39.607025,79.514656,Unhealthy
ag_588c8125ef30,Sir Apollo Kagwa Road,0.33354,32.56861,2026-08-01 02:00:00,0.45272264,47.06243,27.108616,67.01625,Unhealthy for Sensitive Groups
ag_588c8125ef30,Sir Apollo Kagwa Road,0.33354,32.56861,2026-08-01 03:00:00,0.49302408,48.20553,28.251713,68.15935,Unhealthy for Sensitive Groups
ag_588c8125ef30,Sir Apollo Kagwa Road,0.33354,32.56861,2026-08-01 04:00:00,1.4018718,73.98378,54.029964,93.93759,Unhealthy
ag_588c8125ef30,Sir Apollo Kagwa Road,0.33354,32.56861,2026-08-01 05:00:00,1.7436258,83.67717,63.723354,103.63098,Unhealthy
ag_588c8125ef30,Sir Apollo Kagwa Road,0.33354,32.56861,2026-08-01 06:00:00,2.3551345,101.021805,81.06799,120.97562,Unhealthy
ag_588c8125ef30,Sir Apollo Kagwa Road,0.33354,32.56861,2026-08-01 07:00:00,2.1579432,95.42874,75.47493,115.38255,Unhealthy
ag_588c8125ef30,Sir Apollo Kagwa Road,0.33354,32.56861,2026-08-01 08:00:00,3.293888,127.64829,107.69447,147.60211,Very Unhealthy
ag_588c8125ef30,Sir Apollo Kagwa Road,0.33354,32.56861,2026-08-01 09:00:00,2.1270149,94.5515,74.59769,114.50531,Unhealthy
ag_588c8125ef30,Sir Apollo Kagwa Road,0.33354,32.56861,2026-08-01 10:00:00,1.6014236,79.6438,59.689983,99.59761,Unhealthy
ag_588c8125ef30,Sir Apollo Kagwa Road,0.33354,32.56861,2026-08-01 11:00:00,0.4689532,47.52279,27.568974,67.47661,Unhealthy for Sensitive Groups
ag_588c8125ef30,Sir Apollo Kagwa Road,0.33354,32.56861,2026-08-01 12:00:00,0.46632943,47.448368,27.494553,67.40218,Unhealthy for Sensitive Groups
ag_588c8125ef30,Sir Apollo Kagwa Road,0.33354,32.56861,2026-08-01 13:00:00,0.5687389,50.353077,30.399261,70.30689,Unhealthy for Sensitive Groups
ag_588c8125ef30,Sir Apollo Kagwa Road,0.33354,32.56861,2026-08-01 14:00:00,0.582401,50.740585,30.78677,70.6944,Unhealthy for Sensitive Groups
ag_588c8125ef30,Sir Apollo Kagwa Road,0.33354,32.56861,2026-08-01 15:00:00,0.87445843,59.024403,39.070587,78.97822,Unhealthy
ag_588c8125ef30,Sir Apollo Kagwa Road,0.33354,32.56861,2026-08-01 16:00:00,0.5408072,49.56083,29.607014,69.51465,Unhealthy for Sensitive Groups
ag_588c8125ef30,Sir Apollo Kagwa Road,0.33354,32.56861,2026-08-01 17:00:00,0.81583023,57.361492,37.407677,77.31531,Unhealthy
ag_588c8125ef30,Sir Apollo Kagwa Road,0.33354,32.56861,2026-08-01 18:00:00,0.50019747,48.40899,28.455173,68.36281,Unhealthy for Sensitive Groups
ag_588c8125ef30,Sir Apollo Kagwa Road,0.33354,32.56861,2026-08-01 19:00:00,0.716936,54.556488,34.602673,74.5103,Unhealthy for Sensitive Groups
ag_588c8125ef30,Sir Apollo Kagwa Road,0.33354,32.56861,2026-08-01 20:00:00,1.1822414,67.75426,47.80044,87.70807,Unhealthy
ag_588c8125ef30,Sir Apollo Kagwa Road,0.33354,32.56861,2026-08-01 21:00:00,1.2207545,68.846634,48.89282,88.800446,Unhealthy
ag_588c8125ef30,Sir Apollo Kagwa Road,0.33354,32.56861,2026-08-01 22:00:00,1.4444106,75.19034,55.236523,95.14415,Unhealthy
ag_588c8125ef30,Sir Apollo Kagwa Road,0.33354,32.56861,2026-08-01 23:00:00,1.6504427,81.034164,61.08035,100.987976,Unhealthy
ag_588c81266ad0,Mpelerwe Trading Center,0.33354,32.56861,2026-08-01 00:00:00,0.7423547,55.27746,35.323643,75.23128,Unhealthy for Sensitive Groups
ag_588c81266ad0,Mpelerwe Trading Center,0.33354,32.56861,2026-08-01 01:00:00,0.2872989,42.370407,22.416592,62.324223,Unhealthy for Sensitive Groups
ag_588c81266ad0,Mpelerwe Trading Center,0.33354,32.56861,2026-08-01 02:00:00,0.5518233,49.87329,29.919476,69.8271,Unhealthy for Sensitive Groups
ag_588c81266ad0,Mpelerwe Trading Center,0.33354,32.56861,2026-08-01 03:00:00,0.6367062,52.280876,32.32706,72.234695,Unhealthy for Sensitive Groups
ag_588c81266ad0,Mpelerwe Trading Center,0.33354,32.56861,2026-08-01 04:00:00,0.99000645,62.30177,42.347954,82.255585,Unhealthy
ag_588c81266ad0,Mpelerwe Trading Center,0.33354,32.56861,2026-08-01 05:00:00,1.0361326,63.610077,43.65626,83.56389,Unhealthy
ag_588c81266ad0,Mpelerwe Trading Center,0.33354,32.56861,2026-08-01 06:00:00,1.84285,86.49153,66.53772,106.44534,Unhealthy
ag_588c81266ad0,Mpelerwe Trading Center,0.33354,32.56861,2026-08-01 07:00:00,1.1984621,68.21434,48.260525,88.16815,Unhealthy
ag_588c81266ad0,Mpelerwe Trading Center,0.33354,32.56861,2026-08-01 08:00:00,1.4760823,76.08866,56.134846,96.04248,Unhealthy
ag_588c81266ad0,Mpelerwe Trading Center,0.33354,32.56861,2026-08-01 09:00:00,0.94711936,61.085335,41.13152,81.039154,Unhealthy
ag_588c81266ad0,Mpelerwe Trading Center,0.33354,32.56861,2026-08-01 10:00:00,0.039552737,35.34342,15.389603,55.297234,Moderate
ag_588c81266ad0,Mpelerwe Trading Center,0.33354,32.56861,2026-08-01 11:00:00,-0.1270781,30.617157,10.6633415,50.570972,Moderate
ag_588c81266ad0,Mpelerwe Trading Center,0.33354,32.56861,2026-08-01 12:00:00,-0.15445833,29.840553,9.886738,49.79437,Moderate
ag_588c81266ad0,Mpelerwe Trading Center,0.33354,32.56861,2026-08-01 13:00:00,-0.17027143,29.392036,9.438221,49.34585,Moderate
ag_588c81266ad0,Mpelerwe Trading Center,0.33354,32.56861,2026-08-01 14:00:00,0.1178264,37.563545,17.60973,57.51736,Unhealthy for Sensitive Groups
ag_588c81266ad0,Mpelerwe Trading Center,0.33354,32.56861,2026-08-01 15:00:00,0.1321737,37.97049,18.016674,57.924305,Unhealthy for Sensitive Groups
ag_588c81266ad0,Mpelerwe Trading Center,0.33354,32.56861,2026-08-01 16:00:00,0.14557889,38.350708,18.396893,58.304523,Unhealthy for Sensitive Groups
ag_588c81266ad0,Mpelerwe Trading Center,0.33354,32.56861,2026-08-01 17:00:00,0.24411412,41.145527,21.191711,61.099342,Unhealthy for Sensitive Groups
ag_588c81266ad0,Mpelerwe Trading Center,0.33354,32.56861,2026-08-01 18:00:00,0.38686377,45.19443,25.240616,65.14825,Unhealthy for Sensitive Groups
ag_588c81266ad0,Mpelerwe Trading Center,0.33354,32.56861,2026-08-01 19:00:00,0.67371285,53.33052,33.376705,73.28433,Unhealthy for Sensitive Groups
ag_588c81266ad0,Mpelerwe Trading Center,0.33354,32.56861,2026-08-01 20:00:00,1.3645172,72.92427,52.970455,92.87808,Unhealthy
ag_588c81266ad0,Mpelerwe Trading Center,0.33354,32.56861,2026-08-01 21:00:00,1.3861631,73.53822,53.584408,93.492035,Unhealthy
ag_588c81266ad0,Mpelerwe Trading Center,0.33354,32.56861,2026-08-01 22:00:00,1.4132657,74.30695,54.353138,94.26077,Unhealthy
ag_588c81266ad0,Mpelerwe Trading Center,0.33354,32.56861,2026-08-01 23:00:00,1.0418363,63.77185,43.818035,83.72566,Unhealthy
ag_588c81266dc8,"Nansana east ward, Wakiso",0.3759,32.528,2026-08-01 00:00:00,3.5482903,134.86407,114.91026,154.81789,Very Unhealthy
ag_588c81266dc8,"Nansana east ward, Wakiso",0.3759,32.528,2026-08-01 01:00:00,3.4203472,131.23514,111.28133,151.18895,Very Unhealthy
ag_588c81266dc8,"Nansana east ward, Wakiso",0.3759,32.528,2026-08-01 02:00:00,3.463929,132.47128,112.51747,152.4251,Very Unhealthy
ag_588c81266dc8,"Nansana east ward, Wakiso",0.3759,32.528,2026-08-01 03:00:00,3.6038306,136.43939,116.48558,156.3932,Very Unhealthy
ag_588c81266dc8,"Nansana east ward, Wakiso",0.3759,32.528,2026-08-01 04:00:00,4.6120996,165.0376,145.08379,184.99141,Very Unhealthy
ag_588c81266dc8,"Nansana east ward, Wakiso",0.3759,32.528,2026-08-01 05:00:00,4.5384603,162.94893,142.99512,182.90274,Very Unhealthy
ag_588c81266dc8,"Nansana east ward, Wakiso",0.3759,32.528,2026-08-01 06:00:00,4.680584,166.98007,147.02626,186.93388,Very Unhealthy
ag_588c81266dc8,"Nansana east ward, Wakiso",0.3759,32.528,2026-08-01 07:00:00,5.376979,186.73238,166.77856,206.68619,Very Unhealthy
ag_588c81266dc8,"Nansana east ward, Wakiso",0.3759,32.528,2026-08-01 08:00:00,7.4816637,246.42896,226.47514,266.38278,Hazardous
ag_588c81266dc8,"Nansana east ward, Wakiso",0.3759,32.528,2026-08-01 09:00:00,5.798584,198.69064,178.73683,218.64445,Very Unhealthy
ag_588c81266dc8,"Nansana east ward, Wakiso",0.3759,32.528,2026-08-01 10:00:00,2.91431,116.882065,96.92825,136.83588,Unhealthy
ag_588c81266dc8,"Nansana east ward, Wakiso",0.3759,32.528,2026-08-01 11:00:00,-0.01218548,33.875935,13.922119,53.82975,Moderate
ag_588c81266dc8,"Nansana east ward, Wakiso",0.3759,32.528,2026-08-01 12:00:00,-0.017734697,33.718536,13.764721,53.67235,Moderate
ag_588c81266dc8,"Nansana east ward, Wakiso",0.3759,32.528,2026-08-01 13:00:00,0.043058418,35.442852,15.489037,55.396667,Moderate
ag_588c81266dc8,"Nansana east ward, Wakiso",0.3759,32.528,2026-08-01 14:00:00,0.66611785,53.1151,33.161285,73.06892,Unhealthy for Sensitive Groups
ag_588c81266dc8,"Nansana east ward, Wakiso",0.3759,32.528,2026-08-01 15:00:00,-0.13369739,30.429409,10.475594,50.383224,Moderate
ag_588c81266dc8,"Nansana east ward, Wakiso",0.3759,32.528,2026-08-01 16:00:00,-0.12430916,30.695694,10.7418785,50.64951,Moderate
ag_588c81266dc8,"Nansana east ward, Wakiso",0.3759,32.528,2026-08-01 17:00:00,-0.18597066,28.946749,8.992933,48.900566,Moderate
ag_588c81266dc8,"Nansana east ward, Wakiso",0.3759,32.528,2026-08-01 18:00:00,-0.11665101,30.912907,10.959091,50.866722,Moderate
ag_588c81266dc8,"Nansana east ward, Wakiso",0.3759,32.528,2026-08-01 19:00:00,3.8779066,144.2132,124.259384,164.167,Very Unhealthy
ag_588c81266dc8,"Nansana east ward, Wakiso",0.3759,32.528,2026-08-01 20:00:00,4.1157384,150.95898,131.00517,170.9128,Very Unhealthy
ag_588c81266dc8,"Nansana east ward, Wakiso",0.3759,32.528,2026-08-01 21:00:00,3.9911427,147.42499,127.471176,167.3788,Very Unhealthy
ag_588c81266dc8,"Nansana east ward, Wakiso",0.3759,32.528,2026-08-01 22:00:00,3.6111457,136.64688,116.69307,156.6007,Very Unhealthy
ag_588c81266dc8,"Nansana east ward, Wakiso",0.3759,32.528,2026-08-01 23:00:00,3.6328893,137.26361,117.3098,157.21742,Very Unhealthy
ag_588c81267534,Salama Road,0.33354,32.56861,2026-08-01 00:00:00,1.2209175,68.85125,48.897434,88.80507,Unhealthy
ag_588c81267534,Salama Road,0.33354,32.56861,2026-08-01 01:00:00,0.9955179,62.45809,42.504276,82.41191,Unhealthy
ag_588c81267534,Salama Road,0.33354,32.56861,2026-08-01 02:00:00,0.31407493,43.129875,23.17606,63.08369,Unhealthy for Sensitive Groups
ag_588c81267534,Salama Road,0.33354,32.56861,2026-08-01 03:00:00,0.55849975,50.062656,30.10884,70.01647,Unhealthy for Sensitive Groups
ag_588c81267534,Salama Road,0.33354,32.56861,2026-08-01 04:00:00,0.7658496,55.94386,35.990044,75.897675,Unhealthy
ag_588c81267534,Salama Road,0.33354,32.56861,2026-08-01 05:00:00,0.9954694,62.45672,42.502903,82.41054,Unhealthy
ag_588c81267534,Salama Road,0.33354,32.56861,2026-08-01 06:00:00,1.4711746,75.94946,55.995647,95.903275,Unhealthy
ag_588c81267534,Salama Road,0.33354,32.56861,2026-08-01 07:00:00,1.303208,71.18531,51.231495,91.13913,Unhealthy
ag_588c81267534,Salama Road,0.33354,32.56861,2026-08-01 08:00:00,1.8459555,86.57962,66.62581,106.53343,Unhealthy
ag_588c81267534,Salama Road,0.33354,32.56861,2026-08-01 09:00:00,0.80307144,56.999607,37.04579,76.95342,Unhealthy
ag_588c81267534,Salama Road,0.33354,32.56861,2026-08-01 10:00:00,-0.026397029,33.47284,13.519024,53.426655,Moderate
ag_588c81267534,Salama Road,0.33354,32.56861,2026-08-01 11:00:00,-0.18677965,28.923801,8.969986,48.877617,Moderate
ag_588c81267534,Salama Road,0.33354,32.56861,2026-08-01 12:00:00,-0.24135609,27.375814,7.421999,47.329628,Moderate
ag_588c81267534,Salama Road,0.33354,32.56861,2026-08-01 13:00:00,-0.2428307,27.333988,7.3801727,47.287804,Moderate
ag_588c81267534,Salama Road,0.33354,32.56861,2026-08-01 14:00:00,-0.27678248,26.370993,6.417177,46.324806,Moderate
ag_588c81267534,Salama Road,0.33354,32.56861,2026-08-01 15:00:00,-0.22869727,27.734865,7.7810497,47.688683,Moderate
ag_588c81267534,Salama Road,0.33354,32.56861,2026-08-01 16:00:00,-0.20042264,28.536837,8.583021,48.490654,Moderate
ag_588c81267534,Salama Road,0.33354,32.56861,2026-08-01 17:00:00,0.18142676,39.367485,19.41367,59.3213,Unhealthy for Sensitive Groups
ag_588c81267534,Salama Road,0.33354,32.56861,2026-08-01 18:00:00,0.29199857,42.503708,22.549892,62.457523,Unhealthy for Sensitive Groups
ag_588c81267534,Salama Road,0.33354,32.56861,2026-08-01 19:00:00,0.6226576,51.88241,31.928593,71.83623,Unhealthy for Sensitive Groups
ag_588c81267534,Salama Road,0.33354,32.56861,2026-08-01 20:00:00,0.97796994,61.96037,42.006554,81.914185,Unhealthy
ag_588c81267534,Salama Road,0.33354,32.56861,2026-08-01 21:00:00,1.4257847,74.66203,54.708218,94.615845,Unhealthy
ag_588c81267534,Salama Road,0.33354,32.56861,2026-08-01 22:00:00,1.324145,71.77916,51.825344,91.73297,Unhealthy
ag_588c81267534,Salama Road,0.33354,32.56861,2026-08-01 23:00:00,1.1235747,66.090256,46.13644,86.04407,Unhealthy
ag_a085e3d92f54,Makerere University Weather Station,0.33354,32.56861,2026-08-01 00:00:00,0.46370387,47.373898,27.420082,67.32771,Unhealthy for Sensitive Groups
ag_a085e3d92f54,Makerere University Weather Station,0.33354,32.56861,2026-08-01 01:00:00,0.2895352,42.433838,22.480022,62.387653,Unhealthy for Sensitive Groups
ag_a085e3d92f54,Makerere University Weather Station,0.33354,32.56861,2026-08-01 02:00:00,0.29803544,42.674934,22.721119,62.62875,Unhealthy for Sensitive Groups
ag_a085e3d92f54,Makerere University Weather Station,0.33354,32.56861,2026-08-01 03:00:00,0.4206452,46.152596,26.19878,66.106415,Unhealthy for Sensitive Groups
ag_a085e3d92f54,Makerere University Weather Station,0.33354,32.56861,2026-08-01 04:00:00,1.0724605,64.64047,44.686657,84.594284,Unhealthy
ag_a085e3d92f54,Makerere University Weather Station,0.33354,32.56861,2026-08-01 05:00:00,0.40238723,45.634735,25.68092,65.58855,Unhealthy for Sensitive Groups
ag_a085e3d92f54,Makerere University Weather Station,0.33354,32.56861,2026-08-01 06:00:00,1.1293706,66.25465,46.30083,86.208466,Unhealthy
ag_a085e3d92f54,Makerere University Weather Station,0.33354,32.56861,2026-08-01 07:00:00,1.1866797,67.88014,47.926327,87.833954,Unhealthy
ag_a085e3d92f54,Makerere University Weather Station,0.33354,32.56861,2026-08-01 08:00:00,0.9337432,60.705936,40.75212,80.65975,Unhealthy
ag_a085e3d92f54,Makerere University Weather Station,0.33354,32.56861,2026-08-01 09:00:00,0.47370848,47.657665,27.70385,67.61148,Unhealthy for Sensitive Groups
ag_a085e3d92f54,Makerere University Weather Station,0.33354,32.56861,2026-08-01 10:00:00,0.11372968,37.44735,17.493534,57.401165,Unhealthy for Sensitive Groups
ag_a085e3d92f54,Makerere University Weather Station,0.33354,32.56861,2026-08-01 11:00:00,-0.2438646,27.304665,7.350849,47.25848,Moderate
ag_a085e3d92f54,Makerere University Weather Station,0.33354,32.56861,2026-08-01 12:00:00,-0.41317245,22.502472,2.5486565,42.456287,Moderate
ag_a085e3d92f54,Makerere University Weather Station,0.33354,32.56861,2026-08-01 13:00:00,-0.4471496,21.538757,1.5849419,41.492573,Moderate
ag_a085e3d92f54,Makerere University Weather Station,0.33354,32.56861,2026-08-01 14:00:00,-0.18981464,28.837719,8.8839035,48.791534,Moderate
ag_a085e3d92f54,Makerere University Weather Station,0.33354,32.56861,2026-08-01 15:00:00,-0.21875155,28.016962,8.063147,47.97078,Moderate
ag_a085e3d92f54,Makerere University Weather Station,0.33354,32.56861,2026-08-01 16:00:00,-0.28173923,26.2304,6.2765846,46.184216,Moderate
ag_a085e3d92f54,Makerere University Weather Station,0.33354,32.56861,2026-08-01 17:00:00,-0.20575717,28.38553,8.431715,48.339348,Moderate
ag_a085e3d92f54,Makerere University Weather Station,0.33354,32.56861,2026-08-01 18:00:00,-0.041302714,33.05006,13.096245,53.003876,Moderate
ag_a085e3d92f54,Makerere University Weather Station,0.33354,32.56861,2026-08-01 19:00:00,0.03781798,35.294212,15.340397,55.248028,Moderate
ag_a085e3d92f54,Makerere University Weather Station,0.33354,32.56861,2026-08-01 20:00:00,0.1237878,37.73263,17.778816,57.686447,Unhealthy for Sensitive Groups
ag_a085e3d92f54,Makerere University Weather Station,0.33354,32.56861,2026-08-01 21:00:00,0.30635273,42.910843,22.957027,62.86466,Unhealthy for Sensitive Groups
ag_a085e3d92f54,Makerere University Weather Station,0.33354,32.56861,2026-08-01 22:00:00,0.2963755,42.627853,22.674038,62.58167,Unhealthy for Sensitive Groups
ag_a085e3d92f54,Makerere University Weather Station,0.33354,32.56861,2026-08-01 23:00:00,0.36471412,44.566185,24.61237,64.520004,Unhealthy for Sensitive Groups
airqo-g5168,Mbarara Central,-0.614188,30.65904,2026-08-01 00:00:00,-0.22948226,27.7126,7.7587852,47.666416,Moderate
airqo-g5168,Mbarara Central,-0.614188,30.65904,2026-08-01 01:00:00,-0.15223186,29.903704,9.949888,49.85752,Moderate
airqo-g5168,Mbarara Central,-0.614188,30.65904,2026-08-01 02:00:00,-0.26718372,26.643248,6.689432,46.59706,Moderate
airqo-g5168,Mbarara Central,-0.614188,30.65904,2026-08-01 03:00:00,-0.20734596,28.340466,8.38665,48.29428,Moderate
airqo-g5168,Mbarara Central,-0.614188,30.65904,2026-08-01 04:00:00,-0.17876701,29.15107,9.197254,49.104885,Moderate
airqo-g5168,Mbarara Central,-0.614188,30.65904,2026-08-01 05:00:00,-0.110666014,31.082664,11.128849,51.03648,Moderate
airqo-g5168,Mbarara Central,-0.614188,30.65904,2026-08-01 06:00:00,0.09142939,36.81483,16.861015,56.768646,Unhealthy for Sensitive Groups
airqo-g5168,Mbarara Central,-0.614188,30.65904,2026-08-01 07:00:00,-0.069475524,32.250977,12.297161,52.204792,Moderate
airqo-g5168,Mbarara Central,-0.614188,30.65904,2026-08-01 08:00:00,0.29399663,42.56038,22.606564,62.514194,Unhealthy for Sensitive Groups
airqo-g5168,Mbarara Central,-0.614188,30.65904,2026-08-01 09:00:00,-0.33970472,24.586287,4.632471,44.5401,Moderate
airqo-g5168,Mbarara Central,-0.614188,30.65904,2026-08-01 10:00:00,-0.54762584,18.68888,0.0,38.642696,Moderate
airqo-g5168,Mbarara Central,-0.614188,30.65904,2026-08-01 11:00:00,-0.51485205,19.618465,0.0,39.57228,Moderate
airqo-g5168,Mbarara Central,-0.614188,30.65904,2026-08-01 12:00:00,-0.6878676,14.711113,0.0,34.66493,Moderate
airqo-g5168,Mbarara Central,-0.614188,30.65904,2026-08-01 13:00:00,-0.690353,14.640617,0.0,34.594433,Moderate
airqo-g5168,Mbarara Central,-0.614188,30.65904,2026-08-01 14:00:00,-0.70328945,14.273691,0.0,34.22751,Moderate
airqo-g5168,Mbarara Central,-0.614188,30.65904,2026-08-01 15:00:00,-0.6246469,16.504282,0.0,36.4581,Moderate
airqo-g5168,Mbarara Central,-0.614188,30.65904,2026-08-01 16:00:00,-0.545201,18.75766,0.0,38.711475,Moderate
airqo-g5168,Mbarara Central,-0.614188,30.65904,2026-08-01 17:00:00,-0.59298223,17.402409,0.0,37.356224,Moderate
airqo-g5168,Mbarara Central,-0.614188,30.65904,2026-08-01 18:00:00,-0.40218246,22.81419,2.8603745,42.768005,Moderate
airqo-g5168,Mbarara Central,-0.614188,30.65904,2026-08-01 19:00:00,-0.319237,25.166826,5.213011,45.120644,Moderate
airqo-g5168,Mbarara Central,-0.614188,30.65904,2026-08-01 20:00:00,-0.28818935,26.047451,6.0936356,46.001266,Moderate
airqo-g5168,Mbarara Central,-0.614188,30.65904,2026-08-01 21:00:00,-0.26049602,26.832935,6.87912,46.78675,Moderate
airqo-g5168,Mbarara Central,-0.614188,30.65904,2026-08-01 22:00:00,-0.26592824,26.678858,6.7250423,46.632675,Moderate
airqo-g5168,Mbarara Central,-0.614188,30.65904,2026-08-01 23:00:00,-0.21878484,28.016018,8.062202,47.969833,Moderate
airqo-g5181,Rakai Health Sciences Program Facility,-0.52358,31.62193,2026-08-01 00:00:00,-0.3155912,25.270235,5.3164196,45.224052,Moderate
airqo-g5181,Rakai Health Sciences Program Facility,-0.52358,31.62193,2026-08-01 01:00:00,-0.35497844,24.153069,4.199253,44.106884,Moderate
airqo-g5181,Rakai Health Sciences Program Facility,-0.52358,31.62193,2026-08-01 02:00:00,-0.3049905,25.57091,5.617094,45.524727,Moderate
airqo-g5181,Rakai Health Sciences Program Facility,-0.52358,31.62193,2026-08-01 03:00:00,-0.34210053,24.518333,4.564518,44.47215,Moderate
airqo-g5181,Rakai Health Sciences Program Facility,-0.52358,31.62193,2026-08-01 04:00:00,-0.3509679,24.266823,4.3130074,44.22064,Moderate
airqo-g5181,Rakai Health Sciences Program Facility,-0.52358,31.62193,2026-08-01 05:00:00,-0.34939852,24.311335,4.357519,44.265152,Moderate
airqo-g5181,Rakai Health Sciences Program Facility,-0.52358,31.62193,2026-08-01 06:00:00,-0.25649944,26.946293,6.9924774,46.90011,Moderate
airqo-g5181,Rakai Health Sciences Program Facility,-0.52358,31.62193,2026-08-01 07:00:00,-0.17034717,29.389889,9.436073,49.343704,Moderate
airqo-g5181,Rakai Health Sciences Program Facility,-0.52358,31.62193,2026-08-01 08:00:00,-0.19004282,28.831247,8.877432,48.785065,Moderate
airqo-g5181,Rakai Health Sciences Program Facility,-0.52358,31.62193,2026-08-01 09:00:00,-0.5005229,20.024895,0.071079254,39.97871,Moderate
airqo-g5181,Rakai Health Sciences Program Facility,-0.52358,31.62193,2026-08-01 10:00:00,-0.5857721,17.606915,0.0,37.56073,Moderate
airqo-g5181,Rakai Health Sciences Program Facility,-0.52358,31.62193,2026-08-01 11:00:00,-0.68032366,14.925085,0.0,34.8789,Moderate
airqo-g5181,Rakai Health Sciences Program Facility,-0.52358,31.62193,2026-08-01 12:00:00,-0.70448554,14.239767,0.0,34.19358,Moderate
airqo-g5181,Rakai Health Sciences Program Facility,-0.52358,31.62193,2026-08-01 13:00:00,-0.70569897,14.205349,0.0,34.159164,Moderate
airqo-g5181,Rakai Health Sciences Program Facility,-0.52358,31.62193,2026-08-01 14:00:00,-0.7109629,14.056046,0.0,34.00986,Moderate
airqo-g5181,Rakai Health Sciences Program Facility,-0.52358,31.62193,2026-08-01 15:00:00,-0.708792,14.11762,0.0,34.071434,Moderate
airqo-g5181,Rakai Health Sciences Program Facility,-0.52358,31.62193,2026-08-01 16:00:00,-0.6616161,15.4557,0.0,35.409515,Moderate
airqo-g5181,Rakai Health Sciences Program Facility,-0.52358,31.62193,2026-08-01 17:00:00,-0.62052876,16.621088,0.0,36.574905,Moderate
airqo-g5181,Rakai Health Sciences Program Facility,-0.52358,31.62193,2026-08-01 18:00:00,-0.5141329,19.638863,0.0,39.592678,Moderate
airqo-g5181,Rakai Health Sciences Program Facility,-0.52358,31.62193,2026-08-01 19:00:00,-0.29661304,25.808525,5.8547096,45.76234,Moderate
airqo-g5181,Rakai Health Sciences Program Facility,-0.52358,31.62193,2026-08-01 20:00:00,-0.26104024,26.8175,6.8636837,46.771317,Moderate
airqo-g5181,Rakai Health Sciences Program Facility,-0.52358,31.62193,2026-08-01 21:00:00,-0.22989994,27.700752,7.746937,47.654568,Moderate
airqo-g5181,Rakai Health Sciences Program Facility,-0.52358,31.62193,2026-08-01 22:00:00,-0.24845971,27.17433,7.2205143,47.128143,Moderate
airqo-g5181,Rakai Health Sciences Program Facility,-0.52358,31.62193,2026-08-01 23:00:00,-0.25481597,26.994043,7.040228,46.94786,Moderate
airqo-g5184,"Mbarara University, Mbarara",-0.59402515,30.59608198,2026-08-01 00:00:00,-0.18800618,28.889013,8.935198,48.842827,Moderate
airqo-g5184,"Mbarara University, Mbarara",-0.59402515,30.59608198,2026-08-01 01:00:00,-0.33127722,24.825321,4.8715057,44.779137,Moderate
airqo-g5184,"Mbarara University, Mbarara",-0.59402515,30.59608198,2026-08-01 02:00:00,-0.3267216,24.954536,5.000721,44.90835,Moderate
airqo-g5184,"Mbarara University, Mbarara",-0.59402515,30.59608198,2026-08-01 03:00:00,-0.3267216,24.954536,5.000721,44.90835,Moderate
airqo-g5184,"Mbarara University, Mbarara",-0.59402515,30.59608198,2026-08-01 04:00:00,-0.32052928,25.130173,5.1763573,45.08399,Moderate
airqo-g5184,"Mbarara University, Mbarara",-0.59402515,30.59608198,2026-08-01 05:00:00,-0.31065992,25.410103,5.4562874,45.36392,Moderate
airqo-g5184,"Mbarara University, Mbarara",-0.59402515,30.59608198,2026-08-01 06:00:00,-0.2096416,28.275352,8.321537,48.229168,Moderate
airqo-g5184,"Mbarara University, Mbarara",-0.59402515,30.59608198,2026-08-01 07:00:00,0.14499082,38.33403,18.380215,58.287846,Unhealthy for Sensitive Groups
airqo-g5184,"Mbarara University, Mbarara",-0.59402515,30.59608198,2026-08-01 08:00:00,-0.013640486,33.834663,13.880848,53.78848,Moderate
airqo-g5184,"Mbarara University, Mbarara",-0.59402515,30.59608198,2026-08-01 09:00:00,-0.1595767,29.695377,9.741562,49.649193,Moderate
airqo-g5184,"Mbarara University, Mbarara",-0.59402515,30.59608198,2026-08-01 10:00:00,-0.47437996,20.766403,0.81258774,40.72022,Moderate
airqo-g5184,"Mbarara University, Mbarara",-0.59402515,30.59608198,2026-08-01 11:00:00,-0.55465806,18.489422,0.0,38.443237,Moderate
airqo-g5184,"Mbarara University, Mbarara",-0.59402515,30.59608198,2026-08-01 12:00:00,-0.61028963,16.911507,0.0,36.865322,Moderate
airqo-g5184,"Mbarara University, Mbarara",-0.59402515,30.59608198,2026-08-01 13:00:00,-0.5660013,18.167686,0.0,38.121502,Moderate
airqo-g5184,"Mbarara University, Mbarara",-0.59402515,30.59608198,2026-08-01 14:00:00,-0.68107843,14.903677,0.0,34.85749,Moderate
airqo-g5184,"Mbarara University, Mbarara",-0.59402515,30.59608198,2026-08-01 15:00:00,-0.57850593,17.81301,0.0,37.766823,Moderate
airqo-g5184,"Mbarara University, Mbarara",-0.59402515,30.59608198,2026-08-01 16:00:00,-0.52832586,19.236301,0.0,39.190117,Moderate
airqo-g5184,"Mbarara University, Mbarara",-0.59402515,30.59608198,2026-08-01 17:00:00,-0.45963544,21.184612,1.2307968,41.138428,Moderate
airqo-g5184,"Mbarara University, Mbarara",-0.59402515,30.59608198,2026-08-01 18:00:00,-0.38537335,23.290958,3.337143,43.244774,Moderate
airqo-g5184,"Mbarara University, Mbarara",-0.59402515,30.59608198,2026-08-01 19:00:00,-0.29039544,25.984879,6.031063,45.938694,Moderate
airqo-g5184,"Mbarara University, Mbarara",-0.59402515,30.59608198,2026-08-01 20:00:00,-0.29063994,25.977943,6.024128,45.93176,Moderate
airqo-g5184,"Mbarara University, Mbarara",-0.59402515,30.59608198,2026-08-01 21:00:00,-0.30787197,25.489182,5.535366,45.442997,Moderate
airqo-g5184,"Mbarara University, Mbarara",-0.59402515,30.59608198,2026-08-01 22:00:00,-0.38024786,23.436335,3.4825191,43.390152,Moderate
airqo-g5184,"Mbarara University, Mbarara",-0.59402515,30.59608198,2026-08-01 23:00:00,-0.1597227,29.691236,9.737421,49.64505,Moderate
airqo-g5186,Kawanda 2,0.43673,32.55137,2026-08-01 00:00:00,-0.38553944,23.286247,3.3324318,43.240063,Moderate
airqo-g5186,Kawanda 2,0.43673,32.55137,2026-08-01 01:00:00,-0.47230875,20.82515,0.8713341,40.778965,Moderate
airqo-g5186,Kawanda 2,0.43673,32.55137,2026-08-01 02:00:00,-0.45924863,21.195583,1.2417679,41.1494,Moderate
airqo-g5186,Kawanda 2,0.43673,32.55137,2026-08-01 03:00:00,-0.23346022,27.59977,7.645954,47.553585,Moderate
airqo-g5186,Kawanda 2,0.43673,32.55137,2026-08-01 04:00:00,-0.2063556,28.368557,8.4147415,48.322372,Moderate
airqo-g5186,Kawanda 2,0.43673,32.55137,2026-08-01 05:00:00,-0.45034564,21.448105,1.4942894,41.40192,Moderate
airqo-g5186,Kawanda 2,0.43673,32.55137,2026-08-01 06:00:00,-0.31782866,25.206772,5.2529564,45.160587,Moderate
airqo-g5186,Kawanda 2,0.43673,32.55137,2026-08-01 07:00:00,-0.21686196,28.070557,8.116741,48.024372,Moderate
airqo-g5186,Kawanda 2,0.43673,32.55137,2026-08-01 08:00:00,-0.24648343,27.230385,7.2765694,47.1842,Moderate
airqo-g5186,Kawanda 2,0.43673,32.55137,2026-08-01 09:00:00,-0.3386523,24.616137,4.662321,44.569954,Moderate
airqo-g5186,Kawanda 2,0.43673,32.55137,2026-08-01 10:00:00,-0.68081135,14.911253,0.0,34.865067,Moderate
airqo-g5186,Kawanda 2,0.43673,32.55137,2026-08-01 11:00:00,-0.72302806,13.713833,0.0,33.66765,Moderate
airqo-g5186,Kawanda 2,0.43673,32.55137,2026-08-01 12:00:00,-0.7432808,13.139389,0.0,33.093204,Moderate
airqo-g5186,Kawanda 2,0.43673,32.55137,2026-08-01 13:00:00,-0.7415427,13.18869,0.0,33.142506,Moderate
airqo-g5186,Kawanda 2,0.43673,32.55137,2026-08-01 14:00:00,-0.73353904,13.415703,0.0,33.36952,Moderate
airqo-g5186,Kawanda 2,0.43673,32.55137,2026-08-01 15:00:00,-0.7312874,13.479567,0.0,33.43338,Moderate
airqo-g5186,Kawanda 2,0.43673,32.55137,2026-08-01 16:00:00,-0.59454435,17.3581,0.0,37.311916,Moderate
airqo-g5186,Kawanda 2,0.43673,32.55137,2026-08-01 17:00:00,-0.58257526,17.697588,0.0,37.651405,Moderate
airqo-g5186,Kawanda 2,0.43673,32.55137,2026-08-01 18:00:00,-0.46241978,21.105639,1.151823,41.059456,Moderate
airqo-g5186,Kawanda 2,0.43673,32.55137,2026-08-01 19:00:00,-0.4826807,20.530964,0.57714844,40.48478,Moderate
airqo-g5186,Kawanda 2,0.43673,32.55137,2026-08-01 20:00:00,-0.41200817,22.535496,2.5816803,42.48931,Moderate
airqo-g5186,Kawanda 2,0.43673,32.55137,2026-08-01 21:00:00,-0.38487518,23.305088,3.3512726,43.258904,Moderate
airqo-g5186,Kawanda 2,0.43673,32.55137,2026-08-01 22:00:00,-0.37051514,23.71239,3.7585754,43.666206,Moderate
airqo-g5186,Kawanda 2,0.43673,32.55137,2026-08-01 23:00:00,-0.37355322,23.62622,3.6724052,43.580036,Moderate
airqo-g5187,Gulu Main Market,2.773138133,32.30480826,2026-08-01 00:00:00,-0.639106,16.09417,0.0,36.047985,Moderate
airqo-g5187,Gulu Main Market,2.773138133,32.30480826,2026-08-01 01:00:00,-0.6658446,15.335764,0.0,35.28958,Moderate
airqo-g5187,Gulu Main Market,2.773138133,32.30480826,2026-08-01 02:00:00,-0.6633967,15.405195,0.0,35.35901,Moderate
airqo-g5187,Gulu Main Market,2.773138133,32.30480826,2026-08-01 03:00:00,-0.73691595,13.3199215,0.0,33.273735,Moderate
airqo-g5187,Gulu Main Market,2.773138133,32.30480826,2026-08-01 04:00:00,-0.79985183,11.534828,0.0,31.488644,Moderate
airqo-g5187,Gulu Main Market,2.773138133,32.30480826,2026-08-01 05:00:00,-0.716498,13.899048,0.0,33.852863,Moderate
airqo-g5187,Gulu Main Market,2.773138133,32.30480826,2026-08-01 06:00:00,-0.50780404,19.818375,0.0,39.77219,Moderate
airqo-g5187,Gulu Main Market,2.773138133,32.30480826,2026-08-01 07:00:00,-0.552173,18.559906,0.0,38.51372,Moderate
airqo-g5187,Gulu Main Market,2.773138133,32.30480826,2026-08-01 08:00:00,-0.52516544,19.325941,0.0,39.279755,Moderate
airqo-g5187,Gulu Main Market,2.773138133,32.30480826,2026-08-01 09:00:00,-0.68309814,14.846392,0.0,34.80021,Moderate
airqo-g5187,Gulu Main Market,2.773138133,32.30480826,2026-08-01 10:00:00,-0.7691594,12.405378,0.0,32.35919,Moderate
airqo-g5187,Gulu Main Market,2.773138133,32.30480826,2026-08-01 11:00:00,-0.7738232,12.273096,0.0,32.226913,Moderate
airqo-g5187,Gulu Main Market,2.773138133,32.30480826,2026-08-01 12:00:00,-0.77776694,12.161238,0.0,32.11505,Moderate
airqo-g5187,Gulu Main Market,2.773138133,32.30480826,2026-08-01 13:00:00,-0.78553617,11.940872,0.0,31.894688,Moderate
airqo-g5187,Gulu Main Market,2.773138133,32.30480826,2026-08-01 14:00:00,-0.783085,12.010397,0.0,31.964212,Moderate
airqo-g5187,Gulu Main Market,2.773138133,32.30480826,2026-08-01 15:00:00,-0.7416775,13.184866,0.0,33.13868,Moderate
airqo-g5187,Gulu Main Market,2.773138133,32.30480826,2026-08-01 16:00:00,-0.7150412,13.940369,0.0,33.894184,Moderate
airqo-g5187,Gulu Main Market,2.773138133,32.30480826,2026-08-01 17:00:00,-0.7027321,14.289501,0.0,34.243317,Moderate
airqo-g5187,Gulu Main Market,2.773138133,32.30480826,2026-08-01 18:00:00,-0.6600219,15.500917,0.0,35.454735,Moderate
airqo-g5187,Gulu Main Market,2.773138133,32.30480826,2026-08-01 19:00:00,-0.58884555,17.51974,0.0,37.473557,Moderate
airqo-g5187,Gulu Main Market,2.773138133,32.30480826,2026-08-01 20:00:00,-0.4623621,21.107273,1.1534576,41.06109,Moderate
airqo-g5187,Gulu Main Market,2.773138133,32.30480826,2026-08-01 21:00:00,-0.44991496,21.46032,1.506504,41.414135,Moderate
airqo-g5187,Gulu Main Market,2.773138133,32.30480826,2026-08-01 22:00:00,-0.4665425,20.9887,1.0348854,40.942516,Moderate
airqo-g5187,Gulu Main Market,2.773138133,32.30480826,2026-08-01 23:00:00,-0.549131,18.64619,0.0,38.600006,Moderate
airqo_g5204,kawempe moslem p/s,0.383729738,32.55533941,2026-08-01 00:00:00,-0.09824998,31.434828,11.481012,51.38864,Moderate
airqo_g5204,kawempe moslem p/s,0.383729738,32.55533941,2026-08-01 01:00:00,-0.17020886,29.39381,9.439995,49.347626,Moderate
airqo_g5204,kawempe moslem p/s,0.383729738,32.55533941,2026-08-01 02:00:00,-0.24075712,27.392803,7.4389877,47.34662,Moderate
airqo_g5204,kawempe moslem p/s,0.383729738,32.55533941,2026-08-01 03:00:00,-0.26807135,26.618073,6.664257,46.571888,Moderate
airqo_g5204,kawempe moslem p/s,0.383729738,32.55533941,2026-08-01 04:00:00,-0.22459473,27.851229,7.8974133,47.805046,Moderate
airqo_g5204,kawempe moslem p/s,0.383729738,32.55533941,2026-08-01 05:00:00,-0.1947831,28.696795,8.742979,48.65061,Moderate
airqo_g5204,kawempe moslem p/s,0.383729738,32.55533941,2026-08-01 06:00:00,-0.12840854,30.579422,10.625607,50.533237,Moderate
airqo_g5204,kawempe moslem p/s,0.383729738,32.55533941,2026-08-01 07:00:00,0.1954423,39.76502,19.811203,59.718834,Unhealthy for Sensitive Groups
airqo_g5204,kawempe moslem p/s,0.383729738,32.55533941,2026-08-01 08:00:00,0.28877008,42.412136,22.45832,62.36595,Unhealthy for Sensitive Groups
airqo_g5204,kawempe moslem p/s,0.383729738,32.55533941,2026-08-01 09:00:00,-0.38985565,23.163822,3.2100067,43.117638,Moderate
airqo_g5204,kawempe moslem p/s,0.383729738,32.55533941,2026-08-01 10:00:00,-0.44203392,21.683857,1.7300415,41.637672,Moderate
airqo_g5204,kawempe moslem p/s,0.383729738,32.55533941,2026-08-01 11:00:00,-0.54354244,18.804703,0.0,38.75852,Moderate
airqo_g5204,kawempe moslem p/s,0.383729738,32.55533941,2026-08-01 12:00:00,-0.57702756,17.854942,0.0,37.808758,Moderate
airqo_g5204,kawempe moslem p/s,0.383729738,32.55533941,2026-08-01 13:00:00,-0.5784897,17.813469,0.0,37.767284,Moderate
airqo_g5204,kawempe moslem p/s,0.383729738,32.55533941,2026-08-01 14:00:00,-0.55751354,18.408432,0.0,38.362247,Moderate
airqo_g5204,kawempe moslem p/s,0.383729738,32.55533941,2026-08-01 15:00:00,-0.57495767,17.91365,0.0,37.867466,Moderate
airqo_g5204,kawempe moslem p/s,0.383729738,32.55533941,2026-08-01 16:00:00,-0.5699649,18.055265,0.0,38.00908,Moderate
airqo_g5204,kawempe moslem p/s,0.383729738,32.55533941,2026-08-01 17:00:00,-0.5693008,18.074102,0.0,38.027916,Moderate
airqo_g5204,kawempe moslem p/s,0.383729738,32.55533941,2026-08-01 18:00:00,-0.54083544,18.881481,0.0,38.835297,Moderate
airqo_g5204,kawempe moslem p/s,0.383729738,32.55533941,2026-08-01 19:00:00,-0.31052646,25.413889,5.4600735,45.367706,Moderate
airqo_g5204,kawempe moslem p/s,0.383729738,32.55533941,2026-08-01 20:00:00,-0.06858701,32.27618,12.322365,52.229996,Moderate
airqo_g5204,kawempe moslem p/s,0.383729738,32.55533941,2026-08-01 21:00:00,0.014833906,34.6423,14.688484,54.596115,Moderate
airqo_g5204,kawempe moslem p/s,0.383729738,32.55533941,2026-08-01 22:00:00,0.036854673,35.26689,15.313076,55.220707,Moderate
airqo_g5204,kawempe moslem p/s,0.383729738,32.55533941,2026-08-01 23:00:00,0.07341214,36.303795,16.34998,56.25761,Unhealthy for Sensitive Groups
airqo_g5206,"Civic Centre, Kampala Central",0.317279117,32.58707836,2026-08-01 00:00:00,-0.47399676,20.777271,0.8234558,40.731087,Moderate
airqo_g5206,"Civic Centre, Kampala Central",0.317279117,32.58707836,2026-08-01 01:00:00,-0.5332781,19.095837,0.0,39.049652,Moderate
airqo_g5206,"Civic Centre, Kampala Central",0.317279117,32.58707836,2026-08-01 02:00:00,-0.61097777,16.891989,0.0,36.845802,Moderate
airqo_g5206,"Civic Centre, Kampala Central",0.317279117,32.58707836,2026-08-01 03:00:00,-0.6263014,16.457354,0.0,36.41117,Moderate
airqo_g5206,"Civic Centre, Kampala Central",0.317279117,32.58707836,2026-08-01 04:00:00,-0.6207619,16.614475,0.0,36.56829,Moderate
airqo_g5206,"Civic Centre, Kampala Central",0.317279117,32.58707836,2026-08-01 05:00:00,-0.5761945,17.878569,0.0,37.832382,Moderate
airqo_g5206,"Civic Centre, Kampala Central",0.317279117,32.58707836,2026-08-01 06:00:00,-0.41332033,22.49828,2.544464,42.452095,Moderate
airqo_g5206,"Civic Centre, Kampala Central",0.317279117,32.58707836,2026-08-01 07:00:00,-0.07436688,32.11224,12.158424,52.066055,Moderate
airqo_g5206,"Civic Centre, Kampala Central",0.317279117,32.58707836,2026-08-01 08:00:00,-0.021844748,33.60196,13.648144,53.555775,Moderate
airqo_g5206,"Civic Centre, Kampala Central",0.317279117,32.58707836,2026-08-01 09:00:00,-0.41849458,22.351517,2.3977013,42.305332,Moderate
airqo_g5206,"Civic Centre, Kampala Central",0.317279117,32.58707836,2026-08-01 10:00:00,-0.68044055,14.92177,0.0,34.875587,Moderate
airqo_g5206,"Civic Centre, Kampala Central",0.317279117,32.58707836,2026-08-01 11:00:00,-0.7425318,13.160635,0.0,33.11445,Moderate
airqo_g5206,"Civic Centre, Kampala Central",0.317279117,32.58707836,2026-08-01 12:00:00,-0.75203633,12.89105,0.0,32.844864,Moderate
airqo_g5206,"Civic Centre, Kampala Central",0.317279117,32.58707836,2026-08-01 13:00:00,-0.75678015,12.7565,0.0,32.710316,Moderate
airqo_g5206,"Civic Centre, Kampala Central",0.317279117,32.58707836,2026-08-01 14:00:00,-0.7574414,12.737743,0.0,32.69156,Moderate
airqo_g5206,"Civic Centre, Kampala Central",0.317279117,32.58707836,2026-08-01 15:00:00,-0.7495714,12.960966,0.0,32.91478,Moderate
airqo_g5206,"Civic Centre, Kampala Central",0.317279117,32.58707836,2026-08-01 16:00:00,-0.7072667,14.160883,0.0,34.1147,Moderate
airqo_g5206,"Civic Centre, Kampala Central",0.317279117,32.58707836,2026-08-01 17:00:00,-0.6872229,14.729399,0.0,34.683212,Moderate
airqo_g5206,"Civic Centre, Kampala Central",0.317279117,32.58707836,2026-08-01 18:00:00,-0.6270312,16.436655,0.0,36.390472,Moderate
airqo_g5206,"Civic Centre, Kampala Central",0.317279117,32.58707836,2026-08-01 19:00:00,-0.5055135,19.883343,0.0,39.83716,Moderate
airqo_g5206,"Civic Centre, Kampala Central",0.317279117,32.58707836,2026-08-01 20:00:00,-0.52936727,19.206762,0.0,39.160576,Moderate
airqo_g5206,"Civic Centre, Kampala Central",0.317279117,32.58707836,2026-08-01 21:00:00,-0.27126604,26.527458,6.5736427,46.481274,Moderate
airqo_g5206,"Civic Centre, Kampala Central",0.317279117,32.58707836,2026-08-01 22:00:00,-0.45882243,21.207672,1.2538567,41.161488,Moderate
airqo_g5206,"Civic Centre, Kampala Central",0.317279117,32.58707836,2026-08-01 23:00:00,-0.44847533,21.501154,1.5473385,41.45497,Moderate
airqo_g5247,"Nsasa, Kira Municipality",0.421398967,32.65966872,2026-08-01 00:00:00,-0.44605157,21.5699,1.616085,41.523716,Moderate
airqo_g5247,"Nsasa, Kira Municipality",0.421398967,32.65966872,2026-08-01 01:00:00,-0.47210822,20.830837,0.8770218,40.784653,Moderate
airqo_g5247,"Nsasa, Kira Municipality",0.421398967,32.65966872,2026-08-01 02:00:00,-0.47066426,20.871796,0.9179802,40.82561,Moderate
airqo_g5247,"Nsasa, Kira Municipality",0.421398967,32.65966872,2026-08-01 03:00:00,-0.5171642,19.552887,0.0,39.506702,Moderate
airqo_g5247,"Nsasa, Kira Municipality",0.421398967,32.65966872,2026-08-01 04:00:00,-0.50138944,20.000317,0.04650116,39.954132,Moderate
airqo_g5247,"Nsasa, Kira Municipality",0.421398967,32.65966872,2026-08-01 05:00:00,-0.5001283,20.036085,0.08226967,39.9899,Moderate
airqo_g5247,"Nsasa, Kira Municipality",0.421398967,32.65966872,2026-08-01 06:00:00,-0.31004575,25.427525,5.473709,45.38134,Moderate
airqo_g5247,"Nsasa, Kira Municipality",0.421398967,32.65966872,2026-08-01 07:00:00,-0.37028968,23.718784,3.7649689,43.6726,Moderate
airqo_g5247,"Nsasa, Kira Municipality",0.421398967,32.65966872,2026-08-01 08:00:00,-0.35281798,24.214348,4.2605324,44.168163,Moderate
airqo_g5247,"Nsasa, Kira Municipality",0.421398967,32.65966872,2026-08-01 09:00:00,-0.6273739,16.426935,0.0,36.380753,Moderate
airqo_g5247,"Nsasa, Kira Municipality",0.421398967,32.65966872,2026-08-01 10:00:00,-0.7122023,14.020889,0.0,33.974705,Moderate
airqo_g5247,"Nsasa, Kira Municipality",0.421398967,32.65966872,2026-08-01 11:00:00,-0.7432597,13.139988,0.0,33.093803,Moderate
airqo_g5247,"Nsasa, Kira Municipality",0.421398967,32.65966872,2026-08-01 12:00:00,-0.7447175,13.09864,0.0,33.052456,Moderate
airqo_g5247,"Nsasa, Kira Municipality",0.421398967,32.65966872,2026-08-01 13:00:00,-0.7566113,12.76129,0.0,32.715103,Moderate
airqo_g5247,"Nsasa, Kira Municipality",0.421398967,32.65966872,2026-08-01 14:00:00,-0.7797237,12.105736,0.0,32.05955,Moderate
airqo_g5247,"Nsasa, Kira Municipality",0.421398967,32.65966872,2026-08-01 15:00:00,-0.7725198,12.310064,0.0,32.263878,Moderate
airqo_g5247,"Nsasa, Kira Municipality",0.421398967,32.65966872,2026-08-01 16:00:00,-0.74498206,13.091137,0.0,33.044952,Moderate
airqo_g5247,"Nsasa, Kira Municipality",0.421398967,32.65966872,2026-08-01 17:00:00,-0.71982616,13.804649,0.0,33.758465,Moderate
airqo_g5247,"Nsasa, Kira Municipality",0.421398967,32.65966872,2026-08-01 18:00:00,-0.68508327,14.790085,0.0,34.7439,Moderate
airqo_g5247,"Nsasa, Kira Municipality",0.421398967,32.65966872,2026-08-01 19:00:00,-0.5171095,19.554436,0.0,39.50825,Moderate
airqo_g5247,"Nsasa, Kira Municipality",0.421398967,32.65966872,2026-08-01 20:00:00,-0.47848806,20.649883,0.6960678,40.6037,Moderate
airqo_g5247,"Nsasa, Kira Municipality",0.421398967,32.65966872,2026-08-01 21:00:00,-0.35157952,24.249474,4.295658,44.20329,Moderate
airqo_g5247,"Nsasa, Kira Municipality",0.421398967,32.65966872,2026-08-01 22:00:00,-0.307927,25.48762,5.533804,45.441437,Moderate
airqo_g5247,"Nsasa, Kira Municipality",0.421398967,32.65966872,2026-08-01 23:00:00,-0.26176077,26.797062,6.8432465,46.750877,Moderate
airqo_g5271,"Embassy of France, Lumumba avenue",0.32174,32.5724,2026-08-01 00:00:00,-0.24025765,27.406971,7.4531555,47.360786,Moderate
airqo_g5271,"Embassy of France, Lumumba avenue",0.32174,32.5724,2026-08-01 01:00:00,-0.23785785,27.475037,7.521221,47.428852,Moderate
airqo_g5271,"Embassy of France, Lumumba avenue",0.32174,32.5724,2026-08-01 02:00:00,-0.29631734,25.816912,5.863096,45.77073,Moderate
airqo_g5271,"Embassy of France, Lumumba avenue",0.32174,32.5724,2026-08-01 03:00:00,-0.3023733,25.645142,5.691326,45.598957,Moderate
airqo_g5271,"Embassy of France, Lumumba avenue",0.32174,32.5724,2026-08-01 04:00:00,-0.30308196,25.625042,5.6712265,45.578857,Moderate
airqo_g5271,"Embassy of France, Lumumba avenue",0.32174,32.5724,2026-08-01 05:00:00,-0.28923655,26.01775,6.0639343,45.971565,Moderate
airqo_g5271,"Embassy of France, Lumumba avenue",0.32174,32.5724,2026-08-01 06:00:00,-0.19446892,28.705708,8.751892,48.659523,Moderate
airqo_g5271,"Embassy of France, Lumumba avenue",0.32174,32.5724,2026-08-01 07:00:00,-0.121306896,30.78085,10.827034,50.734665,Moderate
airqo_g5271,"Embassy of France, Lumumba avenue",0.32174,32.5724,2026-08-01 08:00:00,-0.10257264,31.312222,11.358406,51.266037,Moderate
airqo_g5271,"Embassy of France, Lumumba avenue",0.32174,32.5724,2026-08-01 09:00:00,-0.4783487,20.653835,0.70001984,40.60765,Moderate
airqo_g5271,"Embassy of France, Lumumba avenue",0.32174,32.5724,2026-08-01 10:00:00,-0.67980635,14.939758,0.0,34.893574,Moderate
airqo_g5271,"Embassy of France, Lumumba avenue",0.32174,32.5724,2026-08-01 11:00:00,-0.69090676,14.62491,0.0,34.578728,Moderate
airqo_g5271,"Embassy of France, Lumumba avenue",0.32174,32.5724,2026-08-01 12:00:00,-0.69885,14.3996105,0.0,34.353424,Moderate
airqo_g5271,"Embassy of France, Lumumba avenue",0.32174,32.5724,2026-08-01 13:00:00,-0.6996345,14.377359,0.0,34.331177,Moderate
airqo_g5271,"Embassy of France, Lumumba avenue",0.32174,32.5724,2026-08-01 14:00:00,-0.7081916,14.134649,0.0,34.088463,Moderate
airqo_g5271,"Embassy of France, Lumumba avenue",0.32174,32.5724,2026-08-01 15:00:00,-0.7180816,13.854132,0.0,33.807945,Moderate
airqo_g5271,"Embassy of France, Lumumba avenue",0.32174,32.5724,2026-08-01 16:00:00,-0.6817398,14.884918,0.0,34.838734,Moderate
airqo_g5271,"Embassy of France, Lumumba avenue",0.32174,32.5724,2026-08-01 17:00:00,-0.66801614,15.274172,0.0,35.22799,Moderate
airqo_g5271,"Embassy of France, Lumumba avenue",0.32174,32.5724,2026-08-01 18:00:00,-0.5598771,18.341393,0.0,38.295208,Moderate
airqo_g5271,"Embassy of France, Lumumba avenue",0.32174,32.5724,2026-08-01 19:00:00,-0.3845217,23.315113,3.3612976,43.26893,Moderate
airqo_g5271,"Embassy of France, Lumumba avenue",0.32174,32.5724,2026-08-01 20:00:00,-0.27550542,26.407215,6.4533997,46.36103,Moderate
airqo_g5271,"Embassy of France, Lumumba avenue",0.32174,32.5724,2026-08-01 21:00:00,-0.22302662,27.895706,7.9418907,47.84952,Moderate
airqo_g5271,"Embassy of France, Lumumba avenue",0.32174,32.5724,2026-08-01 22:00:00,-0.22019461,27.976032,8.022217,47.929848,Moderate
airqo_g5271,"Embassy of France, Lumumba avenue",0.32174,32.5724,2026-08-01 23:00:00,-0.20516923,28.402206,8.448391,48.35602,Moderate
airqo_g5279,"Bugolobi, Nakawa",0.3109,32.61766,2026-08-01 00:00:00,-0.4756632,20.730007,0.7761917,40.683823,Moderate
airqo_g5279,"Bugolobi, Nakawa",0.3109,32.61766,2026-08-01 01:00:00,-0.68154895,14.890331,0.0,34.844147,Moderate
airqo_g5279,"Bugolobi, Nakawa",0.3109,32.61766,2026-08-01 02:00:00,-0.6894445,14.666386,0.0,34.6202,Moderate
airqo_g5279,"Bugolobi, Nakawa",0.3109,32.61766,2026-08-01 03:00:00,-0.55479896,18.485426,0.0,38.43924,Moderate
airqo_g5279,"Bugolobi, Nakawa",0.3109,32.61766,2026-08-01 04:00:00,-0.47134396,20.852516,0.8987007,40.80633,Moderate
airqo_g5279,"Bugolobi, Nakawa",0.3109,32.61766,2026-08-01 05:00:00,-0.5237728,19.365442,0.0,39.31926,Moderate
airqo_g5279,"Bugolobi, Nakawa",0.3109,32.61766,2026-08-01 06:00:00,-0.33758542,24.646397,4.692581,44.600212,Moderate
airqo_g5279,"Bugolobi, Nakawa",0.3109,32.61766,2026-08-01 07:00:00,-0.3378454,24.639023,4.6852074,44.59284,Moderate
airqo_g5279,"Bugolobi, Nakawa",0.3109,32.61766,2026-08-01 08:00:00,-0.27360928,26.460995,6.5071793,46.41481,Moderate
airqo_g5279,"Bugolobi, Nakawa",0.3109,32.61766,2026-08-01 09:00:00,-0.12191113,30.763712,10.809896,50.71753,Moderate
airqo_g5279,"Bugolobi, Nakawa",0.3109,32.61766,2026-08-01 10:00:00,-0.6642498,15.3810005,0.0,35.334816,Moderate
airqo_g5279,"Bugolobi, Nakawa",0.3109,32.61766,2026-08-01 11:00:00,-0.7451008,13.087769,0.0,33.041584,Moderate
airqo_g5279,"Bugolobi, Nakawa",0.3109,32.61766,2026-08-01 12:00:00,-0.76383126,12.556503,0.0,32.51032,Moderate
airqo_g5279,"Bugolobi, Nakawa",0.3109,32.61766,2026-08-01 13:00:00,-0.7652571,12.516062,0.0,32.46988,Moderate
airqo_g5279,"Bugolobi, Nakawa",0.3109,32.61766,2026-08-01 14:00:00,-0.764493,12.537735,0.0,32.49155,Moderate
airqo_g5279,"Bugolobi, Nakawa",0.3109,32.61766,2026-08-01 15:00:00,-0.7501166,12.945503,0.0,32.89932,Moderate
airqo_g5279,"Bugolobi, Nakawa",0.3109,32.61766,2026-08-01 16:00:00,-0.73649144,13.331961,0.0,33.285774,Moderate
airqo_g5279,"Bugolobi, Nakawa",0.3109,32.61766,2026-08-01 17:00:00,-0.71579,13.91913,0.0,33.872948,Moderate
airqo_g5279,"Bugolobi, Nakawa",0.3109,32.61766,2026-08-01 18:00:00,-0.65423816,15.664967,0.0,35.618782,Moderate
airqo_g5279,"Bugolobi, Nakawa",0.3109,32.61766,2026-08-01 19:00:00,-0.5106516,19.737606,0.0,39.69142,Moderate
airqo_g5279,"Bugolobi, Nakawa",0.3109,32.61766,2026-08-01 20:00:00,-0.42134836,22.270573,2.3167572,42.22439,Moderate
airqo_g5279,"Bugolobi, Nakawa",0.3109,32.61766,2026-08-01 21:00:00,-0.38896143,23.189186,3.2353706,43.143,Moderate
airqo_g5279,"Bugolobi, Nakawa",0.3109,32.61766,2026-08-01 22:00:00,-0.38105834,23.413347,3.4595318,43.367165,Moderate
airqo_g5279,"Bugolobi, Nakawa",0.3109,32.61766,2026-08-01 23:00:00,-0.3735677,23.625809,3.6719933,43.579624,Moderate
airqo_g5281,Kisenyi Health Centre 4 (KCCA),0.31073,32.57276,2026-08-01 00:00:00,-0.29262063,25.921764,5.967949,45.87558,Moderate
airqo_g5281,Kisenyi Health Centre 4 (KCCA),0.31073,32.57276,2026-08-01 01:00:00,-0.16951813,29.413403,9.459587,49.367218,Moderate
airqo_g5281,Kisenyi Health Centre 4 (KCCA),0.31073,32.57276,2026-08-01 02:00:00,-0.18254982,29.043776,9.08996,48.99759,Moderate
airqo_g5281,Kisenyi Health Centre 4 (KCCA),0.31073,32.57276,2026-08-01 03:00:00,0.035263233,35.221752,15.267937,55.175568,Moderate
airqo_g5281,Kisenyi Health Centre 4 (KCCA),0.31073,32.57276,2026-08-01 04:00:00,-0.034330025,33.247833,13.294018,53.20165,Moderate
airqo_g5281,Kisenyi Health Centre 4 (KCCA),0.31073,32.57276,2026-08-01 05:00:00,-0.13031082,30.525465,10.57165,50.47928,Moderate
airqo_g5281,Kisenyi Health Centre 4 (KCCA),0.31073,32.57276,2026-08-01 06:00:00,-0.13885324,30.28317,10.329355,50.236984,Moderate
airqo_g5281,Kisenyi Health Centre 4 (KCCA),0.31073,32.57276,2026-08-01 07:00:00,-0.026832325,33.460495,13.50668,53.41431,Moderate
airqo_g5281,Kisenyi Health Centre 4 (KCCA),0.31073,32.57276,2026-08-01 08:00:00,0.062580764,35.99658,16.042763,55.950394,Unhealthy for Sensitive Groups
airqo_g5281,Kisenyi Health Centre 4 (KCCA),0.31073,32.57276,2026-08-01 09:00:00,-0.15702617,29.76772,9.813904,49.721535,Moderate
airqo_g5281,Kisenyi Health Centre 4 (KCCA),0.31073,32.57276,2026-08-01 10:00:00,-0.39701208,22.96084,3.0070248,42.914658,Moderate
airqo_g5281,Kisenyi Health Centre 4 (KCCA),0.31073,32.57276,2026-08-01 11:00:00,-0.64821696,15.835749,0.0,35.789566,Moderate
airqo_g5281,Kisenyi Health Centre 4 (KCCA),0.31073,32.57276,2026-08-01 12:00:00,-0.6528667,15.703865,0.0,35.65768,Moderate
airqo_g5281,Kisenyi Health Centre 4 (KCCA),0.31073,32.57276,2026-08-01 13:00:00,-0.66106874,15.471226,0.0,35.42504,Moderate
airqo_g5281,Kisenyi Health Centre 4 (KCCA),0.31073,32.57276,2026-08-01 14:00:00,-0.6519845,15.728888,0.0,35.6827,Moderate
airqo_g5281,Kisenyi Health Centre 4 (KCCA),0.31073,32.57276,2026-08-01 15:00:00,-0.64749724,15.856163,0.0,35.80998,Moderate
airqo_g5281,Kisenyi Health Centre 4 (KCCA),0.31073,32.57276,2026-08-01 16:00:00,-0.61743844,16.70874,0.0,36.662556,Moderate
airqo_g5281,Kisenyi Health Centre 4 (KCCA),0.31073,32.57276,2026-08-01 17:00:00,-0.5930942,17.399231,0.0,37.353046,Moderate
airqo_g5281,Kisenyi Health Centre 4 (KCCA),0.31073,32.57276,2026-08-01 18:00:00,-0.5630978,18.250042,0.0,38.203857,Moderate
airqo_g5281,Kisenyi Health Centre 4 (KCCA),0.31073,32.57276,2026-08-01 19:00:00,-0.33759385,24.64616,4.6923447,44.599976,Moderate
airqo_g5281,Kisenyi Health Centre 4 (KCCA),0.31073,32.57276,2026-08-01 20:00:00,-0.1683897,29.445408,9.491592,49.399223,Moderate
airqo_g5281,Kisenyi Health Centre 4 (KCCA),0.31073,32.57276,2026-08-01 21:00:00,-0.12404181,30.703278,10.749462,50.657093,Moderate
airqo_g5281,Kisenyi Health Centre 4 (KCCA),0.31073,32.57276,2026-08-01 22:00:00,-0.13254118,30.462204,10.5083885,50.41602,Moderate
airqo_g5281,Kisenyi Health Centre 4 (KCCA),0.31073,32.57276,2026-08-01 23:00:00,-0.21465111,28.133266,8.179451,48.087082,Moderate
airqo_g5282,"Lorry Park, Fort Portal",0.651932091,30.26941156,2026-08-01 00:00:00,-0.4511087,21.426462,1.4726467,41.38028,Moderate
airqo_g5282,"Lorry Park, Fort Portal",0.651932091,30.26941156,2026-08-01 01:00:00,-0.47508764,20.74633,0.7925148,40.700146,Moderate
airqo_g5282,"Lorry Park, Fort Portal",0.651932091,30.26941156,2026-08-01 02:00:00,-0.4743984,20.76588,0.8120651,40.719696,Moderate
airqo_g5282,"Lorry Park, Fort Portal",0.651932091,30.26941156,2026-08-01 03:00:00,-0.5099884,19.756416,0.0,39.71023,Moderate
airqo_g5282,"Lorry Park, Fort Portal",0.651932091,30.26941156,2026-08-01 04:00:00,-0.49785408,20.100592,0.1467762,40.054405,Moderate
airqo_g5282,"Lorry Park, Fort Portal",0.651932091,30.26941156,2026-08-01 05:00:00,-0.46594098,21.005764,1.0519485,40.95958,Moderate
airqo_g5282,"Lorry Park, Fort Portal",0.651932091,30.26941156,2026-08-01 06:00:00,-0.40155613,22.831955,2.8781395,42.78577,Moderate
airqo_g5282,"Lorry Park, Fort Portal",0.651932091,30.26941156,2026-08-01 07:00:00,-0.42173788,22.259525,2.3057098,42.21334,Moderate
airqo_g5282,"Lorry Park, Fort Portal",0.651932091,30.26941156,2026-08-01 08:00:00,-0.36598435,23.8409,3.887085,43.794716,Moderate
airqo_g5282,"Lorry Park, Fort Portal",0.651932091,30.26941156,2026-08-01 09:00:00,-0.49393338,20.211796,0.25798035,40.16561,Moderate
airqo_g5282,"Lorry Park, Fort Portal",0.651932091,30.26941156,2026-08-01 10:00:00,-0.5755897,17.895723,0.0,37.84954,Moderate
airqo_g5282,"Lorry Park, Fort Portal",0.651932091,30.26941156,2026-08-01 11:00:00,-0.5930627,17.400126,0.0,37.353943,Moderate
airqo_g5282,"Lorry Park, Fort Portal",0.651932091,30.26941156,2026-08-01 12:00:00,-0.60839516,16.96524,0.0,36.919056,Moderate
airqo_g5282,"Lorry Park, Fort Portal",0.651932091,30.26941156,2026-08-01 13:00:00,-0.6121714,16.858133,0.0,36.81195,Moderate
airqo_g5282,"Lorry Park, Fort Portal",0.651932091,30.26941156,2026-08-01 14:00:00,-0.64903766,15.812471,0.0,35.76629,Moderate
airqo_g5282,"Lorry Park, Fort Portal",0.651932091,30.26941156,2026-08-01 15:00:00,-0.6538631,15.675604,0.0,35.629417,Moderate
airqo_g5282,"Lorry Park, Fort Portal",0.651932091,30.26941156,2026-08-01 16:00:00,-0.637668,16.134956,0.0,36.08877,Moderate
airqo_g5282,"Lorry Park, Fort Portal",0.651932091,30.26941156,2026-08-01 17:00:00,-0.6237426,16.529932,0.0,36.48375,Moderate
airqo_g5282,"Lorry Park, Fort Portal",0.651932091,30.26941156,2026-08-01 18:00:00,-0.44082785,21.718063,1.7642479,41.67188,Moderate
airqo_g5282,"Lorry Park, Fort Portal",0.651932091,30.26941156,2026-08-01 19:00:00,-0.39131367,23.122467,3.1686516,43.076283,Moderate
airqo_g5282,"Lorry Park, Fort Portal",0.651932091,30.26941156,2026-08-01 20:00:00,-0.4219199,22.254364,2.3005486,42.20818,Moderate
airqo_g5282,"Lorry Park, Fort Portal",0.651932091,30.26941156,2026-08-01 21:00:00,-0.45548657,21.302288,1.3484726,41.256104,Moderate
airqo_g5282,"Lorry Park, Fort Portal",0.651932091,30.26941156,2026-08-01 22:00:00,-0.44330457,21.647816,1.6940002,41.60163,Moderate
airqo_g5282,"Lorry Park, Fort Portal",0.651932091,30.26941156,2026-08-01 23:00:00,-0.42788413,22.085196,2.13138,42.03901,Moderate
airqo_g5292,Kawaala Health Centre,0.341088,32.55383437,2026-08-01 00:00:00,-0.15674344,29.77574,9.821924,49.729553,Moderate
airqo_g5292,Kawaala Health Centre,0.341088,32.55383437,2026-08-01 01:00:00,-0.032401405,33.302536,13.348721,53.25635,Moderate
airqo_g5292,Kawaala Health Centre,0.341088,32.55383437,2026-08-01 02:00:00,-0.10858249,31.14176,11.187944,51.095573,Moderate
airqo_g5292,Kawaala Health Centre,0.341088,32.55383437,2026-08-01 03:00:00,-0.020657083,33.635647,13.681831,53.589462,Moderate
airqo_g5292,Kawaala Health Centre,0.341088,32.55383437,2026-08-01 04:00:00,0.034413915,35.197662,15.243847,55.151478,Moderate
airqo_g5292,Kawaala Health Centre,0.341088,32.55383437,2026-08-01 05:00:00,0.08543262,36.64474,16.690926,56.598557,Unhealthy for Sensitive Groups
airqo_g5292,Kawaala Health Centre,0.341088,32.55383437,2026-08-01 06:00:00,0.10547612,37.213245,17.25943,57.16706,Unhealthy for Sensitive Groups
airqo_g5292,Kawaala Health Centre,0.341088,32.55383437,2026-08-01 07:00:00,0.10657057,37.24429,17.290474,57.198105,Unhealthy for Sensitive Groups
airqo_g5292,Kawaala Health Centre,0.341088,32.55383437,2026-08-01 08:00:00,0.082950436,36.574337,16.620522,56.528152,Unhealthy for Sensitive Groups
airqo_g5292,Kawaala Health Centre,0.341088,32.55383437,2026-08-01 09:00:00,0.0077270605,34.440727,14.486912,54.394543,Moderate
airqo_g5292,Kawaala Health Centre,0.341088,32.55383437,2026-08-01 10:00:00,-0.5732172,17.963017,0.0,37.916832,Moderate
airqo_g5292,Kawaala Health Centre,0.341088,32.55383437,2026-08-01 11:00:00,-0.64188987,16.01521,0.0,35.969025,Moderate
airqo_g5292,Kawaala Health Centre,0.341088,32.55383437,2026-08-01 12:00:00,-0.6874431,14.723152,0.0,34.676968,Moderate
airqo_g5292,Kawaala Health Centre,0.341088,32.55383437,2026-08-01 13:00:00,-0.6476823,15.850914,0.0,35.80473,Moderate
airqo_g5292,Kawaala Health Centre,0.341088,32.55383437,2026-08-01 14:00:00,-0.64795,15.843321,0.0,35.797134,Moderate
airqo_g5292,Kawaala Health Centre,0.341088,32.55383437,2026-08-01 15:00:00,-0.6343948,16.227795,0.0,36.18161,Moderate
airqo_g5292,Kawaala Health Centre,0.341088,32.55383437,2026-08-01 16:00:00,-0.5640738,18.222359,0.0,38.176174,Moderate
airqo_g5292,Kawaala Health Centre,0.341088,32.55383437,2026-08-01 17:00:00,-0.5583545,18.384579,0.0,38.338394,Moderate
airqo_g5292,Kawaala Health Centre,0.341088,32.55383437,2026-08-01 18:00:00,-0.582268,17.706303,0.0,37.66012,Moderate
airqo_g5292,Kawaala Health Centre,0.341088,32.55383437,2026-08-01 19:00:00,-0.42814866,22.077694,2.1238785,42.03151,Moderate
airqo_g5292,Kawaala Health Centre,0.341088,32.55383437,2026-08-01 20:00:00,-0.34007198,24.57587,4.622055,44.529686,Moderate
airqo_g5292,Kawaala Health Centre,0.341088,32.55383437,2026-08-01 21:00:00,-0.19960162,28.560123,8.606308,48.51394,Moderate
airqo_g5292,Kawaala Health Centre,0.341088,32.55383437,2026-08-01 22:00:00,-0.14385855,30.141201,10.187386,50.095016,Moderate
airqo_g5292,Kawaala Health Centre,0.341088,32.55383437,2026-08-01 23:00:00,-0.1499203,29.969269,10.015453,49.923084,Moderate
airqo_g5293,Buganda Road P.S,0.324482008,32.57107338,2026-08-01 00:00:00,-0.48419592,20.487988,0.53417206,40.441803,Moderate
airqo_g5293,Buganda Road P.S,0.324482008,32.57107338,2026-08-01 01:00:00,-0.4376064,21.809437,1.8556213,41.763252,Moderate
airqo_g5293,Buganda Road P.S,0.324482008,32.57107338,2026-08-01 02:00:00,-0.5752567,17.905169,0.0,37.858986,Moderate
airqo_g5293,Buganda Road P.S,0.324482008,32.57107338,2026-08-01 03:00:00,-0.44784513,21.519028,1.5652122,41.472843,Moderate
airqo_g5293,Buganda Road P.S,0.324482008,32.57107338,2026-08-01 04:00:00,-0.44601855,21.570837,1.6170216,41.52465,Moderate
airqo_g5293,Buganda Road P.S,0.324482008,32.57107338,2026-08-01 05:00:00,-0.38893315,23.189987,3.2361717,43.143803,Moderate
airqo_g5293,Buganda Road P.S,0.324482008,32.57107338,2026-08-01 06:00:00,-0.33708987,24.660454,4.7066383,44.61427,Moderate
airqo_g5293,Buganda Road P.S,0.324482008,32.57107338,2026-08-01 07:00:00,-0.21759033,28.049898,8.096083,48.003716,Moderate
airqo_g5293,Buganda Road P.S,0.324482008,32.57107338,2026-08-01 08:00:00,-0.26593608,26.678637,6.724821,46.632454,Moderate
airqo_g5293,Buganda Road P.S,0.324482008,32.57107338,2026-08-01 09:00:00,-0.55421525,18.501982,0.0,38.455795,Moderate
airqo_g5293,Buganda Road P.S,0.324482008,32.57107338,2026-08-01 10:00:00,-0.6532434,15.69318,0.0,35.646996,Moderate
airqo_g5293,Buganda Road P.S,0.324482008,32.57107338,2026-08-01 11:00:00,-0.73097295,13.488485,0.0,33.4423,Moderate
airqo_g5293,Buganda Road P.S,0.324482008,32.57107338,2026-08-01 12:00:00,-0.73572165,13.353796,0.0,33.30761,Moderate
airqo_g5293,Buganda Road P.S,0.324482008,32.57107338,2026-08-01 13:00:00,-0.733643,13.412754,0.0,33.36657,Moderate
airqo_g5293,Buganda Road P.S,0.324482008,32.57107338,2026-08-01 14:00:00,-0.739277,13.252953,0.0,33.206768,Moderate
airqo_g5293,Buganda Road P.S,0.324482008,32.57107338,2026-08-01 15:00:00,-0.7416303,13.186205,0.0,33.140022,Moderate
airqo_g5293,Buganda Road P.S,0.324482008,32.57107338,2026-08-01 16:00:00,-0.6993063,14.386667,0.0,34.340485,Moderate
airqo_g5293,Buganda Road P.S,0.324482008,32.57107338,2026-08-01 17:00:00,-0.67198753,15.161528,0.0,35.11534,Moderate
airqo_g5293,Buganda Road P.S,0.324482008,32.57107338,2026-08-01 18:00:00,-0.6105082,16.905308,0.0,36.859123,Moderate
airqo_g5293,Buganda Road P.S,0.324482008,32.57107338,2026-08-01 19:00:00,-0.39336222,23.064363,3.110548,43.01818,Moderate
airqo_g5293,Buganda Road P.S,0.324482008,32.57107338,2026-08-01 20:00:00,-0.2685134,26.605534,6.651718,46.55935,Moderate
airqo_g5293,Buganda Road P.S,0.324482008,32.57107338,2026-08-01 21:00:00,-0.2510523,27.100796,7.1469803,47.05461,Moderate
airqo_g5293,Buganda Road P.S,0.324482008,32.57107338,2026-08-01 22:00:00,-0.23464394,27.566196,7.612381,47.52001,Moderate
airqo_g5293,Buganda Road P.S,0.324482008,32.57107338,2026-08-01 23:00:00,-0.3377768,24.640968,4.687153,44.594784,Moderate
airqo_g5305,"Nile avenue, Kampla, Uganda",0.342237,32.584778,2026-08-01 00:00:00,-0.4838095,20.498947,0.5451317,40.452763,Moderate
airqo_g5305,"Nile avenue, Kampla, Uganda",0.342237,32.584778,2026-08-01 01:00:00,-0.56259936,18.26418,0.0,38.217995,Moderate
airqo_g5305,"Nile avenue, Kampla, Uganda",0.342237,32.584778,2026-08-01 02:00:00,-0.6363563,16.172161,0.0,36.125977,Moderate
airqo_g5305,"Nile avenue, Kampla, Uganda",0.342237,32.584778,2026-08-01 03:00:00,-0.63453823,16.223728,0.0,36.177544,Moderate
airqo_g5305,"Nile avenue, Kampla, Uganda",0.342237,32.584778,2026-08-01 04:00:00,-0.62467915,16.503368,0.0,36.457184,Moderate
airqo_g5305,"Nile avenue, Kampla, Uganda",0.342237,32.584778,2026-08-01 05:00:00,-0.5853624,17.618536,0.0,37.57235,Moderate
airqo_g5305,"Nile avenue, Kampla, Uganda",0.342237,32.584778,2026-08-01 06:00:00,-0.45433083,21.335072,1.3812561,41.288887,Moderate
airqo_g5305,"Nile avenue, Kampla, Uganda",0.342237,32.584778,2026-08-01 07:00:00,-0.091726735,31.619852,11.666037,51.57367,Moderate
airqo_g5305,"Nile avenue, Kampla, Uganda",0.342237,32.584778,2026-08-01 08:00:00,-0.02674183,33.463062,13.509247,53.416878,Moderate
airqo_g5305,"Nile avenue, Kampla, Uganda",0.342237,32.584778,2026-08-01 09:00:00,-0.43637916,21.844246,1.8904305,41.79806,Moderate
airqo_g5305,"Nile avenue, Kampla, Uganda",0.342237,32.584778,2026-08-01 10:00:00,-0.7032732,14.274153,0.0,34.227966,Moderate
airqo_g5305,"Nile avenue, Kampla, Uganda",0.342237,32.584778,2026-08-01 11:00:00,-0.7511821,12.915281,0.0,32.869095,Moderate
airqo_g5305,"Nile avenue, Kampla, Uganda",0.342237,32.584778,2026-08-01 12:00:00,-0.7576838,12.730867,0.0,32.684685,Moderate
airqo_g5305,"Nile avenue, Kampla, Uganda",0.342237,32.584778,2026-08-01 13:00:00,-0.75770193,12.730354,0.0,32.68417,Moderate
airqo_g5305,"Nile avenue, Kampla, Uganda",0.342237,32.584778,2026-08-01 14:00:00,-0.75185704,12.896137,0.0,32.849953,Moderate
airqo_g5305,"Nile avenue, Kampla, Uganda",0.342237,32.584778,2026-08-01 15:00:00,-0.76034874,12.655281,0.0,32.609097,Moderate
airqo_g5305,"Nile avenue, Kampla, Uganda",0.342237,32.584778,2026-08-01 16:00:00,-0.70623136,14.1902485,0.0,34.144066,Moderate
airqo_g5305,"Nile avenue, Kampla, Uganda",0.342237,32.584778,2026-08-01 17:00:00,-0.67327005,15.125153,0.0,35.078968,Moderate
airqo_g5305,"Nile avenue, Kampla, Uganda",0.342237,32.584778,2026-08-01 18:00:00,-0.58949804,17.501232,0.0,37.455048,Moderate
airqo_g5305,"Nile avenue, Kampla, Uganda",0.342237,32.584778,2026-08-01 19:00:00,-0.4151677,22.44588,2.4920654,42.399696,Moderate
airqo_g5305,"Nile avenue, Kampla, Uganda",0.342237,32.584778,2026-08-01 20:00:00,-0.362505,23.939587,3.9857712,43.893402,Moderate
airqo_g5305,"Nile avenue, Kampla, Uganda",0.342237,32.584778,2026-08-01 21:00:00,-0.34022802,24.571445,4.61763,44.52526,Moderate
airqo_g5305,"Nile avenue, Kampla, Uganda",0.342237,32.584778,2026-08-01 22:00:00,-0.3444297,24.452269,4.498453,44.406082,Moderate
airqo_g5305,"Nile avenue, Kampla, Uganda",0.342237,32.584778,2026-08-01 23:00:00,-0.37500438,23.58506,3.6312447,43.538876,Moderate
airqo_g5328,Kiswa Health Centre,0.32088,32.61693733,2026-08-01 00:00:00,-0.2172216,28.060356,8.106541,48.01417,Moderate
airqo_g5328,Kiswa Health Centre,0.32088,32.61693733,2026-08-01 01:00:00,-0.34954962,24.307049,4.3532333,44.260864,Moderate
airqo_g5328,Kiswa Health Centre,0.32088,32.61693733,2026-08-01 02:00:00,-0.4341556,21.907314,1.9534988,41.86113,Moderate
airqo_g5328,Kiswa Health Centre,0.32088,32.61693733,2026-08-01 03:00:00,-0.32998627,24.861938,4.908123,44.815754,Moderate
airqo_g5328,Kiswa Health Centre,0.32088,32.61693733,2026-08-01 04:00:00,-0.30800223,25.485485,5.5316696,45.4393,Moderate
airqo_g5328,Kiswa Health Centre,0.32088,32.61693733,2026-08-01 05:00:00,-0.3757576,23.563694,3.6098785,43.51751,Moderate
airqo_g5328,Kiswa Health Centre,0.32088,32.61693733,2026-08-01 06:00:00,-0.411192,22.558645,2.6048298,42.51246,Moderate
airqo_g5328,Kiswa Health Centre,0.32088,32.61693733,2026-08-01 07:00:00,-0.27797142,26.337269,6.3834534,46.291084,Moderate
airqo_g5328,Kiswa Health Centre,0.32088,32.61693733,2026-08-01 08:00:00,-0.27046093,26.550295,6.5964794,46.504112,Moderate
airqo_g5328,Kiswa Health Centre,0.32088,32.61693733,2026-08-01 09:00:00,-0.19564463,28.67236,8.718544,48.626175,Moderate
airqo_g5328,Kiswa Health Centre,0.32088,32.61693733,2026-08-01 10:00:00,-0.29719314,25.792072,5.838257,45.745888,Moderate
airqo_g5328,Kiswa Health Centre,0.32088,32.61693733,2026-08-01 11:00:00,-0.42709097,22.107693,2.1538773,42.06151,Moderate
airqo_g5328,Kiswa Health Centre,0.32088,32.61693733,2026-08-01 12:00:00,-0.5641986,18.218817,0.0,38.17263,Moderate
airqo_g5328,Kiswa Health Centre,0.32088,32.61693733,2026-08-01 13:00:00,-0.65303636,15.699053,0.0,35.65287,Moderate
airqo_g5328,Kiswa Health Centre,0.32088,32.61693733,2026-08-01 14:00:00,-0.67000014,15.217899,0.0,35.171715,Moderate
airqo_g5328,Kiswa Health Centre,0.32088,32.61693733,2026-08-01 15:00:00,-0.6279823,16.409678,0.0,36.363495,Moderate
airqo_g5328,Kiswa Health Centre,0.32088,32.61693733,2026-08-01 16:00:00,-0.6188351,16.669127,0.0,36.62294,Moderate
airqo_g5328,Kiswa Health Centre,0.32088,32.61693733,2026-08-01 17:00:00,-0.5993061,17.22304,0.0,37.176857,Moderate
airqo_g5328,Kiswa Health Centre,0.32088,32.61693733,2026-08-01 18:00:00,-0.46285772,21.093216,1.1394005,41.04703,Moderate
airqo_g5328,Kiswa Health Centre,0.32088,32.61693733,2026-08-01 19:00:00,-0.21787308,28.041878,8.088062,47.995693,Moderate
airqo_g5328,Kiswa Health Centre,0.32088,32.61693733,2026-08-01 20:00:00,-0.14399707,30.137272,10.183456,50.091087,Moderate
airqo_g5328,Kiswa Health Centre,0.32088,32.61693733,2026-08-01 21:00:00,-0.117819875,30.879753,10.925938,50.83357,Moderate
airqo_g5328,Kiswa Health Centre,0.32088,32.61693733,2026-08-01 22:00:00,-0.10141474,31.345064,11.391249,51.29888,Moderate
airqo_g5328,Kiswa Health Centre,0.32088,32.61693733,2026-08-01 23:00:00,-0.11411643,30.984798,11.030983,50.938614,Moderate
airqo_g5330,Komamboga Health Centre,0.39053099999999996,32.584443855,2026-08-01 00:00:00,0.12473472,37.75949,17.805676,57.713306,Unhealthy for Sensitive Groups
airqo_g5330,Komamboga Health Centre,0.39053099999999996,32.584443855,2026-08-01 01:00:00,-0.31570294,25.267065,5.3132496,45.22088,Moderate
airqo_g5330,Komamboga Health Centre,0.39053099999999996,32.584443855,2026-08-01 02:00:00,-0.24906294,27.157219,7.2034035,47.111034,Moderate
airqo_g5330,Komamboga Health Centre,0.39053099999999996,32.584443855,2026-08-01 03:00:00,-0.13560526,30.375296,10.42148,50.32911,Moderate
airqo_g5330,Komamboga Health Centre,0.39053099999999996,32.584443855,2026-08-01 04:00:00,-0.20389502,28.438347,8.484531,48.392162,Moderate
airqo_g5330,Komamboga Health Centre,0.39053099999999996,32.584443855,2026-08-01 05:00:00,-0.19245248,28.762901,8.809086,48.716717,Moderate
airqo_g5330,Komamboga Health Centre,0.39053099999999996,32.584443855,2026-08-01 06:00:00,0.15732482,38.683865,18.73005,58.63768,Unhealthy for Sensitive Groups
airqo_g5330,Komamboga Health Centre,0.39053099999999996,32.584443855,2026-08-01 07:00:00,0.0849413,36.630806,16.67699,56.58462,Unhealthy for Sensitive Groups
airqo_g5330,Komamboga Health Centre,0.39053099999999996,32.584443855,2026-08-01 08:00:00,0.13103007,37.93805,17.984234,57.891865,Unhealthy for Sensitive Groups
airqo_g5330,Komamboga Health Centre,0.39053099999999996,32.584443855,2026-08-01 09:00:00,-0.38187882,23.390076,3.4362602,43.34389,Moderate
airqo_g5330,Komamboga Health Centre,0.39053099999999996,32.584443855,2026-08-01 10:00:00,-0.59665745,17.298166,0.0,37.251984,Moderate
airqo_g5330,Komamboga Health Centre,0.39053099999999996,32.584443855,2026-08-01 11:00:00,-0.67411083,15.101305,0.0,35.055122,Moderate
airqo_g5330,Komamboga Health Centre,0.39053099999999996,32.584443855,2026-08-01 12:00:00,-0.6727984,15.138529,0.0,35.092346,Moderate
airqo_g5330,Komamboga Health Centre,0.39053099999999996,32.584443855,2026-08-01 13:00:00,-0.6993076,14.386631,0.0,34.340446,Moderate
airqo_g5330,Komamboga Health Centre,0.39053099999999996,32.584443855,2026-08-01 14:00:00,-0.70486957,14.228874,0.0,34.18269,Moderate
airqo_g5330,Komamboga Health Centre,0.39053099999999996,32.584443855,2026-08-01 15:00:00,-0.6632291,15.40995,0.0,35.363766,Moderate
airqo_g5330,Komamboga Health Centre,0.39053099999999996,32.584443855,2026-08-01 16:00:00,-0.60301507,17.11784,0.0,37.071655,Moderate
airqo_g5330,Komamboga Health Centre,0.39053099999999996,32.584443855,2026-08-01 17:00:00,-0.59152085,17.44386,0.0,37.397675,Moderate
airqo_g5330,Komamboga Health Centre,0.39053099999999996,32.584443855,2026-08-01 18:00:00,-0.51668066,19.5666,0.0,39.520416,Moderate
airqo_g5330,Komamboga Health Centre,0.39053099999999996,32.584443855,2026-08-01 19:00:00,-0.039461598,33.102283,13.148468,53.0561,Moderate
airqo_g5330,Komamboga Health Centre,0.39053099999999996,32.584443855,2026-08-01 20:00:00,0.024064835,34.904125,14.95031,54.85794,Moderate
airqo_g5330,Komamboga Health Centre,0.39053099999999996,32.584443855,2026-08-01 21:00:00,-0.016724547,33.74719,13.793373,53.701004,Moderate
airqo_g5330,Komamboga Health Centre,0.39053099999999996,32.584443855,2026-08-01 22:00:00,0.0327802,35.151325,15.19751,55.10514,Moderate
airqo_g5330,Komamboga Health Centre,0.39053099999999996,32.584443855,2026-08-01 23:00:00,0.012264942,34.569435,14.61562,54.52325,Moderate
airqo_g5331,Agricultural Resource Centre Kyanja,0.401798,32.593082,2026-08-01 00:00:00,-0.4547009,21.324574,1.370758,41.27839,Moderate
airqo_g5331,Agricultural Resource Centre Kyanja,0.401798,32.593082,2026-08-01 01:00:00,-0.59397626,17.374214,0.0,37.32803,Moderate
airqo_g5331,Agricultural Resource Centre Kyanja,0.401798,32.593082,2026-08-01 02:00:00,-0.6323846,16.284813,0.0,36.23863,Moderate
airqo_g5331,Agricultural Resource Centre Kyanja,0.401798,32.593082,2026-08-01 03:00:00,-0.6350189,16.210094,0.0,36.16391,Moderate
airqo_g5331,Agricultural Resource Centre Kyanja,0.401798,32.593082,2026-08-01 04:00:00,-0.5041131,19.923063,0.0,39.876877,Moderate
airqo_g5331,Agricultural Resource Centre Kyanja,0.401798,32.593082,2026-08-01 05:00:00,-0.60952747,16.933125,0.0,36.88694,Moderate
airqo_g5331,Agricultural Resource Centre Kyanja,0.401798,32.593082,2026-08-01 06:00:00,-0.4454432,21.587154,1.6333389,41.54097,Moderate
airqo_g5331,Agricultural Resource Centre Kyanja,0.401798,32.593082,2026-08-01 07:00:00,-0.24464674,27.282478,7.328663,47.236294,Moderate
airqo_g5331,Agricultural Resource Centre Kyanja,0.401798,32.593082,2026-08-01 08:00:00,-0.20070978,28.528692,8.574877,48.482506,Moderate
airqo_g5331,Agricultural Resource Centre Kyanja,0.401798,32.593082,2026-08-01 09:00:00,-0.3152872,25.278858,5.3250427,45.232674,Moderate
airqo_g5331,Agricultural Resource Centre Kyanja,0.401798,32.593082,2026-08-01 10:00:00,-0.36971784,23.735004,3.781189,43.68882,Moderate
airqo_g5331,Agricultural Resource Centre Kyanja,0.401798,32.593082,2026-08-01 11:00:00,-0.7623041,12.599819,0.0,32.553635,Moderate
airqo_g5331,Agricultural Resource Centre Kyanja,0.401798,32.593082,2026-08-01 12:00:00,-0.783298,12.0043545,0.0,31.95817,Moderate
airqo_g5331,Agricultural Resource Centre Kyanja,0.401798,32.593082,2026-08-01 13:00:00,-0.7840626,11.982668,0.0,31.936483,Moderate
airqo_g5331,Agricultural Resource Centre Kyanja,0.401798,32.593082,2026-08-01 14:00:00,-0.77643967,12.198883,0.0,32.1527,Moderate
airqo_g5331,Agricultural Resource Centre Kyanja,0.401798,32.593082,2026-08-01 15:00:00,-0.7695938,12.393059,0.0,32.346874,Moderate
airqo_g5331,Agricultural Resource Centre Kyanja,0.401798,32.593082,2026-08-01 16:00:00,-0.6885941,14.690506,0.0,34.64432,Moderate
airqo_g5331,Agricultural Resource Centre Kyanja,0.401798,32.593082,2026-08-01 17:00:00,-0.62658566,16.449291,0.0,36.403107,Moderate
airqo_g5331,Agricultural Resource Centre Kyanja,0.401798,32.593082,2026-08-01 18:00:00,-0.50609785,19.866768,0.0,39.820583,Moderate
airqo_g5331,Agricultural Resource Centre Kyanja,0.401798,32.593082,2026-08-01 19:00:00,-0.36578116,23.846664,3.892849,43.80048,Moderate
airqo_g5331,Agricultural Resource Centre Kyanja,0.401798,32.593082,2026-08-01 20:00:00,-0.32018164,25.140034,5.1862183,45.09385,Moderate
airqo_g5331,Agricultural Resource Centre Kyanja,0.401798,32.593082,2026-08-01 21:00:00,-0.31555042,25.271393,5.3175774,45.22521,Moderate
airqo_g5331,Agricultural Resource Centre Kyanja,0.401798,32.593082,2026-08-01 22:00:00,-0.32889658,24.892845,4.9390297,44.84666,Moderate
airqo_g5331,Agricultural Resource Centre Kyanja,0.401798,32.593082,2026-08-01 23:00:00,-0.2897081,26.004374,6.050558,45.95819,Moderate
airqo_g5335,Kamwokya Primary School,0.347510781,32.58902449,2026-08-01 00:00:00,-0.17332709,29.305367,9.351551,49.259182,Moderate
airqo_g5335,Kamwokya Primary School,0.347510781,32.58902449,2026-08-01 01:00:00,-0.17502755,29.257135,9.30332,49.210953,Moderate
airqo_g5335,Kamwokya Primary School,0.347510781,32.58902449,2026-08-01 02:00:00,-0.21223068,28.201918,8.248102,48.15573,Moderate
airqo_g5335,Kamwokya Primary School,0.347510781,32.58902449,2026-08-01 03:00:00,-0.39682788,22.966064,3.012249,42.91988,Moderate
airqo_g5335,Kamwokya Primary School,0.347510781,32.58902449,2026-08-01 04:00:00,-0.24712306,27.212242,7.2584267,47.166058,Moderate
airqo_g5335,Kamwokya Primary School,0.347510781,32.58902449,2026-08-01 05:00:00,-0.285527,26.122967,6.1691513,46.076782,Moderate
airqo_g5335,Kamwokya Primary School,0.347510781,32.58902449,2026-08-01 06:00:00,-0.1603365,29.673828,9.720013,49.627644,Moderate
airqo_g5335,Kamwokya Primary School,0.347510781,32.58902449,2026-08-01 07:00:00,0.0531631,35.729458,15.775642,55.683273,Unhealthy for Sensitive Groups
airqo_g5335,Kamwokya Primary School,0.347510781,32.58902449,2026-08-01 08:00:00,-0.023761127,33.547604,13.593788,53.50142,Moderate
airqo_g5335,Kamwokya Primary School,0.347510781,32.58902449,2026-08-01 09:00:00,-0.16443118,29.557686,9.60387,49.5115,Moderate
airqo_g5335,Kamwokya Primary School,0.347510781,32.58902449,2026-08-01 10:00:00,-0.31688106,25.23365,5.2798347,45.187466,Moderate
airqo_g5335,Kamwokya Primary School,0.347510781,32.58902449,2026-08-01 11:00:00,-0.04468069,32.95425,13.000435,52.908066,Moderate
airqo_g5335,Kamwokya Primary School,0.347510781,32.58902449,2026-08-01 12:00:00,0.25459084,41.442688,21.488873,61.396503,Unhealthy for Sensitive Groups
airqo_g5335,Kamwokya Primary School,0.347510781,32.58902449,2026-08-01 13:00:00,0.10528609,37.207855,17.25404,57.16167,Unhealthy for Sensitive Groups
airqo_g5335,Kamwokya Primary School,0.347510781,32.58902449,2026-08-01 14:00:00,0.36745346,44.643883,24.690067,64.5977,Unhealthy for Sensitive Groups
airqo_g5335,Kamwokya Primary School,0.347510781,32.58902449,2026-08-01 15:00:00,-0.06221131,32.457016,12.503201,52.41083,Moderate
airqo_g5335,Kamwokya Primary School,0.347510781,32.58902449,2026-08-01 16:00:00,-0.19095749,28.805304,8.851488,48.759117,Moderate
airqo_g5335,Kamwokya Primary School,0.347510781,32.58902449,2026-08-01 17:00:00,-0.43188965,21.971584,2.0177689,41.9254,Moderate
airqo_g5335,Kamwokya Primary School,0.347510781,32.58902449,2026-08-01 18:00:00,-0.23387508,27.588003,7.6341877,47.541817,Moderate
airqo_g5335,Kamwokya Primary School,0.347510781,32.58902449,2026-08-01 19:00:00,-0.036648568,33.18207,13.228256,53.135887,Moderate
airqo_g5335,Kamwokya Primary School,0.347510781,32.58902449,2026-08-01 20:00:00,-0.014358191,33.81431,13.860493,53.768124,Moderate
airqo_g5335,Kamwokya Primary School,0.347510781,32.58902449,2026-08-01 21:00:00,-0.027486019,33.44195,13.488136,53.395767,Moderate
airqo_g5335,Kamwokya Primary School,0.347510781,32.58902449,2026-08-01 22:00:00,-0.024243262,33.53393,13.580116,53.487747,Moderate
airqo_g5335,Kamwokya Primary School,0.347510781,32.58902449,2026-08-01 23:00:00,-0.033928398,33.259224,13.3054085,53.21304,Moderate
airqo_g5336,Kawempe Division,0.34904,32.56122,2026-08-01 00:00:00,-0.061787102,32.469048,12.515232,52.422863,Moderate
airqo_g5336,Kawempe Division,0.34904,32.56122,2026-08-01 01:00:00,0.03199205,35.12897,15.175156,55.082787,Moderate
airqo_g5336,Kawempe Division,0.34904,32.56122,2026-08-01 02:00:00,0.18929574,39.59068,19.636864,59.544495,Unhealthy for Sensitive Groups
airqo_g5336,Kawempe Division,0.34904,32.56122,2026-08-01 03:00:00,0.1833681,39.42255,19.468735,59.376366,Unhealthy for Sensitive Groups
airqo_g5336,Kawempe Division,0.34904,32.56122,2026-08-01 04:00:00,-0.12852989,30.57598,10.622164,50.529793,Moderate
airqo_g5336,Kawempe Division,0.34904,32.56122,2026-08-01 05:00:00,-0.07781939,32.014313,12.060497,51.96813,Moderate
airqo_g5336,Kawempe Division,0.34904,32.56122,2026-08-01 06:00:00,0.17376326,39.15012,19.196304,59.103935,Unhealthy for Sensitive Groups
airqo_g5336,Kawempe Division,0.34904,32.56122,2026-08-01 07:00:00,0.7187795,54.60878,34.654964,74.56259,Unhealthy for Sensitive Groups
airqo_g5336,Kawempe Division,0.34904,32.56122,2026-08-01 08:00:00,0.17883348,39.29393,19.340115,59.247746,Unhealthy for Sensitive Groups
airqo_g5336,Kawempe Division,0.34904,32.56122,2026-08-01 09:00:00,-0.1296496,30.54422,10.5904045,50.498035,Moderate
airqo_g5336,Kawempe Division,0.34904,32.56122,2026-08-01 10:00:00,-0.5552684,18.47211,0.0,38.425926,Moderate
airqo_g5336,Kawempe Division,0.34904,32.56122,2026-08-01 11:00:00,-0.64142454,16.028408,0.0,35.982224,Moderate
airqo_g5336,Kawempe Division,0.34904,32.56122,2026-08-01 12:00:00,-0.62909436,16.378136,0.0,36.33195,Moderate
airqo_g5336,Kawempe Division,0.34904,32.56122,2026-08-01 13:00:00,-0.66971874,15.22588,0.0,35.179695,Moderate
airqo_g5336,Kawempe Division,0.34904,32.56122,2026-08-01 14:00:00,-0.6607995,15.478863,0.0,35.43268,Moderate
airqo_g5336,Kawempe Division,0.34904,32.56122,2026-08-01 15:00:00,-0.65007204,15.783133,0.0,35.736946,Moderate
airqo_g5336,Kawempe Division,0.34904,32.56122,2026-08-01 16:00:00,-0.60779625,16.98223,0.0,36.936043,Moderate
airqo_g5336,Kawempe Division,0.34904,32.56122,2026-08-01 17:00:00,-0.5510292,18.59235,0.0,38.546165,Moderate
airqo_g5336,Kawempe Division,0.34904,32.56122,2026-08-01 18:00:00,-0.5278367,19.250175,0.0,39.20399,Moderate
airqo_g5336,Kawempe Division,0.34904,32.56122,2026-08-01 19:00:00,-0.09408197,31.553047,11.599232,51.506863,Moderate
airqo_g5336,Kawempe Division,0.34904,32.56122,2026-08-01 20:00:00,0.060019527,35.92393,15.970116,55.877747,Unhealthy for Sensitive Groups
airqo_g5336,Kawempe Division,0.34904,32.56122,2026-08-01 21:00:00,0.018299347,34.740593,14.7867775,54.69441,Moderate
airqo_g5336,Kawempe Division,0.34904,32.56122,2026-08-01 22:00:00,0.054724444,35.773743,15.819927,55.72756,Unhealthy for Sensitive Groups
airqo_g5336,Kawempe Division,0.34904,32.56122,2026-08-01 23:00:00,0.07076536,36.22872,16.274906,56.182537,Unhealthy for Sensitive Groups
airqo_g5337,Kololo AirStrip,0.325948,32.5920158,2026-08-01 00:00:00,-0.15738581,29.757519,9.803703,49.711334,Moderate
airqo_g5337,Kololo AirStrip,0.325948,32.5920158,2026-08-01 01:00:00,-0.24150753,27.37152,7.4177036,47.325333,Moderate
airqo_g5337,Kololo AirStrip,0.325948,32.5920158,2026-08-01 02:00:00,-0.3137126,25.323519,5.3697033,45.277336,Moderate
airqo_g5337,Kololo AirStrip,0.325948,32.5920158,2026-08-01 03:00:00,-0.3225525,25.072786,5.118971,45.026604,Moderate
airqo_g5337,Kololo AirStrip,0.325948,32.5920158,2026-08-01 04:00:00,-0.38797623,23.217129,3.2633133,43.170944,Moderate
airqo_g5337,Kololo AirStrip,0.325948,32.5920158,2026-08-01 05:00:00,-0.20030503,28.540173,8.586357,48.493988,Moderate
airqo_g5337,Kololo AirStrip,0.325948,32.5920158,2026-08-01 06:00:00,-0.10268229,31.309113,11.355297,51.262928,Moderate
airqo_g5337,Kololo AirStrip,0.325948,32.5920158,2026-08-01 07:00:00,-0.002493908,34.15082,14.197006,54.104637,Moderate
airqo_g5337,Kololo AirStrip,0.325948,32.5920158,2026-08-01 08:00:00,-0.04781471,32.865356,12.911541,52.81917,Moderate
airqo_g5337,Kololo AirStrip,0.325948,32.5920158,2026-08-01 09:00:00,-0.44182384,21.689816,1.7360001,41.64363,Moderate
airqo_g5337,Kololo AirStrip,0.325948,32.5920158,2026-08-01 10:00:00,-0.56641877,18.155846,0.0,38.10966,Moderate
airqo_g5337,Kololo AirStrip,0.325948,32.5920158,2026-08-01 11:00:00,-0.65894914,15.531345,0.0,35.48516,Moderate
airqo_g5337,Kololo AirStrip,0.325948,32.5920158,2026-08-01 12:00:00,-0.6729639,15.133835,0.0,35.08765,Moderate
airqo_g5337,Kololo AirStrip,0.325948,32.5920158,2026-08-01 13:00:00,-0.696988,14.452425,0.0,34.406242,Moderate
airqo_g5337,Kololo AirStrip,0.325948,32.5920158,2026-08-01 14:00:00,-0.6537696,15.678255,0.0,35.632072,Moderate
airqo_g5337,Kololo AirStrip,0.325948,32.5920158,2026-08-01 15:00:00,-0.64325625,15.976454,0.0,35.930267,Moderate
airqo_g5337,Kololo AirStrip,0.325948,32.5920158,2026-08-01 16:00:00,-0.6527084,15.708355,0.0,35.66217,Moderate
airqo_g5337,Kololo AirStrip,0.325948,32.5920158,2026-08-01 17:00:00,-0.61705256,16.719687,0.0,36.6735,Moderate
airqo_g5337,Kololo AirStrip,0.325948,32.5920158,2026-08-01 18:00:00,-0.47721678,20.68594,0.7321243,40.639755,Moderate
airqo_g5337,Kololo AirStrip,0.325948,32.5920158,2026-08-01 19:00:00,-0.17736393,29.190866,9.237051,49.144684,Moderate
airqo_g5337,Kololo AirStrip,0.325948,32.5920158,2026-08-01 20:00:00,-0.10903945,31.1288,11.174984,51.082615,Moderate
airqo_g5337,Kololo AirStrip,0.325948,32.5920158,2026-08-01 21:00:00,-0.05961811,32.53057,12.576756,52.484386,Moderate
airqo_g5337,Kololo AirStrip,0.325948,32.5920158,2026-08-01 22:00:00,-0.10487527,31.24691,11.293095,51.200726,Moderate
airqo_g5337,Kololo AirStrip,0.325948,32.5920158,2026-08-01 23:00:00,-0.042996276,33.002026,13.04821,52.95584,Moderate
airqo_g5339,Makerere University Weather Station 94,0.337960199,32.56790884,2026-08-01 00:00:00,-0.005452047,34.066917,14.113102,54.020733,Moderate
airqo_g5339,Makerere University Weather Station 94,0.337960199,32.56790884,2026-08-01 01:00:00,-0.020804394,33.63147,13.677654,53.585285,Moderate
airqo_g5339,Makerere University Weather Station 94,0.337960199,32.56790884,2026-08-01 02:00:00,-0.036641374,33.182274,13.228458,53.13609,Moderate
airqo_g5339,Makerere University Weather Station 94,0.337960199,32.56790884,2026-08-01 03:00:00,-0.30278426,25.633488,5.6796722,45.587303,Moderate
airqo_g5339,Makerere University Weather Station 94,0.337960199,32.56790884,2026-08-01 04:00:00,0.0047932323,34.35751,14.403694,54.311325,Moderate
airqo_g5339,Makerere University Weather Station 94,0.337960199,32.56790884,2026-08-01 05:00:00,-0.047293313,32.880146,12.926331,52.83396,Moderate
airqo_g5339,Makerere University Weather Station 94,0.337960199,32.56790884,2026-08-01 06:00:00,0.074811846,36.343494,16.389679,56.29731,Unhealthy for Sensitive Groups
airqo_g5339,Makerere University Weather Station 94,0.337960199,32.56790884,2026-08-01 07:00:00,0.3229148,43.380604,23.426788,63.33442,Unhealthy for Sensitive Groups
airqo_g5339,Makerere University Weather Station 94,0.337960199,32.56790884,2026-08-01 08:00:00,0.11845754,37.581448,17.627632,57.535263,Unhealthy for Sensitive Groups
airqo_g5339,Makerere University Weather Station 94,0.337960199,32.56790884,2026-08-01 09:00:00,0.06742602,36.134007,16.180191,56.087822,Unhealthy for Sensitive Groups
airqo_g5339,Makerere University Weather Station 94,0.337960199,32.56790884,2026-08-01 10:00:00,0.2988336,42.697575,22.74376,62.65139,Unhealthy for Sensitive Groups
airqo_g5339,Makerere University Weather Station 94,0.337960199,32.56790884,2026-08-01 11:00:00,0.23222351,40.808266,20.85445,60.76208,Unhealthy for Sensitive Groups
airqo_g5339,Makerere University Weather Station 94,0.337960199,32.56790884,2026-08-01 12:00:00,0.056590065,35.82666,15.872845,55.780476,Unhealthy for Sensitive Groups
airqo_g5339,Makerere University Weather Station 94,0.337960199,32.56790884,2026-08-01 13:00:00,-0.33541736,24.707893,4.754078,44.66171,Moderate
airqo_g5339,Makerere University Weather Station 94,0.337960199,32.56790884,2026-08-01 14:00:00,-0.64291316,15.986185,0.0,35.940002,Moderate
airqo_g5339,Makerere University Weather Station 94,0.337960199,32.56790884,2026-08-01 15:00:00,-0.6070071,17.004612,0.0,36.958427,Moderate
airqo_g5339,Makerere University Weather Station 94,0.337960199,32.56790884,2026-08-01 16:00:00,-0.5925508,17.414644,0.0,37.36846,Moderate
airqo_g5339,Makerere University Weather Station 94,0.337960199,32.56790884,2026-08-01 17:00:00,-0.5803015,17.76208,0.0,37.715897,Moderate
airqo_g5339,Makerere University Weather Station 94,0.337960199,32.56790884,2026-08-01 18:00:00,-0.55484664,18.484074,0.0,38.43789,Moderate
airqo_g5339,Makerere University Weather Station 94,0.337960199,32.56790884,2026-08-01 19:00:00,-0.20126948,28.512817,8.559002,48.466633,Moderate
airqo_g5339,Makerere University Weather Station 94,0.337960199,32.56790884,2026-08-01 20:00:00,-0.07505341,32.09277,12.138954,52.046585,Moderate
airqo_g5339,Makerere University Weather Station 94,0.337960199,32.56790884,2026-08-01 21:00:00,0.19272178,39.687855,19.73404,59.64167,Unhealthy for Sensitive Groups
airqo_g5339,Makerere University Weather Station 94,0.337960199,32.56790884,2026-08-01 22:00:00,0.045168895,35.502712,15.548897,55.456528,Unhealthy for Sensitive Groups
airqo_g5339,Makerere University Weather Station 94,0.337960199,32.56790884,2026-08-01 23:00:00,0.018178774,34.737175,14.78336,54.69099,Moderate
airqo_g5341,Makerere University Weather Station 94,0.333508333,32.56855,2026-08-01 00:00:00,-0.23727268,27.491634,7.537819,47.44545,Moderate
airqo_g5341,Makerere University Weather Station 94,0.333508333,32.56855,2026-08-01 01:00:00,-0.21306004,28.178394,8.224579,48.13221,Moderate
airqo_g5341,Makerere University Weather Station 94,0.333508333,32.56855,2026-08-01 02:00:00,-0.28896412,26.025476,6.071661,45.979294,Moderate
airqo_g5341,Makerere University Weather Station 94,0.333508333,32.56855,2026-08-01 03:00:00,-0.25993854,26.848747,6.894932,46.802563,Moderate
airqo_g5341,Makerere University Weather Station 94,0.333508333,32.56855,2026-08-01 04:00:00,-0.21984272,27.986012,8.032196,47.939827,Moderate
airqo_g5341,Makerere University Weather Station 94,0.333508333,32.56855,2026-08-01 05:00:00,-0.27137247,26.52444,6.5706253,46.478256,Moderate
airqo_g5341,Makerere University Weather Station 94,0.333508333,32.56855,2026-08-01 06:00:00,-0.050792873,32.780884,12.827068,52.7347,Moderate
airqo_g5341,Makerere University Weather Station 94,0.333508333,32.56855,2026-08-01 07:00:00,0.074198745,36.326107,16.372292,56.279922,Unhealthy for Sensitive Groups
airqo_g5341,Makerere University Weather Station 94,0.333508333,32.56855,2026-08-01 08:00:00,0.27422053,41.99946,22.045643,61.953274,Unhealthy for Sensitive Groups
airqo_g5341,Makerere University Weather Station 94,0.333508333,32.56855,2026-08-01 09:00:00,-0.18202607,29.058632,9.104816,49.012447,Moderate
airqo_g5341,Makerere University Weather Station 94,0.333508333,32.56855,2026-08-01 10:00:00,-0.49745265,20.111977,0.15816116,40.065792,Moderate
airqo_g5341,Makerere University Weather Station 94,0.333508333,32.56855,2026-08-01 11:00:00,-0.5283221,19.236406,0.0,39.190224,Moderate
airqo_g5341,Makerere University Weather Station 94,0.333508333,32.56855,2026-08-01 12:00:00,-0.6339201,16.24126,0.0,36.195076,Moderate
airqo_g5341,Makerere University Weather Station 94,0.333508333,32.56855,2026-08-01 13:00:00,-0.6418155,16.017319,0.0,35.971134,Moderate
airqo_g5341,Makerere University Weather Station 94,0.333508333,32.56855,2026-08-01 14:00:00,-0.59287137,17.405554,0.0,37.359367,Moderate
airqo_g5341,Makerere University Weather Station 94,0.333508333,32.56855,2026-08-01 15:00:00,-0.58464295,17.63894,0.0,37.59276,Moderate
airqo_g5341,Makerere University Weather Station 94,0.333508333,32.56855,2026-08-01 16:00:00,-0.5258335,19.306992,0.0,39.260807,Moderate
airqo_g5341,Makerere University Weather Station 94,0.333508333,32.56855,2026-08-01 17:00:00,-0.5413017,18.868256,0.0,38.82207,Moderate
airqo_g5341,Makerere University Weather Station 94,0.333508333,32.56855,2026-08-01 18:00:00,-0.5922726,17.422537,0.0,37.37635,Moderate
airqo_g5341,Makerere University Weather Station 94,0.333508333,32.56855,2026-08-01 19:00:00,-0.15465544,29.834963,9.881147,49.78878,Moderate
airqo_g5341,Makerere University Weather Station 94,0.333508333,32.56855,2026-08-01 20:00:00,-0.06486923,32.38163,12.4278145,52.335445,Moderate
airqo_g5341,Makerere University Weather Station 94,0.333508333,32.56855,2026-08-01 21:00:00,-0.039380923,33.10457,13.150753,53.058384,Moderate
airqo_g5341,Makerere University Weather Station 94,0.333508333,32.56855,2026-08-01 22:00:00,-0.015394938,33.7849,13.831085,53.738716,Moderate
airqo_g5341,Makerere University Weather Station 94,0.333508333,32.56855,2026-08-01 23:00:00,-0.028418519,33.415504,13.461689,53.36932,Moderate
airqo_g5342,Nakawa Division KCCA,0.32984,32.60688,2026-08-01 00:00:00,-0.06629636,32.34115,12.387333,52.294964,Moderate
airqo_g5342,Nakawa Division KCCA,0.32984,32.60688,2026-08-01 01:00:00,-0.054301836,32.68136,12.727543,52.635174,Moderate
airqo_g5342,Nakawa Division KCCA,0.32984,32.60688,2026-08-01 02:00:00,-0.1695978,29.411142,9.457327,49.36496,Moderate
airqo_g5342,Nakawa Division KCCA,0.32984,32.60688,2026-08-01 03:00:00,-0.076097466,32.063156,12.109341,52.01697,Moderate
airqo_g5342,Nakawa Division KCCA,0.32984,32.60688,2026-08-01 04:00:00,-0.45933798,21.19305,1.2392349,41.146866,Moderate
airqo_g5342,Nakawa Division KCCA,0.32984,32.60688,2026-08-01 05:00:00,-0.42553234,22.151901,2.1980858,42.105717,Moderate
airqo_g5342,Nakawa Division KCCA,0.32984,32.60688,2026-08-01 06:00:00,-0.34067923,24.558647,4.6048317,44.512463,Moderate
airqo_g5342,Nakawa Division KCCA,0.32984,32.60688,2026-08-01 07:00:00,-0.20039026,28.537756,8.5839405,48.49157,Moderate
airqo_g5342,Nakawa Division KCCA,0.32984,32.60688,2026-08-01 08:00:00,-0.0050362507,34.078712,14.124897,54.032528,Moderate
airqo_g5342,Nakawa Division KCCA,0.32984,32.60688,2026-08-01 09:00:00,-0.3174134,25.218552,5.264736,45.172367,Moderate
airqo_g5342,Nakawa Division KCCA,0.32984,32.60688,2026-08-01 10:00:00,-0.5131564,19.666561,0.0,39.620377,Moderate
airqo_g5342,Nakawa Division KCCA,0.32984,32.60688,2026-08-01 11:00:00,-0.63401955,16.23844,0.0,36.192253,Moderate
airqo_g5342,Nakawa Division KCCA,0.32984,32.60688,2026-08-01 12:00:00,-0.6569471,15.588131,0.0,35.541946,Moderate
airqo_g5342,Nakawa Division KCCA,0.32984,32.60688,2026-08-01 13:00:00,-0.6564306,15.602779,0.0,35.556595,Moderate
airqo_g5342,Nakawa Division KCCA,0.32984,32.60688,2026-08-01 14:00:00,-0.66432285,15.378927,0.0,35.33274,Moderate
airqo_g5342,Nakawa Division KCCA,0.32984,32.60688,2026-08-01 15:00:00,-0.66319793,15.410833,0.0,35.364647,Moderate
airqo_g5342,Nakawa Division KCCA,0.32984,32.60688,2026-08-01 16:00:00,-0.63531065,16.201818,0.0,36.155632,Moderate
airqo_g5342,Nakawa Division KCCA,0.32984,32.60688,2026-08-01 17:00:00,-0.55515575,18.475306,0.0,38.429123,Moderate
airqo_g5342,Nakawa Division KCCA,0.32984,32.60688,2026-08-01 18:00:00,-0.57335734,17.959042,0.0,37.912857,Moderate
airqo_g5342,Nakawa Division KCCA,0.32984,32.60688,2026-08-01 19:00:00,-0.16508348,29.539185,9.585369,49.493,Moderate
airqo_g5342,Nakawa Division KCCA,0.32984,32.60688,2026-08-01 20:00:00,-0.052270632,32.73897,12.785156,52.692787,Moderate
airqo_g5342,Nakawa Division KCCA,0.32984,32.60688,2026-08-01 21:00:00,-0.013946432,33.825985,13.8721695,53.7798,Moderate
airqo_g5342,Nakawa Division KCCA,0.32984,32.60688,2026-08-01 22:00:00,-0.018581903,33.694508,13.740692,53.648323,Moderate
airqo_g5342,Nakawa Division KCCA,0.32984,32.60688,2026-08-01 23:00:00,-0.04557454,32.928898,12.975082,52.882713,Moderate
airqo_g5343,"KCCA Hall,Parliamentary Avenue",0.315133111,32.586971,2026-08-01 00:00:00,-0.22849959,27.74047,7.7866554,47.694286,Moderate
airqo_g5343,"KCCA Hall,Parliamentary Avenue",0.315133111,32.586971,2026-08-01 01:00:00,-0.3003808,25.701656,5.747841,45.65547,Moderate
airqo_g5343,"KCCA Hall,Parliamentary Avenue",0.315133111,32.586971,2026-08-01 02:00:00,-0.30892012,25.45945,5.5056343,45.413265,Moderate
airqo_g5343,"KCCA Hall,Parliamentary Avenue",0.315133111,32.586971,2026-08-01 03:00:00,-0.3975731,22.944927,2.9911118,42.898743,Moderate
airqo_g5343,"KCCA Hall,Parliamentary Avenue",0.315133111,32.586971,2026-08-01 04:00:00,-0.3108138,25.405739,5.4519234,45.359554,Moderate
airqo_g5343,"KCCA Hall,Parliamentary Avenue",0.315133111,32.586971,2026-08-01 05:00:00,-0.30642208,25.530304,5.5764885,45.48412,Moderate
airqo_g5343,"KCCA Hall,Parliamentary Avenue",0.315133111,32.586971,2026-08-01 06:00:00,-0.14855307,30.008049,10.054234,49.961864,Moderate
airqo_g5343,"KCCA Hall,Parliamentary Avenue",0.315133111,32.586971,2026-08-01 07:00:00,-0.0100938,33.93526,13.981445,53.889076,Moderate
airqo_g5343,"KCCA Hall,Parliamentary Avenue",0.315133111,32.586971,2026-08-01 08:00:00,-0.16916092,29.423534,9.469719,49.37735,Moderate
airqo_g5343,"KCCA Hall,Parliamentary Avenue",0.315133111,32.586971,2026-08-01 09:00:00,-0.16374844,29.577051,9.623236,49.53087,Moderate
airqo_g5343,"KCCA Hall,Parliamentary Avenue",0.315133111,32.586971,2026-08-01 10:00:00,-0.53049517,19.17477,0.0,39.128586,Moderate
airqo_g5343,"KCCA Hall,Parliamentary Avenue",0.315133111,32.586971,2026-08-01 11:00:00,-0.6653594,15.349527,0.0,35.303345,Moderate
airqo_g5343,"KCCA Hall,Parliamentary Avenue",0.315133111,32.586971,2026-08-01 12:00:00,-0.69420874,14.531254,0.0,34.48507,Moderate
airqo_g5343,"KCCA Hall,Parliamentary Avenue",0.315133111,32.586971,2026-08-01 13:00:00,-0.67853236,14.975893,0.0,34.92971,Moderate
airqo_g5343,"KCCA Hall,Parliamentary Avenue",0.315133111,32.586971,2026-08-01 14:00:00,-0.6859291,14.766094,0.0,34.71991,Moderate
airqo_g5343,"KCCA Hall,Parliamentary Avenue",0.315133111,32.586971,2026-08-01 15:00:00,-0.67398244,15.104946,0.0,35.05876,Moderate
airqo_g5343,"KCCA Hall,Parliamentary Avenue",0.315133111,32.586971,2026-08-01 16:00:00,-0.58899504,17.5155,0.0,37.469315,Moderate
airqo_g5343,"KCCA Hall,Parliamentary Avenue",0.315133111,32.586971,2026-08-01 17:00:00,-0.57900643,17.798813,0.0,37.75263,Moderate
airqo_g5343,"KCCA Hall,Parliamentary Avenue",0.315133111,32.586971,2026-08-01 18:00:00,-0.4424682,21.67154,1.7177238,41.625355,Moderate
airqo_g5343,"KCCA Hall,Parliamentary Avenue",0.315133111,32.586971,2026-08-01 19:00:00,-0.18752155,28.90276,8.948944,48.856575,Moderate
airqo_g5343,"KCCA Hall,Parliamentary Avenue",0.315133111,32.586971,2026-08-01 20:00:00,-0.14941849,29.983501,10.029686,49.937317,Moderate
airqo_g5343,"KCCA Hall,Parliamentary Avenue",0.315133111,32.586971,2026-08-01 21:00:00,-0.1336639,30.430359,10.476543,50.384174,Moderate
airqo_g5343,"KCCA Hall,Parliamentary Avenue",0.315133111,32.586971,2026-08-01 22:00:00,-0.13612376,30.360588,10.406773,50.314404,Moderate
airqo_g5343,"KCCA Hall,Parliamentary Avenue",0.315133111,32.586971,2026-08-01 23:00:00,-0.12409094,30.701883,10.748068,50.6557,Moderate
airqo_g5345,"St Paul Demonstration School,Ggaba",0.265029143,32.627141,2026-08-01 00:00:00,-0.20235606,28.481998,8.528183,48.435814,Moderate
airqo_g5345,"St Paul Demonstration School,Ggaba",0.265029143,32.627141,2026-08-01 01:00:00,-0.31571695,25.266668,5.312853,45.22048,Moderate
airqo_g5345,"St Paul Demonstration School,Ggaba",0.265029143,32.627141,2026-08-01 02:00:00,-0.32753044,24.931595,4.9777794,44.88541,Moderate
airqo_g5345,"St Paul Demonstration School,Ggaba",0.265029143,32.627141,2026-08-01 03:00:00,-0.561104,18.306591,0.0,38.260406,Moderate
airqo_g5345,"St Paul Demonstration School,Ggaba",0.265029143,32.627141,2026-08-01 04:00:00,-0.5281111,19.242392,0.0,39.196205,Moderate
airqo_g5345,"St Paul Demonstration School,Ggaba",0.265029143,32.627141,2026-08-01 05:00:00,-0.52144504,19.431465,0.0,39.38528,Moderate
airqo_g5345,"St Paul Demonstration School,Ggaba",0.265029143,32.627141,2026-08-01 06:00:00,-0.45112103,21.426113,1.4722977,41.37993,Moderate
airqo_g5345,"St Paul Demonstration School,Ggaba",0.265029143,32.627141,2026-08-01 07:00:00,-0.31030342,25.420216,5.4664,45.37403,Moderate
airqo_g5345,"St Paul Demonstration School,Ggaba",0.265029143,32.627141,2026-08-01 08:00:00,-0.11885658,30.85035,10.896534,50.804165,Moderate
airqo_g5345,"St Paul Demonstration School,Ggaba",0.265029143,32.627141,2026-08-01 09:00:00,-0.33311895,24.773083,4.8192673,44.7269,Moderate
airqo_g5345,"St Paul Demonstration School,Ggaba",0.265029143,32.627141,2026-08-01 10:00:00,-0.5632196,18.246586,0.0,38.2004,Moderate
airqo_g5345,"St Paul Demonstration School,Ggaba",0.265029143,32.627141,2026-08-01 11:00:00,-0.65350485,15.685764,0.0,35.63958,Moderate
airqo_g5345,"St Paul Demonstration School,Ggaba",0.265029143,32.627141,2026-08-01 12:00:00,-0.6640738,15.38599,0.0,35.339806,Moderate
airqo_g5345,"St Paul Demonstration School,Ggaba",0.265029143,32.627141,2026-08-01 13:00:00,-0.6629776,15.417084,0.0,35.3709,Moderate
airqo_g5345,"St Paul Demonstration School,Ggaba",0.265029143,32.627141,2026-08-01 14:00:00,-0.65219456,15.722929,0.0,35.676743,Moderate
airqo_g5345,"St Paul Demonstration School,Ggaba",0.265029143,32.627141,2026-08-01 15:00:00,-0.5934814,17.38825,0.0,37.342064,Moderate
airqo_g5345,"St Paul Demonstration School,Ggaba",0.265029143,32.627141,2026-08-01 16:00:00,-0.58545303,17.615965,0.0,37.56978,Moderate
airqo_g5345,"St Paul Demonstration School,Ggaba",0.265029143,32.627141,2026-08-01 17:00:00,-0.5803351,17.761127,0.0,37.714943,Moderate
airqo_g5345,"St Paul Demonstration School,Ggaba",0.265029143,32.627141,2026-08-01 18:00:00,-0.51659435,19.56905,0.0,39.522865,Moderate
airqo_g5345,"St Paul Demonstration School,Ggaba",0.265029143,32.627141,2026-08-01 19:00:00,-0.13919377,30.273512,10.319696,50.227325,Moderate
airqo_g5345,"St Paul Demonstration School,Ggaba",0.265029143,32.627141,2026-08-01 20:00:00,-0.083668254,31.84842,11.894604,51.802235,Moderate
airqo_g5345,"St Paul Demonstration School,Ggaba",0.265029143,32.627141,2026-08-01 21:00:00,-0.09170185,31.620558,11.666742,51.57437,Moderate
airqo_g5345,"St Paul Demonstration School,Ggaba",0.265029143,32.627141,2026-08-01 22:00:00,-0.0759415,32.067577,12.113762,52.021393,Moderate
airqo_g5345,"St Paul Demonstration School,Ggaba",0.265029143,32.627141,2026-08-01 23:00:00,-0.09054105,31.653482,11.699667,51.6073,Moderate
airqo_g5346,Kololo Mabua Stores,0.333274579,32.588173,2026-08-01 00:00:00,-0.1628965,29.601215,9.6474,49.55503,Moderate
airqo_g5346,Kololo Mabua Stores,0.333274579,32.588173,2026-08-01 01:00:00,-0.25101748,27.101782,7.1479664,47.055595,Moderate
airqo_g5346,Kololo Mabua Stores,0.333274579,32.588173,2026-08-01 02:00:00,-0.4928188,20.24341,0.28959465,40.197227,Moderate
airqo_g5346,Kololo Mabua Stores,0.333274579,32.588173,2026-08-01 03:00:00,-0.50467587,19.9071,0.0,39.860916,Moderate
airqo_g5346,Kololo Mabua Stores,0.333274579,32.588173,2026-08-01 04:00:00,-0.4511387,21.42561,1.4717941,41.379425,Moderate
airqo_g5346,Kololo Mabua Stores,0.333274579,32.588173,2026-08-01 05:00:00,-0.3492926,24.314339,4.360523,44.268154,Moderate
airqo_g5346,Kololo Mabua Stores,0.333274579,32.588173,2026-08-01 06:00:00,-0.21529563,28.114985,8.161169,48.0688,Moderate
airqo_g5346,Kololo Mabua Stores,0.333274579,32.588173,2026-08-01 07:00:00,-0.15735956,29.758265,9.804449,49.712082,Moderate
airqo_g5346,Kololo Mabua Stores,0.333274579,32.588173,2026-08-01 08:00:00,0.20840646,40.13273,20.178913,60.086544,Unhealthy for Sensitive Groups
airqo_g5346,Kololo Mabua Stores,0.333274579,32.588173,2026-08-01 09:00:00,-0.2703406,26.553707,6.5998917,46.507523,Moderate
airqo_g5346,Kololo Mabua Stores,0.333274579,32.588173,2026-08-01 10:00:00,-0.56714886,18.135138,0.0,38.08895,Moderate
airqo_g5346,Kololo Mabua Stores,0.333274579,32.588173,2026-08-01 11:00:00,-0.6756056,15.058907,0.0,35.012722,Moderate
airqo_g5346,Kololo Mabua Stores,0.333274579,32.588173,2026-08-01 12:00:00,-0.72186506,13.746819,0.0,33.700634,Moderate
airqo_g5346,Kololo Mabua Stores,0.333274579,32.588173,2026-08-01 13:00:00,-0.72437406,13.675655,0.0,33.62947,Moderate
airqo_g5346,Kololo Mabua Stores,0.333274579,32.588173,2026-08-01 14:00:00,-0.7001031,14.364067,0.0,34.317883,Moderate
airqo_g5346,Kololo Mabua Stores,0.333274579,32.588173,2026-08-01 15:00:00,-0.69286186,14.569456,0.0,34.52327,Moderate
airqo_g5346,Kololo Mabua Stores,0.333274579,32.588173,2026-08-01 16:00:00,-0.5591368,18.362389,0.0,38.316204,Moderate
airqo_g5346,Kololo Mabua Stores,0.333274579,32.588173,2026-08-01 17:00:00,-0.64093864,16.042189,0.0,35.996002,Moderate
airqo_g5346,Kololo Mabua Stores,0.333274579,32.588173,2026-08-01 18:00:00,-0.5410713,18.874794,0.0,38.82861,Moderate
airqo_g5346,Kololo Mabua Stores,0.333274579,32.588173,2026-08-01 19:00:00,-0.18226969,29.051722,9.097906,49.00554,Moderate
airqo_g5346,Kololo Mabua Stores,0.333274579,32.588173,2026-08-01 20:00:00,-0.17158817,29.354689,9.400873,49.308502,Moderate
airqo_g5346,Kololo Mabua Stores,0.333274579,32.588173,2026-08-01 21:00:00,-0.14198783,30.194263,10.240448,50.14808,Moderate
airqo_g5346,Kololo Mabua Stores,0.333274579,32.588173,2026-08-01 22:00:00,-0.111400545,31.06183,11.108015,51.015648,Moderate
airqo_g5346,Kololo Mabua Stores,0.333274579,32.588173,2026-08-01 23:00:00,-0.18924432,28.853895,8.90008,48.80771,Moderate
airqo_g5356,"Kitebi Health Centre 3,Kabusu road",0.28052,32.54123,2026-08-01 00:00:00,0.016194547,34.680893,14.7270775,54.63471,Moderate
airqo_g5356,"Kitebi Health Centre 3,Kabusu road",0.28052,32.54123,2026-08-01 01:00:00,-0.007317514,34.014008,14.060192,53.967823,Moderate
airqo_g5356,"Kitebi Health Centre 3,Kabusu road",0.28052,32.54123,2026-08-01 02:00:00,-0.01209433,33.878517,13.924702,53.832333,Moderate
airqo_g5356,"Kitebi Health Centre 3,Kabusu road",0.28052,32.54123,2026-08-01 03:00:00,0.0430613,35.442932,15.489117,55.396748,Moderate
airqo_g5356,"Kitebi Health Centre 3,Kabusu road",0.28052,32.54123,2026-08-01 04:00:00,0.05407476,35.755318,15.801502,55.709133,Unhealthy for Sensitive Groups
airqo_g5356,"Kitebi Health Centre 3,Kabusu road",0.28052,32.54123,2026-08-01 05:00:00,0.1261179,37.798725,17.84491,57.75254,Unhealthy for Sensitive Groups
airqo_g5356,"Kitebi Health Centre 3,Kabusu road",0.28052,32.54123,2026-08-01 06:00:00,0.2721922,41.941925,21.98811,61.89574,Unhealthy for Sensitive Groups
airqo_g5356,"Kitebi Health Centre 3,Kabusu road",0.28052,32.54123,2026-08-01 07:00:00,0.40854394,45.80936,25.855545,65.763176,Unhealthy for Sensitive Groups
airqo_g5356,"Kitebi Health Centre 3,Kabusu road",0.28052,32.54123,2026-08-01 08:00:00,0.6076012,51.455353,31.501537,71.409164,Unhealthy for Sensitive Groups
airqo_g5356,"Kitebi Health Centre 3,Kabusu road",0.28052,32.54123,2026-08-01 09:00:00,-0.033707064,33.265503,13.311687,53.21932,Moderate
airqo_g5356,"Kitebi Health Centre 3,Kabusu road",0.28052,32.54123,2026-08-01 10:00:00,-0.34683508,24.384045,4.430229,44.33786,Moderate
airqo_g5356,"Kitebi Health Centre 3,Kabusu road",0.28052,32.54123,2026-08-01 11:00:00,-0.5426905,18.828865,0.0,38.78268,Moderate
airqo_g5356,"Kitebi Health Centre 3,Kabusu road",0.28052,32.54123,2026-08-01 12:00:00,-0.5610996,18.306717,0.0,38.260532,Moderate
airqo_g5356,"Kitebi Health Centre 3,Kabusu road",0.28052,32.54123,2026-08-01 13:00:00,-0.62296075,16.552109,0.0,36.505924,Moderate
airqo_g5356,"Kitebi Health Centre 3,Kabusu road",0.28052,32.54123,2026-08-01 14:00:00,-0.6355062,16.196272,0.0,36.150085,Moderate
airqo_g5356,"Kitebi Health Centre 3,Kabusu road",0.28052,32.54123,2026-08-01 15:00:00,-0.6186901,16.67324,0.0,36.627056,Moderate
airqo_g5356,"Kitebi Health Centre 3,Kabusu road",0.28052,32.54123,2026-08-01 16:00:00,-0.58566636,17.609913,0.0,37.56373,Moderate
airqo_g5356,"Kitebi Health Centre 3,Kabusu road",0.28052,32.54123,2026-08-01 17:00:00,-0.5731492,17.964947,0.0,37.918762,Moderate
airqo_g5356,"Kitebi Health Centre 3,Kabusu road",0.28052,32.54123,2026-08-01 18:00:00,-0.33762112,24.645386,4.6915703,44.5992,Moderate
airqo_g5356,"Kitebi Health Centre 3,Kabusu road",0.28052,32.54123,2026-08-01 19:00:00,-0.15924768,29.70471,9.750895,49.658524,Moderate
airqo_g5356,"Kitebi Health Centre 3,Kabusu road",0.28052,32.54123,2026-08-01 20:00:00,-0.09906817,31.411621,11.457806,51.365437,Moderate
airqo_g5356,"Kitebi Health Centre 3,Kabusu road",0.28052,32.54123,2026-08-01 21:00:00,0.05373276,35.745617,15.791801,55.699432,Unhealthy for Sensitive Groups
airqo_g5356,"Kitebi Health Centre 3,Kabusu road",0.28052,32.54123,2026-08-01 22:00:00,-0.01912964,33.67897,13.725155,53.632786,Moderate
airqo_g5356,"Kitebi Health Centre 3,Kabusu road",0.28052,32.54123,2026-08-01 23:00:00,0.054337867,35.76278,15.808964,55.716595,Unhealthy for Sensitive Groups
airqo_g5359,KCCA Division Kisungu,0.3069226515,32.61151878,2026-08-01 00:00:00,-0.39899287,22.904657,2.950842,42.858475,Moderate
airqo_g5359,KCCA Division Kisungu,0.3069226515,32.61151878,2026-08-01 01:00:00,-0.6672048,15.297184,0.0,35.251,Moderate
airqo_g5359,KCCA Division Kisungu,0.3069226515,32.61151878,2026-08-01 02:00:00,-0.63767785,16.134678,0.0,36.088493,Moderate
airqo_g5359,KCCA Division Kisungu,0.3069226515,32.61151878,2026-08-01 03:00:00,-0.6094356,16.93573,0.0,36.889545,Moderate
airqo_g5359,KCCA Division Kisungu,0.3069226515,32.61151878,2026-08-01 04:00:00,-0.57637227,17.873528,0.0,37.827343,Moderate
airqo_g5359,KCCA Division Kisungu,0.3069226515,32.61151878,2026-08-01 05:00:00,-0.66272867,15.424145,0.0,35.37796,Moderate
airqo_g5359,KCCA Division Kisungu,0.3069226515,32.61151878,2026-08-01 06:00:00,-0.53294295,19.105343,0.0,39.05916,Moderate
airqo_g5359,KCCA Division Kisungu,0.3069226515,32.61151878,2026-08-01 07:00:00,-0.39825162,22.925682,2.9718666,42.879498,Moderate
airqo_g5359,KCCA Division Kisungu,0.3069226515,32.61151878,2026-08-01 08:00:00,-0.09030858,31.660076,11.706261,51.61389,Moderate
airqo_g5359,KCCA Division Kisungu,0.3069226515,32.61151878,2026-08-01 09:00:00,-0.3714555,23.685719,3.731903,43.639534,Moderate
airqo_g5359,KCCA Division Kisungu,0.3069226515,32.61151878,2026-08-01 10:00:00,-0.4247126,22.175152,2.2213364,42.128967,Moderate
airqo_g5359,KCCA Division Kisungu,0.3069226515,32.61151878,2026-08-01 11:00:00,-0.6549737,15.644104,0.0,35.59792,Moderate
airqo_g5359,KCCA Division Kisungu,0.3069226515,32.61151878,2026-08-01 12:00:00,-0.6137247,16.814075,0.0,36.76789,Moderate
airqo_g5359,KCCA Division Kisungu,0.3069226515,32.61151878,2026-08-01 13:00:00,-0.61515063,16.773632,0.0,36.727448,Moderate
airqo_g5359,KCCA Division Kisungu,0.3069226515,32.61151878,2026-08-01 14:00:00,-0.7043468,14.243702,0.0,34.197517,Moderate
airqo_g5359,KCCA Division Kisungu,0.3069226515,32.61151878,2026-08-01 15:00:00,-0.6987944,14.401186,0.0,34.355003,Moderate
airqo_g5359,KCCA Division Kisungu,0.3069226515,32.61151878,2026-08-01 16:00:00,-0.68369657,14.829418,0.0,34.783234,Moderate
airqo_g5359,KCCA Division Kisungu,0.3069226515,32.61151878,2026-08-01 17:00:00,-0.67063975,15.199757,0.0,35.153572,Moderate
airqo_g5359,KCCA Division Kisungu,0.3069226515,32.61151878,2026-08-01 18:00:00,-0.61445165,16.793457,0.0,36.747272,Moderate
airqo_g5359,KCCA Division Kisungu,0.3069226515,32.61151878,2026-08-01 19:00:00,-0.45055544,21.442154,1.4883385,41.39597,Moderate
airqo_g5359,KCCA Division Kisungu,0.3069226515,32.61151878,2026-08-01 20:00:00,-0.32812485,24.914734,4.9609184,44.86855,Moderate
airqo_g5359,KCCA Division Kisungu,0.3069226515,32.61151878,2026-08-01 21:00:00,-0.2845495,26.150692,6.1968765,46.104507,Moderate
airqo_g5359,KCCA Division Kisungu,0.3069226515,32.61151878,2026-08-01 22:00:00,-0.29214686,25.935202,5.981386,45.889015,Moderate
airqo_g5359,KCCA Division Kisungu,0.3069226515,32.61151878,2026-08-01 23:00:00,-0.30077964,25.690346,5.7365303,45.64416,Moderate
airqo_g5361,KCCA Stadium Lugogo,0.32769718400000003,32.60743155,2026-08-01 00:00:00,-0.115092345,30.957117,11.003302,50.910934,Moderate
airqo_g5361,KCCA Stadium Lugogo,0.32769718400000003,32.60743155,2026-08-01 01:00:00,-0.18073276,29.095314,9.141499,49.04913,Moderate
airqo_g5361,KCCA Stadium Lugogo,0.32769718400000003,32.60743155,2026-08-01 02:00:00,-0.39967194,22.885397,2.9315815,42.83921,Moderate
airqo_g5361,KCCA Stadium Lugogo,0.32769718400000003,32.60743155,2026-08-01 03:00:00,-0.3551696,24.147646,4.1938305,44.101463,Moderate
airqo_g5361,KCCA Stadium Lugogo,0.32769718400000003,32.60743155,2026-08-01 04:00:00,-0.16202873,29.62583,9.672014,49.579643,Moderate
airqo_g5361,KCCA Stadium Lugogo,0.32769718400000003,32.60743155,2026-08-01 05:00:00,-0.060906533,32.494026,12.540211,52.44784,Moderate
airqo_g5361,KCCA Stadium Lugogo,0.32769718400000003,32.60743155,2026-08-01 06:00:00,-0.20937885,28.282806,8.328991,48.23662,Moderate
airqo_g5361,KCCA Stadium Lugogo,0.32769718400000003,32.60743155,2026-08-01 07:00:00,0.00023073377,34.228104,14.274288,54.18192,Moderate
airqo_g5361,KCCA Stadium Lugogo,0.32769718400000003,32.60743155,2026-08-01 08:00:00,-0.030602602,33.353554,13.399738,53.30737,Moderate
airqo_g5361,KCCA Stadium Lugogo,0.32769718400000003,32.60743155,2026-08-01 09:00:00,-0.35489106,24.155546,4.2017307,44.10936,Moderate
airqo_g5361,KCCA Stadium Lugogo,0.32769718400000003,32.60743155,2026-08-01 10:00:00,-0.25132826,27.092968,7.1391525,47.046783,Moderate
airqo_g5361,KCCA Stadium Lugogo,0.32769718400000003,32.60743155,2026-08-01 11:00:00,-0.5912737,17.450869,0.0,37.404686,Moderate
airqo_g5361,KCCA Stadium Lugogo,0.32769718400000003,32.60743155,2026-08-01 12:00:00,-0.6365147,16.167667,0.0,36.121483,Moderate
airqo_g5361,KCCA Stadium Lugogo,0.32769718400000003,32.60743155,2026-08-01 13:00:00,-0.6534028,15.68866,0.0,35.642475,Moderate
airqo_g5361,KCCA Stadium Lugogo,0.32769718400000003,32.60743155,2026-08-01 14:00:00,-0.6392384,16.090414,0.0,36.044228,Moderate
airqo_g5361,KCCA Stadium Lugogo,0.32769718400000003,32.60743155,2026-08-01 15:00:00,-0.6349981,16.210686,0.0,36.1645,Moderate
airqo_g5361,KCCA Stadium Lugogo,0.32769718400000003,32.60743155,2026-08-01 16:00:00,-0.5823441,17.704144,0.0,37.65796,Moderate
airqo_g5361,KCCA Stadium Lugogo,0.32769718400000003,32.60743155,2026-08-01 17:00:00,-0.5829189,17.687841,0.0,37.641655,Moderate
airqo_g5361,KCCA Stadium Lugogo,0.32769718400000003,32.60743155,2026-08-01 18:00:00,-0.3336344,24.758463,4.8046474,44.71228,Moderate
airqo_g5361,KCCA Stadium Lugogo,0.32769718400000003,32.60743155,2026-08-01 19:00:00,0.015101694,34.6499,14.696083,54.603714,Moderate
airqo_g5361,KCCA Stadium Lugogo,0.32769718400000003,32.60743155,2026-08-01 20:00:00,-0.04519543,32.93965,12.985836,52.893467,Moderate
airqo_g5361,KCCA Stadium Lugogo,0.32769718400000003,32.60743155,2026-08-01 21:00:00,0.022832004,34.869156,14.91534,54.82297,Moderate
airqo_g5361,KCCA Stadium Lugogo,0.32769718400000003,32.60743155,2026-08-01 22:00:00,0.006054565,34.393288,14.439472,54.347103,Moderate
airqo_g5361,KCCA Stadium Lugogo,0.32769718400000003,32.60743155,2026-08-01 23:00:00,0.039060045,35.329445,15.375629,55.28326,Moderate
airqo_g5365,Namungona Primary school,0.326292,32.538020835,2026-08-01 00:00:00,-0.026918137,33.45806,13.504246,53.411877,Moderate
airqo_g5365,Namungona Primary school,0.326292,32.538020835,2026-08-01 01:00:00,-0.08316524,31.862686,11.908871,51.8165,Moderate
airqo_g5365,Namungona Primary school,0.326292,32.538020835,2026-08-01 02:00:00,-0.093390286,31.572666,11.618851,51.52648,Moderate
airqo_g5365,Namungona Primary school,0.326292,32.538020835,2026-08-01 03:00:00,-0.034193497,33.251705,13.29789,53.20552,Moderate
airqo_g5365,Namungona Primary school,0.326292,32.538020835,2026-08-01 04:00:00,0.2542504,41.43303,21.479214,61.386845,Unhealthy for Sensitive Groups
airqo_g5365,Namungona Primary school,0.326292,32.538020835,2026-08-01 05:00:00,0.2552606,41.461685,21.50787,61.4155,Unhealthy for Sensitive Groups
airqo_g5365,Namungona Primary school,0.326292,32.538020835,2026-08-01 06:00:00,0.11576854,37.505177,17.551361,57.458992,Unhealthy for Sensitive Groups
airqo_g5365,Namungona Primary school,0.326292,32.538020835,2026-08-01 07:00:00,0.21095413,40.20499,20.251175,60.158806,Unhealthy for Sensitive Groups
airqo_g5365,Namungona Primary school,0.326292,32.538020835,2026-08-01 08:00:00,0.24794388,41.254154,21.300339,61.20797,Unhealthy for Sensitive Groups
airqo_g5365,Namungona Primary school,0.326292,32.538020835,2026-08-01 09:00:00,-0.11420632,30.982248,11.028433,50.936066,Moderate
airqo_g5365,Namungona Primary school,0.326292,32.538020835,2026-08-01 10:00:00,-0.48517358,20.460257,0.5064411,40.41407,Moderate
airqo_g5365,Namungona Primary school,0.326292,32.538020835,2026-08-01 11:00:00,-0.58716387,17.567438,0.0,37.521255,Moderate
airqo_g5365,Namungona Primary school,0.326292,32.538020835,2026-08-01 12:00:00,-0.6478986,15.844778,0.0,35.79859,Moderate
airqo_g5365,Namungona Primary school,0.326292,32.538020835,2026-08-01 13:00:00,-0.6716064,15.1723385,0.0,35.126152,Moderate
airqo_g5365,Namungona Primary school,0.326292,32.538020835,2026-08-01 14:00:00,-0.6358119,16.187601,0.0,36.14142,Moderate
airqo_g5365,Namungona Primary school,0.326292,32.538020835,2026-08-01 15:00:00,-0.6383809,16.114737,0.0,36.06855,Moderate
airqo_g5365,Namungona Primary school,0.326292,32.538020835,2026-08-01 16:00:00,-0.5475454,18.691164,0.0,38.64498,Moderate
airqo_g5365,Namungona Primary school,0.326292,32.538020835,2026-08-01 17:00:00,-0.26404235,26.73235,6.778534,46.686165,Moderate
airqo_g5365,Namungona Primary school,0.326292,32.538020835,2026-08-01 18:00:00,-0.49688315,20.128132,0.1743164,40.081947,Moderate
airqo_g5365,Namungona Primary school,0.326292,32.538020835,2026-08-01 19:00:00,0.14258471,38.26578,18.311966,58.219597,Unhealthy for Sensitive Groups
airqo_g5365,Namungona Primary school,0.326292,32.538020835,2026-08-01 20:00:00,0.17234765,39.10997,19.156155,59.063786,Unhealthy for Sensitive Groups
airqo_g5365,Namungona Primary school,0.326292,32.538020835,2026-08-01 21:00:00,-0.0027088358,34.144726,14.19091,54.09854,Moderate
airqo_g5365,Namungona Primary school,0.326292,32.538020835,2026-08-01 22:00:00,-0.024646237,33.5225,13.568684,53.476315,Moderate
airqo_g5365,Namungona Primary school,0.326292,32.538020835,2026-08-01 23:00:00,-0.0011437277,34.189117,14.235302,54.142933,Moderate
airqo_g5366,"Kira Road Police, Kira road, Kampala Uganda",0.340164243,32.5987103,2026-08-01 00:00:00,-0.19773789,28.612988,8.659172,48.566803,Moderate
airqo_g5366,"Kira Road Police, Kira road, Kampala Uganda",0.340164243,32.5987103,2026-08-01 01:00:00,-0.27249113,26.49271,6.5388947,46.446526,Moderate
airqo_g5366,"Kira Road Police, Kira road, Kampala Uganda",0.340164243,32.5987103,2026-08-01 02:00:00,-0.45224842,21.394135,1.4403191,41.34795,Moderate
airqo_g5366,"Kira Road Police, Kira road, Kampala Uganda",0.340164243,32.5987103,2026-08-01 03:00:00,-0.40370414,22.771029,2.817213,42.724846,Moderate
airqo_g5366,"Kira Road Police, Kira road, Kampala Uganda",0.340164243,32.5987103,2026-08-01 04:00:00,-0.37920755,23.465843,3.5120277,43.41966,Moderate
airqo_g5366,"Kira Road Police, Kira road, Kampala Uganda",0.340164243,32.5987103,2026-08-01 05:00:00,-0.36260453,23.936764,3.9829483,43.89058,Moderate
airqo_g5366,"Kira Road Police, Kira road, Kampala Uganda",0.340164243,32.5987103,2026-08-01 06:00:00,-0.34213406,24.517382,4.563566,44.4712,Moderate
airqo_g5366,"Kira Road Police, Kira road, Kampala Uganda",0.340164243,32.5987103,2026-08-01 07:00:00,0.062685914,35.99956,16.045746,55.953377,Unhealthy for Sensitive Groups
airqo_g5366,"Kira Road Police, Kira road, Kampala Uganda",0.340164243,32.5987103,2026-08-01 08:00:00,-0.19471599,28.698698,8.744883,48.65251,Moderate
airqo_g5366,"Kira Road Police, Kira road, Kampala Uganda",0.340164243,32.5987103,2026-08-01 09:00:00,-0.24945296,27.146156,7.192341,47.09997,Moderate
airqo_g5366,"Kira Road Police, Kira road, Kampala Uganda",0.340164243,32.5987103,2026-08-01 10:00:00,-0.37157503,23.682327,3.7285118,43.636143,Moderate
airqo_g5366,"Kira Road Police, Kira road, Kampala Uganda",0.340164243,32.5987103,2026-08-01 11:00:00,-0.6561195,15.611603,0.0,35.56542,Moderate
airqo_g5366,"Kira Road Police, Kira road, Kampala Uganda",0.340164243,32.5987103,2026-08-01 12:00:00,-0.6029087,17.12086,0.0,37.074677,Moderate
airqo_g5366,"Kira Road Police, Kira road, Kampala Uganda",0.340164243,32.5987103,2026-08-01 13:00:00,-0.65763956,15.568489,0.0,35.522305,Moderate
airqo_g5366,"Kira Road Police, Kira road, Kampala Uganda",0.340164243,32.5987103,2026-08-01 14:00:00,-0.5285374,19.2303,0.0,39.184116,Moderate
airqo_g5366,"Kira Road Police, Kira road, Kampala Uganda",0.340164243,32.5987103,2026-08-01 15:00:00,-0.4637407,21.068172,1.114357,41.021988,Moderate
airqo_g5366,"Kira Road Police, Kira road, Kampala Uganda",0.340164243,32.5987103,2026-08-01 16:00:00,-0.61544925,16.765162,0.0,36.71898,Moderate
airqo_g5366,"Kira Road Police, Kira road, Kampala Uganda",0.340164243,32.5987103,2026-08-01 17:00:00,-0.61251533,16.84838,0.0,36.802193,Moderate
airqo_g5366,"Kira Road Police, Kira road, Kampala Uganda",0.340164243,32.5987103,2026-08-01 18:00:00,-0.5136258,19.653248,0.0,39.607063,Moderate
airqo_g5366,"Kira Road Police, Kira road, Kampala Uganda",0.340164243,32.5987103,2026-08-01 19:00:00,-0.22866961,27.73565,7.7818336,47.689465,Moderate
airqo_g5366,"Kira Road Police, Kira road, Kampala Uganda",0.340164243,32.5987103,2026-08-01 20:00:00,-0.19041611,28.82066,8.866844,48.774475,Moderate
airqo_g5366,"Kira Road Police, Kira road, Kampala Uganda",0.340164243,32.5987103,2026-08-01 21:00:00,-0.15585195,29.801025,9.84721,49.75484,Moderate
airqo_g5366,"Kira Road Police, Kira road, Kampala Uganda",0.340164243,32.5987103,2026-08-01 22:00:00,-0.14474352,30.1161,10.162285,50.069916,Moderate
airqo_g5366,"Kira Road Police, Kira road, Kampala Uganda",0.340164243,32.5987103,2026-08-01 23:00:00,-0.14136742,30.21186,10.258045,50.165676,Moderate
airqo_g5367,"Bakuli, Kampala, Uganda",0.3133,32.556,2026-08-01 00:00:00,-0.24138579,27.374971,7.421156,47.32879,Moderate
airqo_g5367,"Bakuli, Kampala, Uganda",0.3133,32.556,2026-08-01 01:00:00,-0.3102327,25.422222,5.4684067,45.376038,Moderate
airqo_g5367,"Bakuli, Kampala, Uganda",0.3133,32.556,2026-08-01 02:00:00,-0.3368874,24.666197,4.7123814,44.62001,Moderate
airqo_g5367,"Bakuli, Kampala, Uganda",0.3133,32.556,2026-08-01 03:00:00,-0.33094028,24.834879,4.8810635,44.788696,Moderate
airqo_g5367,"Bakuli, Kampala, Uganda",0.3133,32.556,2026-08-01 04:00:00,-0.30002257,25.711819,5.758003,45.665634,Moderate
airqo_g5367,"Bakuli, Kampala, Uganda",0.3133,32.556,2026-08-01 05:00:00,-0.26388735,26.736746,6.7829304,46.69056,Moderate
airqo_g5367,"Bakuli, Kampala, Uganda",0.3133,32.556,2026-08-01 06:00:00,-0.13252762,30.46259,10.508774,50.416405,Moderate
airqo_g5367,"Bakuli, Kampala, Uganda",0.3133,32.556,2026-08-01 07:00:00,0.022422729,34.857548,14.903732,54.811363,Moderate
airqo_g5367,"Bakuli, Kampala, Uganda",0.3133,32.556,2026-08-01 08:00:00,0.07047508,36.22049,16.266674,56.174305,Unhealthy for Sensitive Groups
airqo_g5367,"Bakuli, Kampala, Uganda",0.3133,32.556,2026-08-01 09:00:00,-0.19791965,28.60783,8.654015,48.561646,Moderate
airqo_g5367,"Bakuli, Kampala, Uganda",0.3133,32.556,2026-08-01 10:00:00,-0.5149061,19.616934,0.0,39.570747,Moderate
airqo_g5367,"Bakuli, Kampala, Uganda",0.3133,32.556,2026-08-01 11:00:00,-0.65158343,15.740263,0.0,35.694077,Moderate
airqo_g5367,"Bakuli, Kampala, Uganda",0.3133,32.556,2026-08-01 12:00:00,-0.6874587,14.72271,0.0,34.676525,Moderate
airqo_g5367,"Bakuli, Kampala, Uganda",0.3133,32.556,2026-08-01 13:00:00,-0.68921804,14.672808,0.0,34.626625,Moderate
airqo_g5367,"Bakuli, Kampala, Uganda",0.3133,32.556,2026-08-01 14:00:00,-0.67804646,14.9896755,0.0,34.94349,Moderate
airqo_g5367,"Bakuli, Kampala, Uganda",0.3133,32.556,2026-08-01 15:00:00,-0.67819285,14.985523,0.0,34.93934,Moderate
airqo_g5367,"Bakuli, Kampala, Uganda",0.3133,32.556,2026-08-01 16:00:00,-0.6397161,16.076864,0.0,36.030678,Moderate
airqo_g5367,"Bakuli, Kampala, Uganda",0.3133,32.556,2026-08-01 17:00:00,-0.5955103,17.330704,0.0,37.28452,Moderate
airqo_g5367,"Bakuli, Kampala, Uganda",0.3133,32.556,2026-08-01 18:00:00,-0.4307534,22.003813,2.0499973,41.957626,Moderate
airqo_g5367,"Bakuli, Kampala, Uganda",0.3133,32.556,2026-08-01 19:00:00,-0.18003897,29.114992,9.161177,49.06881,Moderate
airqo_g5367,"Bakuli, Kampala, Uganda",0.3133,32.556,2026-08-01 20:00:00,-0.10144964,31.344074,11.390259,51.29789,Moderate
airqo_g5367,"Bakuli, Kampala, Uganda",0.3133,32.556,2026-08-01 21:00:00,-0.08344764,31.854677,11.900862,51.808495,Moderate
airqo_g5367,"Bakuli, Kampala, Uganda",0.3133,32.556,2026-08-01 22:00:00,-0.07527761,32.08641,12.132595,52.040226,Moderate
airqo_g5367,"Bakuli, Kampala, Uganda",0.3133,32.556,2026-08-01 23:00:00,-0.09006036,31.667116,11.713301,51.620934,Moderate
airqo_g5368,Ministry Of Health 2,0.331852147,32.577888105,2026-08-01 00:00:00,-0.37987533,23.446901,3.4930859,43.40072,Moderate
airqo_g5368,Ministry Of Health 2,0.331852147,32.577888105,2026-08-01 01:00:00,-0.40870446,22.6292,2.6753845,42.583015,Moderate
airqo_g5368,Ministry Of Health 2,0.331852147,32.577888105,2026-08-01 02:00:00,-0.4101998,22.586788,2.6329727,42.540604,Moderate
airqo_g5368,Ministry Of Health 2,0.331852147,32.577888105,2026-08-01 03:00:00,-0.3079492,25.48699,5.5331745,45.440804,Moderate
airqo_g5368,Ministry Of Health 2,0.331852147,32.577888105,2026-08-01 04:00:00,-0.21872063,28.01784,8.064024,47.971657,Moderate
airqo_g5368,Ministry Of Health 2,0.331852147,32.577888105,2026-08-01 05:00:00,-0.22075307,27.960192,8.006376,47.91401,Moderate
airqo_g5368,Ministry Of Health 2,0.331852147,32.577888105,2026-08-01 06:00:00,-0.36438614,23.88623,3.932415,43.840046,Moderate
airqo_g5368,Ministry Of Health 2,0.331852147,32.577888105,2026-08-01 07:00:00,-0.308733,25.46476,5.5109444,45.418575,Moderate
airqo_g5368,Ministry Of Health 2,0.331852147,32.577888105,2026-08-01 08:00:00,-0.17213947,29.339052,9.385237,49.29287,Moderate
airqo_g5368,Ministry Of Health 2,0.331852147,32.577888105,2026-08-01 09:00:00,-0.4336289,21.922253,1.9684372,41.87607,Moderate
airqo_g5368,Ministry Of Health 2,0.331852147,32.577888105,2026-08-01 10:00:00,-0.6569955,15.586758,0.0,35.540573,Moderate
airqo_g5368,Ministry Of Health 2,0.331852147,32.577888105,2026-08-01 11:00:00,-0.7306133,13.498688,0.0,33.452503,Moderate
airqo_g5368,Ministry Of Health 2,0.331852147,32.577888105,2026-08-01 12:00:00,-0.74373055,13.126635,0.0,33.080452,Moderate
airqo_g5368,Ministry Of Health 2,0.331852147,32.577888105,2026-08-01 13:00:00,-0.7398391,13.237011,0.0,33.190826,Moderate
airqo_g5368,Ministry Of Health 2,0.331852147,32.577888105,2026-08-01 14:00:00,-0.74370134,13.127462,0.0,33.081276,Moderate
airqo_g5368,Ministry Of Health 2,0.331852147,32.577888105,2026-08-01 15:00:00,-0.72733384,13.591705,0.0,33.54552,Moderate
airqo_g5368,Ministry Of Health 2,0.331852147,32.577888105,2026-08-01 16:00:00,-0.689755,14.6575775,0.0,34.611393,Moderate
airqo_g5368,Ministry Of Health 2,0.331852147,32.577888105,2026-08-01 17:00:00,-0.6212649,16.600208,0.0,36.554024,Moderate
airqo_g5368,Ministry Of Health 2,0.331852147,32.577888105,2026-08-01 18:00:00,-0.5897824,17.493168,0.0,37.446983,Moderate
airqo_g5368,Ministry Of Health 2,0.331852147,32.577888105,2026-08-01 19:00:00,-0.311102,25.397564,5.4437485,45.35138,Moderate
airqo_g5368,Ministry Of Health 2,0.331852147,32.577888105,2026-08-01 20:00:00,-0.25141186,27.090595,7.13678,47.04441,Moderate
airqo_g5368,Ministry Of Health 2,0.331852147,32.577888105,2026-08-01 21:00:00,-0.21521774,28.117193,8.163378,48.071007,Moderate
airqo_g5368,Ministry Of Health 2,0.331852147,32.577888105,2026-08-01 22:00:00,-0.20456739,28.419277,8.465462,48.373093,Moderate
airqo_g5368,Ministry Of Health 2,0.331852147,32.577888105,2026-08-01 23:00:00,-0.3459556,24.408989,4.4551735,44.362804,Moderate
airqo_g5375,Nakivubo Blue Primary School,0.3080725,32.57843,2026-08-01 00:00:00,-0.21594892,28.096455,8.142639,48.05027,Moderate
airqo_g5375,Nakivubo Blue Primary School,0.3080725,32.57843,2026-08-01 01:00:00,-0.30002213,25.71183,5.7580147,45.665646,Moderate
airqo_g5375,Nakivubo Blue Primary School,0.3080725,32.57843,2026-08-01 02:00:00,-0.33194956,24.806252,4.852436,44.760067,Moderate
airqo_g5375,Nakivubo Blue Primary School,0.3080725,32.57843,2026-08-01 03:00:00,-0.25584182,26.964947,7.0111313,46.918762,Moderate
airqo_g5375,Nakivubo Blue Primary School,0.3080725,32.57843,2026-08-01 04:00:00,-0.25221968,27.067684,7.1138687,47.0215,Moderate
airqo_g5375,Nakivubo Blue Primary School,0.3080725,32.57843,2026-08-01 05:00:00,0.04471115,35.48973,15.535915,55.443546,Moderate
airqo_g5375,Nakivubo Blue Primary School,0.3080725,32.57843,2026-08-01 06:00:00,-0.08389083,31.842106,11.88829,51.79592,Moderate
airqo_g5375,Nakivubo Blue Primary School,0.3080725,32.57843,2026-08-01 07:00:00,0.30962646,43.0037,23.049885,62.957516,Unhealthy for Sensitive Groups
airqo_g5375,Nakivubo Blue Primary School,0.3080725,32.57843,2026-08-01 08:00:00,0.30775422,42.950596,22.99678,62.90441,Unhealthy for Sensitive Groups
airqo_g5375,Nakivubo Blue Primary School,0.3080725,32.57843,2026-08-01 09:00:00,0.05053844,35.655014,15.701199,55.60883,Unhealthy for Sensitive Groups
airqo_g5375,Nakivubo Blue Primary School,0.3080725,32.57843,2026-08-01 10:00:00,-0.07524127,32.08744,12.133625,52.041256,Moderate
airqo_g5375,Nakivubo Blue Primary School,0.3080725,32.57843,2026-08-01 11:00:00,-0.60318184,17.11311,0.0,37.066925,Moderate
airqo_g5375,Nakivubo Blue Primary School,0.3080725,32.57843,2026-08-01 12:00:00,-0.6374963,16.139826,0.0,36.093643,Moderate
airqo_g5375,Nakivubo Blue Primary School,0.3080725,32.57843,2026-08-01 13:00:00,-0.6516529,15.738295,0.0,35.69211,Moderate
airqo_g5375,Nakivubo Blue Primary School,0.3080725,32.57843,2026-08-01 14:00:00,-0.64014494,16.064701,0.0,36.018517,Moderate
airqo_g5375,Nakivubo Blue Primary School,0.3080725,32.57843,2026-08-01 15:00:00,-0.56500846,18.195847,0.0,38.149662,Moderate
airqo_g5375,Nakivubo Blue Primary School,0.3080725,32.57843,2026-08-01 16:00:00,-0.5463654,18.724632,0.0,38.678448,Moderate
airqo_g5375,Nakivubo Blue Primary School,0.3080725,32.57843,2026-08-01 17:00:00,-0.3606664,23.991737,4.037922,43.945553,Moderate
airqo_g5375,Nakivubo Blue Primary School,0.3080725,32.57843,2026-08-01 18:00:00,-0.38430998,23.321117,3.367302,43.274933,Moderate
airqo_g5375,Nakivubo Blue Primary School,0.3080725,32.57843,2026-08-01 19:00:00,-0.20227017,28.484434,8.530619,48.438248,Moderate
airqo_g5375,Nakivubo Blue Primary School,0.3080725,32.57843,2026-08-01 20:00:00,-0.1522194,29.904057,9.950241,49.857872,Moderate
airqo_g5375,Nakivubo Blue Primary School,0.3080725,32.57843,2026-08-01 21:00:00,-0.104078256,31.269516,11.315701,51.22333,Moderate
airqo_g5375,Nakivubo Blue Primary School,0.3080725,32.57843,2026-08-01 22:00:00,-0.124959506,30.677248,10.723433,50.631065,Moderate
airqo_g5375,Nakivubo Blue Primary School,0.3080725,32.57843,2026-08-01 23:00:00,-0.14071894,30.230253,10.276438,50.184067,Moderate
airqo_g5433,Buziga Islamic,0.26151,32.622036,2026-08-01 00:00:00,-0.45521352,21.310034,1.3562183,41.263847,Moderate
airqo_g5433,Buziga Islamic,0.26151,32.622036,2026-08-01 01:00:00,-0.4951778,20.1765,0.22268486,40.130318,Moderate
airqo_g5433,Buziga Islamic,0.26151,32.622036,2026-08-01 02:00:00,-0.5583794,18.383871,0.0,38.337685,Moderate
airqo_g5433,Buziga Islamic,0.26151,32.622036,2026-08-01 03:00:00,-0.5806192,17.753069,0.0,37.706886,Moderate
airqo_g5433,Buziga Islamic,0.26151,32.622036,2026-08-01 04:00:00,-0.5766654,17.865213,0.0,37.81903,Moderate
airqo_g5433,Buziga Islamic,0.26151,32.622036,2026-08-01 05:00:00,-0.5823293,17.704565,0.0,37.65838,Moderate
airqo_g5433,Buziga Islamic,0.26151,32.622036,2026-08-01 06:00:00,-0.45357898,21.356396,1.4025803,41.31021,Moderate
airqo_g5433,Buziga Islamic,0.26151,32.622036,2026-08-01 07:00:00,-0.33898202,24.606785,4.6529694,44.5606,Moderate
airqo_g5433,Buziga Islamic,0.26151,32.622036,2026-08-01 08:00:00,-0.32625106,24.967882,5.0140667,44.9217,Moderate
airqo_g5433,Buziga Islamic,0.26151,32.622036,2026-08-01 09:00:00,-0.4212839,22.272404,2.3185883,42.22622,Moderate
airqo_g5433,Buziga Islamic,0.26151,32.622036,2026-08-01 10:00:00,-0.6289152,16.383219,0.0,36.337036,Moderate
airqo_g5433,Buziga Islamic,0.26151,32.622036,2026-08-01 11:00:00,-0.67181486,15.166426,0.0,35.12024,Moderate
airqo_g5433,Buziga Islamic,0.26151,32.622036,2026-08-01 12:00:00,-0.70857674,14.123724,0.0,34.077538,Moderate
airqo_g5433,Buziga Islamic,0.26151,32.622036,2026-08-01 13:00:00,-0.70847774,14.1265335,0.0,34.08035,Moderate
airqo_g5433,Buziga Islamic,0.26151,32.622036,2026-08-01 14:00:00,-0.7100026,14.083282,0.0,34.037098,Moderate
airqo_g5433,Buziga Islamic,0.26151,32.622036,2026-08-01 15:00:00,-0.73296726,13.431921,0.0,33.385735,Moderate
airqo_g5433,Buziga Islamic,0.26151,32.622036,2026-08-01 16:00:00,-0.67466396,15.085615,0.0,35.03943,Moderate
airqo_g5433,Buziga Islamic,0.26151,32.622036,2026-08-01 17:00:00,-0.6366138,16.164858,0.0,36.118675,Moderate
airqo_g5433,Buziga Islamic,0.26151,32.622036,2026-08-01 18:00:00,-0.6110554,16.889788,0.0,36.843605,Moderate
airqo_g5433,Buziga Islamic,0.26151,32.622036,2026-08-01 19:00:00,-0.42267433,22.232964,2.279148,42.18678,Moderate
airqo_g5433,Buziga Islamic,0.26151,32.622036,2026-08-01 20:00:00,-0.36344406,23.912952,3.959137,43.866768,Moderate
airqo_g5433,Buziga Islamic,0.26151,32.622036,2026-08-01 21:00:00,-0.35086736,24.269672,4.315857,44.223488,Moderate
airqo_g5433,Buziga Islamic,0.26151,32.622036,2026-08-01 22:00:00,-0.35540852,24.14087,4.1870537,44.094685,Moderate
airqo_g5433,Buziga Islamic,0.26151,32.622036,2026-08-01 23:00:00,-0.35232136,24.228432,4.2746162,44.182247,Moderate
airqo_g5437,Rwebikona,-0.618001269,30.64412976,2026-08-01 00:00:00,-0.04751096,32.873974,12.920158,52.82779,Moderate
airqo_g5437,Rwebikona,-0.618001269,30.64412976,2026-08-01 01:00:00,-0.14574645,30.087654,10.133839,50.04147,Moderate
airqo_g5437,Rwebikona,-0.618001269,30.64412976,2026-08-01 02:00:00,-0.1609461,29.656536,9.702721,49.61035,Moderate
airqo_g5437,Rwebikona,-0.618001269,30.64412976,2026-08-01 03:00:00,-0.16732629,29.47557,9.521755,49.429386,Moderate
airqo_g5437,Rwebikona,-0.618001269,30.64412976,2026-08-01 04:00:00,-0.1687846,29.434208,9.480392,49.388023,Moderate
airqo_g5437,Rwebikona,-0.618001269,30.64412976,2026-08-01 05:00:00,-0.22768873,27.76347,7.809654,47.717285,Moderate
airqo_g5437,Rwebikona,-0.618001269,30.64412976,2026-08-01 06:00:00,-0.15610322,29.793898,9.840082,49.74771,Moderate
airqo_g5437,Rwebikona,-0.618001269,30.64412976,2026-08-01 07:00:00,-0.23417565,27.579477,7.625662,47.533295,Moderate
airqo_g5437,Rwebikona,-0.618001269,30.64412976,2026-08-01 08:00:00,-0.22718604,27.777729,7.8239136,47.731544,Moderate
airqo_g5437,Rwebikona,-0.618001269,30.64412976,2026-08-01 09:00:00,0.0055216113,34.37817,14.424355,54.331985,Moderate
airqo_g5437,Rwebikona,-0.618001269,30.64412976,2026-08-01 10:00:00,-0.09114762,31.636276,11.682461,51.59009,Moderate
airqo_g5437,Rwebikona,-0.618001269,30.64412976,2026-08-01 11:00:00,-0.11275322,31.023462,11.069647,50.97728,Moderate
airqo_g5437,Rwebikona,-0.618001269,30.64412976,2026-08-01 12:00:00,-0.3011184,25.680737,5.726921,45.634552,Moderate
airqo_g5437,Rwebikona,-0.618001269,30.64412976,2026-08-01 13:00:00,-0.26961562,26.57427,6.620455,46.528084,Moderate
airqo_g5437,Rwebikona,-0.618001269,30.64412976,2026-08-01 14:00:00,-0.39303353,23.073687,3.1198711,43.027504,Moderate
airqo_g5437,Rwebikona,-0.618001269,30.64412976,2026-08-01 15:00:00,-0.3618133,23.959206,4.00539,43.91302,Moderate
airqo_g5437,Rwebikona,-0.618001269,30.64412976,2026-08-01 16:00:00,-0.20710145,28.3474,8.393585,48.301216,Moderate
airqo_g5437,Rwebikona,-0.618001269,30.64412976,2026-08-01 17:00:00,-0.24944805,27.146297,7.192482,47.100113,Moderate
airqo_g5437,Rwebikona,-0.618001269,30.64412976,2026-08-01 18:00:00,-0.5135877,19.654327,0.0,39.608143,Moderate
airqo_g5437,Rwebikona,-0.618001269,30.64412976,2026-08-01 19:00:00,-0.26584992,26.68108,6.7272644,46.634895,Moderate
airqo_g5437,Rwebikona,-0.618001269,30.64412976,2026-08-01 20:00:00,-0.081840076,31.900272,11.946457,51.854088,Moderate
airqo_g5437,Rwebikona,-0.618001269,30.64412976,2026-08-01 21:00:00,0.22060055,40.4786,20.524784,60.432415,Unhealthy for Sensitive Groups
airqo_g5437,Rwebikona,-0.618001269,30.64412976,2026-08-01 22:00:00,0.06776591,36.143646,16.18983,56.09746,Unhealthy for Sensitive Groups
airqo_g5437,Rwebikona,-0.618001269,30.64412976,2026-08-01 23:00:00,0.09340108,36.870754,16.916939,56.82457,Unhealthy for Sensitive Groups
airqo_g5438,"St.Ponsiano primary school, makindye",0.2579775175,32.60911234,2026-08-01 00:00:00,-0.34800792,24.350777,4.396961,44.304592,Moderate
airqo_g5438,"St.Ponsiano primary school, makindye",0.2579775175,32.60911234,2026-08-01 01:00:00,-0.42182818,22.256966,2.3031502,42.21078,Moderate
airqo_g5438,"St.Ponsiano primary school, makindye",0.2579775175,32.60911234,2026-08-01 02:00:00,-0.4410276,21.712399,1.7585831,41.666214,Moderate
airqo_g5438,"St.Ponsiano primary school, makindye",0.2579775175,32.60911234,2026-08-01 03:00:00,-0.5533567,18.526333,0.0,38.48015,Moderate
airqo_g5438,"St.Ponsiano primary school, makindye",0.2579775175,32.60911234,2026-08-01 04:00:00,-0.5461091,18.731903,0.0,38.68572,Moderate
airqo_g5438,"St.Ponsiano primary school, makindye",0.2579775175,32.60911234,2026-08-01 05:00:00,-0.46128243,21.137897,1.184082,41.091713,Moderate
airqo_g5438,"St.Ponsiano primary school, makindye",0.2579775175,32.60911234,2026-08-01 06:00:00,-0.2667944,26.65429,6.700474,46.608105,Moderate
airqo_g5438,"St.Ponsiano primary school, makindye",0.2579775175,32.60911234,2026-08-01 07:00:00,-0.22777915,27.760906,7.8070908,47.71472,Moderate
airqo_g5438,"St.Ponsiano primary school, makindye",0.2579775175,32.60911234,2026-08-01 08:00:00,-0.27759662,26.3479,6.394085,46.301716,Moderate
airqo_g5438,"St.Ponsiano primary school, makindye",0.2579775175,32.60911234,2026-08-01 09:00:00,-0.42327544,22.215916,2.2621002,42.16973,Moderate
airqo_g5438,"St.Ponsiano primary school, makindye",0.2579775175,32.60911234,2026-08-01 10:00:00,-0.665912,15.333855,0.0,35.28767,Moderate
airqo_g5438,"St.Ponsiano primary school, makindye",0.2579775175,32.60911234,2026-08-01 11:00:00,-0.70781684,14.145279,0.0,34.099094,Moderate
airqo_g5438,"St.Ponsiano primary school, makindye",0.2579775175,32.60911234,2026-08-01 12:00:00,-0.741476,13.19058,0.0,33.144394,Moderate
airqo_g5438,"St.Ponsiano primary school, makindye",0.2579775175,32.60911234,2026-08-01 13:00:00,-0.7450326,13.089703,0.0,33.043518,Moderate
airqo_g5438,"St.Ponsiano primary school, makindye",0.2579775175,32.60911234,2026-08-01 14:00:00,-0.75286967,12.867414,0.0,32.821228,Moderate
airqo_g5438,"St.Ponsiano primary school, makindye",0.2579775175,32.60911234,2026-08-01 15:00:00,-0.727068,13.599245,0.0,33.553062,Moderate
airqo_g5438,"St.Ponsiano primary school, makindye",0.2579775175,32.60911234,2026-08-01 16:00:00,-0.7109495,14.056425,0.0,34.01024,Moderate
airqo_g5438,"St.Ponsiano primary school, makindye",0.2579775175,32.60911234,2026-08-01 17:00:00,-0.6988178,14.400524,0.0,34.35434,Moderate
airqo_g5438,"St.Ponsiano primary school, makindye",0.2579775175,32.60911234,2026-08-01 18:00:00,-0.65901023,15.529612,0.0,35.48343,Moderate
airqo_g5438,"St.Ponsiano primary school, makindye",0.2579775175,32.60911234,2026-08-01 19:00:00,-0.5309437,19.162048,0.0,39.115864,Moderate
airqo_g5438,"St.Ponsiano primary school, makindye",0.2579775175,32.60911234,2026-08-01 20:00:00,-0.45668224,21.268375,1.3145599,41.22219,Moderate
airqo_g5438,"St.Ponsiano primary school, makindye",0.2579775175,32.60911234,2026-08-01 21:00:00,-0.4124256,22.523655,2.5698395,42.47747,Moderate
airqo_g5438,"St.Ponsiano primary school, makindye",0.2579775175,32.60911234,2026-08-01 22:00:00,-0.33669788,24.671572,4.7177563,44.62539,Moderate
airqo_g5438,"St.Ponsiano primary school, makindye",0.2579775175,32.60911234,2026-08-01 23:00:00,-0.31867385,25.1828,5.228985,45.136616,Moderate
airqo_g5446,Kitintale_Ntensibe,0.315678859,32.63506335,2026-08-01 00:00:00,-0.2648375,26.709795,6.7559795,46.663612,Moderate
airqo_g5446,Kitintale_Ntensibe,0.315678859,32.63506335,2026-08-01 01:00:00,-0.4248958,22.169956,2.2161407,42.12377,Moderate
airqo_g5446,Kitintale_Ntensibe,0.315678859,32.63506335,2026-08-01 02:00:00,-0.4672647,20.968218,1.0144024,40.922035,Moderate
airqo_g5446,Kitintale_Ntensibe,0.315678859,32.63506335,2026-08-01 03:00:00,-0.5742086,17.934896,0.0,37.88871,Moderate
airqo_g5446,Kitintale_Ntensibe,0.315678859,32.63506335,2026-08-01 04:00:00,-0.6334844,16.253618,0.0,36.207436,Moderate
airqo_g5446,Kitintale_Ntensibe,0.315678859,32.63506335,2026-08-01 05:00:00,-0.6245071,16.508247,0.0,36.462063,Moderate
airqo_g5446,Kitintale_Ntensibe,0.315678859,32.63506335,2026-08-01 06:00:00,-0.5436758,18.80092,0.0,38.754738,Moderate
airqo_g5446,Kitintale_Ntensibe,0.315678859,32.63506335,2026-08-01 07:00:00,-0.36147502,23.968801,4.014986,43.922615,Moderate
airqo_g5446,Kitintale_Ntensibe,0.315678859,32.63506335,2026-08-01 08:00:00,-0.15846209,29.726992,9.773176,49.68081,Moderate
airqo_g5446,Kitintale_Ntensibe,0.315678859,32.63506335,2026-08-01 09:00:00,-0.27006802,26.56144,6.607624,46.515255,Moderate
airqo_g5446,Kitintale_Ntensibe,0.315678859,32.63506335,2026-08-01 10:00:00,-0.4820175,20.549774,0.5959587,40.50359,Moderate
airqo_g5446,Kitintale_Ntensibe,0.315678859,32.63506335,2026-08-01 11:00:00,-0.41210002,22.53289,2.5790749,42.486706,Moderate
airqo_g5446,Kitintale_Ntensibe,0.315678859,32.63506335,2026-08-01 12:00:00,-0.6139438,16.807861,0.0,36.761677,Moderate
airqo_g5446,Kitintale_Ntensibe,0.315678859,32.63506335,2026-08-01 13:00:00,-0.6158733,16.753134,0.0,36.706947,Moderate
airqo_g5446,Kitintale_Ntensibe,0.315678859,32.63506335,2026-08-01 14:00:00,-0.6012601,17.167618,0.0,37.121433,Moderate
airqo_g5446,Kitintale_Ntensibe,0.315678859,32.63506335,2026-08-01 15:00:00,-0.63109326,16.32144,0.0,36.275253,Moderate
airqo_g5446,Kitintale_Ntensibe,0.315678859,32.63506335,2026-08-01 16:00:00,-0.6178738,16.696392,0.0,36.650208,Moderate
airqo_g5446,Kitintale_Ntensibe,0.315678859,32.63506335,2026-08-01 17:00:00,-0.60779816,16.982174,0.0,36.93599,Moderate
airqo_g5446,Kitintale_Ntensibe,0.315678859,32.63506335,2026-08-01 18:00:00,-0.5672088,18.133436,0.0,38.08725,Moderate
airqo_g5446,Kitintale_Ntensibe,0.315678859,32.63506335,2026-08-01 19:00:00,-0.27169928,26.515171,6.5613556,46.468987,Moderate
airqo_g5446,Kitintale_Ntensibe,0.315678859,32.63506335,2026-08-01 20:00:00,-0.14919122,29.989948,10.036133,49.943764,Moderate
airqo_g5446,Kitintale_Ntensibe,0.315678859,32.63506335,2026-08-01 21:00:00,-0.09500813,31.52678,11.572964,51.480595,Moderate
airqo_g5446,Kitintale_Ntensibe,0.315678859,32.63506335,2026-08-01 22:00:00,-0.054388575,32.678898,12.725082,52.632713,Moderate
airqo_g5446,Kitintale_Ntensibe,0.315678859,32.63506335,2026-08-01 23:00:00,-0.07929838,31.972364,12.018549,51.926178,Moderate
airqo_g5448,Mbarara Central Market,-0.606604261,30.65862468,2026-08-01 00:00:00,-0.11501657,30.959267,11.005451,50.913082,Moderate
airqo_g5448,Mbarara Central Market,-0.606604261,30.65862468,2026-08-01 01:00:00,-0.094499625,31.541203,11.587387,51.495018,Moderate
airqo_g5448,Mbarara Central Market,-0.606604261,30.65862468,2026-08-01 02:00:00,-0.11904409,30.845032,10.891216,50.798847,Moderate
airqo_g5448,Mbarara Central Market,-0.606604261,30.65862468,2026-08-01 03:00:00,-0.15888058,29.715122,9.761307,49.668938,Moderate
airqo_g5448,Mbarara Central Market,-0.606604261,30.65862468,2026-08-01 04:00:00,-0.13641556,30.352312,10.398497,50.30613,Moderate
airqo_g5448,Mbarara Central Market,-0.606604261,30.65862468,2026-08-01 05:00:00,-0.017112063,33.7362,13.782383,53.690014,Moderate
airqo_g5448,Mbarara Central Market,-0.606604261,30.65862468,2026-08-01 06:00:00,0.205124,40.039627,20.085812,59.993443,Unhealthy for Sensitive Groups
airqo_g5448,Mbarara Central Market,-0.606604261,30.65862468,2026-08-01 07:00:00,0.20784569,40.11682,20.163006,60.070637,Unhealthy for Sensitive Groups
airqo_g5448,Mbarara Central Market,-0.606604261,30.65862468,2026-08-01 08:00:00,0.20611851,40.067833,20.114017,60.02165,Unhealthy for Sensitive Groups
airqo_g5448,Mbarara Central Market,-0.606604261,30.65862468,2026-08-01 09:00:00,0.02074228,34.809883,14.856068,54.7637,Moderate
airqo_g5448,Mbarara Central Market,-0.606604261,30.65862468,2026-08-01 10:00:00,-0.29660708,25.808693,5.8548775,45.76251,Moderate
airqo_g5448,Mbarara Central Market,-0.606604261,30.65862468,2026-08-01 11:00:00,-0.30584925,25.54655,5.5927353,45.500366,Moderate
airqo_g5448,Mbarara Central Market,-0.606604261,30.65862468,2026-08-01 12:00:00,-0.49820927,20.090517,0.13670158,40.044334,Moderate
airqo_g5448,Mbarara Central Market,-0.606604261,30.65862468,2026-08-01 13:00:00,-0.4922372,20.259907,0.3060913,40.213722,Moderate
airqo_g5448,Mbarara Central Market,-0.606604261,30.65862468,2026-08-01 14:00:00,-0.53159887,19.143467,0.0,39.097282,Moderate
airqo_g5448,Mbarara Central Market,-0.606604261,30.65862468,2026-08-01 15:00:00,-0.4190177,22.336681,2.382866,42.290497,Moderate
airqo_g5448,Mbarara Central Market,-0.606604261,30.65862468,2026-08-01 16:00:00,-0.29988354,25.715761,5.7619457,45.66958,Moderate
airqo_g5448,Mbarara Central Market,-0.606604261,30.65862468,2026-08-01 17:00:00,-0.42793512,22.083748,2.1299324,42.037563,Moderate
airqo_g5448,Mbarara Central Market,-0.606604261,30.65862468,2026-08-01 18:00:00,-0.38489863,23.30442,3.350605,43.258236,Moderate
airqo_g5448,Mbarara Central Market,-0.606604261,30.65862468,2026-08-01 19:00:00,-0.090129256,31.665161,11.711346,51.618977,Moderate
airqo_g5448,Mbarara Central Market,-0.606604261,30.65862468,2026-08-01 20:00:00,-0.022923073,33.571377,13.617561,53.525192,Moderate
airqo_g5448,Mbarara Central Market,-0.606604261,30.65862468,2026-08-01 21:00:00,-0.0066698375,34.032375,14.07856,53.98619,Moderate
airqo_g5448,Mbarara Central Market,-0.606604261,30.65862468,2026-08-01 22:00:00,-0.012686223,33.86173,13.907913,53.815544,Moderate
airqo_g5448,Mbarara Central Market,-0.606604261,30.65862468,2026-08-01 23:00:00,-0.020245023,33.647335,13.69352,53.60115,Moderate
airqo_g5455,Nyamityobora,-0.592598135,30.66621378,2026-08-01 00:00:00,-0.4080296,22.648342,2.6945267,42.602158,Moderate
airqo_g5455,Nyamityobora,-0.592598135,30.66621378,2026-08-01 01:00:00,-0.44522196,21.593431,1.639616,41.54725,Moderate
airqo_g5455,Nyamityobora,-0.592598135,30.66621378,2026-08-01 02:00:00,-0.41768578,22.374458,2.4206429,42.328274,Moderate
airqo_g5455,Nyamityobora,-0.592598135,30.66621378,2026-08-01 03:00:00,-0.4390932,21.767265,1.8134499,41.72108,Moderate
airqo_g5455,Nyamityobora,-0.592598135,30.66621378,2026-08-01 04:00:00,-0.3510021,24.265852,4.3120365,44.219666,Moderate
airqo_g5455,Nyamityobora,-0.592598135,30.66621378,2026-08-01 05:00:00,-0.31370217,25.323814,5.369999,45.27763,Moderate
airqo_g5455,Nyamityobora,-0.592598135,30.66621378,2026-08-01 06:00:00,-0.11087589,31.076712,11.122896,51.030525,Moderate
airqo_g5455,Nyamityobora,-0.592598135,30.66621378,2026-08-01 07:00:00,0.31076366,43.035954,23.082138,62.98977,Unhealthy for Sensitive Groups
airqo_g5455,Nyamityobora,-0.592598135,30.66621378,2026-08-01 08:00:00,0.29086885,42.471664,22.517849,62.42548,Unhealthy for Sensitive Groups
airqo_g5455,Nyamityobora,-0.592598135,30.66621378,2026-08-01 09:00:00,-0.35396612,24.181782,4.2279663,44.135597,Moderate
airqo_g5455,Nyamityobora,-0.592598135,30.66621378,2026-08-01 10:00:00,-0.6569355,15.588459,0.0,35.542274,Moderate
airqo_g5455,Nyamityobora,-0.592598135,30.66621378,2026-08-01 11:00:00,-0.73108953,13.48518,0.0,33.438995,Moderate
airqo_g5455,Nyamityobora,-0.592598135,30.66621378,2026-08-01 12:00:00,-0.7441386,13.115061,0.0,33.06888,Moderate
airqo_g5455,Nyamityobora,-0.592598135,30.66621378,2026-08-01 13:00:00,-0.75569975,12.787144,0.0,32.74096,Moderate
airqo_g5455,Nyamityobora,-0.592598135,30.66621378,2026-08-01 14:00:00,-0.75462615,12.817595,0.0,32.771408,Moderate
airqo_g5455,Nyamityobora,-0.592598135,30.66621378,2026-08-01 15:00:00,-0.75368583,12.844265,0.0,32.79808,Moderate
airqo_g5455,Nyamityobora,-0.592598135,30.66621378,2026-08-01 16:00:00,-0.7132255,13.991869,0.0,33.945686,Moderate
airqo_g5455,Nyamityobora,-0.592598135,30.66621378,2026-08-01 17:00:00,-0.7028852,14.285158,0.0,34.238976,Moderate
airqo_g5455,Nyamityobora,-0.592598135,30.66621378,2026-08-01 18:00:00,-0.62850845,16.394754,0.0,36.34857,Moderate
airqo_g5455,Nyamityobora,-0.592598135,30.66621378,2026-08-01 19:00:00,-0.5296491,19.198769,0.0,39.152584,Moderate
airqo_g5455,Nyamityobora,-0.592598135,30.66621378,2026-08-01 20:00:00,-0.42128432,22.27239,2.318575,42.226204,Moderate
airqo_g5455,Nyamityobora,-0.592598135,30.66621378,2026-08-01 21:00:00,-0.38676235,23.25156,3.2977448,43.205376,Moderate
airqo_g5455,Nyamityobora,-0.592598135,30.66621378,2026-08-01 22:00:00,-0.3417068,24.5295,4.5756836,44.483315,Moderate
airqo_g5455,Nyamityobora,-0.592598135,30.66621378,2026-08-01 23:00:00,-0.35251367,24.222977,4.269161,44.176792,Moderate
airqo_g5463,Kenkombe,-0.577265,30.706087,2026-08-01 00:00:00,-0.4594649,21.18945,1.2356339,41.143265,Moderate
airqo_g5463,Kenkombe,-0.577265,30.706087,2026-08-01 01:00:00,-0.47235566,20.82382,0.87000465,40.777634,Moderate
airqo_g5463,Kenkombe,-0.577265,30.706087,2026-08-01 02:00:00,-0.48711538,20.40518,0.45136452,40.358994,Moderate
airqo_g5463,Kenkombe,-0.577265,30.706087,2026-08-01 03:00:00,-0.50487435,19.90147,0.0,39.855286,Moderate
airqo_g5463,Kenkombe,-0.577265,30.706087,2026-08-01 04:00:00,-0.50659436,19.852684,0.0,39.8065,Moderate
airqo_g5463,Kenkombe,-0.577265,30.706087,2026-08-01 05:00:00,-0.47748378,20.678368,0.72455215,40.632183,Moderate
airqo_g5463,Kenkombe,-0.577265,30.706087,2026-08-01 06:00:00,-0.42503035,22.16614,2.2123241,42.119957,Moderate
airqo_g5463,Kenkombe,-0.577265,30.706087,2026-08-01 07:00:00,-0.05600265,32.633118,12.679302,52.586933,Moderate
airqo_g5463,Kenkombe,-0.577265,30.706087,2026-08-01 08:00:00,-0.19343467,28.735043,8.781227,48.688858,Moderate
airqo_g5463,Kenkombe,-0.577265,30.706087,2026-08-01 09:00:00,-0.5061691,19.864748,0.0,39.818565,Moderate
airqo_g5463,Kenkombe,-0.577265,30.706087,2026-08-01 10:00:00,-0.6698421,15.22238,0.0,35.176193,Moderate
airqo_g5463,Kenkombe,-0.577265,30.706087,2026-08-01 11:00:00,-0.7315919,13.47093,0.0,33.424744,Moderate
airqo_g5463,Kenkombe,-0.577265,30.706087,2026-08-01 12:00:00,-0.74879724,12.9829235,0.0,32.936737,Moderate
airqo_g5463,Kenkombe,-0.577265,30.706087,2026-08-01 13:00:00,-0.75420684,12.829489,0.0,32.783302,Moderate
airqo_g5463,Kenkombe,-0.577265,30.706087,2026-08-01 14:00:00,-0.7177295,13.864119,0.0,33.817932,Moderate
airqo_g5463,Kenkombe,-0.577265,30.706087,2026-08-01 15:00:00,-0.68740344,14.7242775,0.0,34.678093,Moderate
airqo_g5463,Kenkombe,-0.577265,30.706087,2026-08-01 16:00:00,-0.6379725,16.12632,0.0,36.080135,Moderate
airqo_g5463,Kenkombe,-0.577265,30.706087,2026-08-01 17:00:00,-0.64573735,15.90608,0.0,35.859894,Moderate
airqo_g5463,Kenkombe,-0.577265,30.706087,2026-08-01 18:00:00,-0.5449276,18.765415,0.0,38.71923,Moderate
airqo_g5463,Kenkombe,-0.577265,30.706087,2026-08-01 19:00:00,-0.38450775,23.31551,3.3616943,43.269325,Moderate
airqo_g5463,Kenkombe,-0.577265,30.706087,2026-08-01 20:00:00,-0.33759522,24.64612,4.6923046,44.599937,Moderate
airqo_g5463,Kenkombe,-0.577265,30.706087,2026-08-01 21:00:00,-0.2977415,25.776518,5.8227024,45.73033,Moderate
airqo_g5463,Kenkombe,-0.577265,30.706087,2026-08-01 22:00:00,-0.28203928,26.22189,6.268074,46.175705,Moderate
airqo_g5463,Kenkombe,-0.577265,30.706087,2026-08-01 23:00:00,-0.3727725,23.648363,3.6945477,43.60218,Moderate
airqo_g5477,Katukuru,-0.670721495,30.572341,2026-08-01 00:00:00,-0.47150296,20.848007,0.89419174,40.801823,Moderate
airqo_g5477,Katukuru,-0.670721495,30.572341,2026-08-01 01:00:00,-0.48526633,20.457626,0.5038109,40.41144,Moderate
airqo_g5477,Katukuru,-0.670721495,30.572341,2026-08-01 02:00:00,-0.48960856,20.334465,0.38064957,40.28828,Moderate
airqo_g5477,Katukuru,-0.670721495,30.572341,2026-08-01 03:00:00,-0.4853087,20.456425,0.50260925,40.41024,Moderate
airqo_g5477,Katukuru,-0.670721495,30.572341,2026-08-01 04:00:00,-0.48166677,20.559723,0.60590744,40.51354,Moderate
airqo_g5477,Katukuru,-0.670721495,30.572341,2026-08-01 05:00:00,-0.4807271,20.586376,0.63256073,40.54019,Moderate
airqo_g5477,Katukuru,-0.670721495,30.572341,2026-08-01 06:00:00,-0.32293925,25.061817,5.1080017,45.015633,Moderate
airqo_g5477,Katukuru,-0.670721495,30.572341,2026-08-01 07:00:00,-0.019141585,33.67863,13.724815,53.632446,Moderate
airqo_g5477,Katukuru,-0.670721495,30.572341,2026-08-01 08:00:00,-0.110689096,31.082008,11.128193,51.035824,Moderate
airqo_g5477,Katukuru,-0.670721495,30.572341,2026-08-01 09:00:00,-0.3836727,23.339193,3.385378,43.293007,Moderate
airqo_g5477,Katukuru,-0.670721495,30.572341,2026-08-01 10:00:00,-0.6305747,16.336147,0.0,36.289963,Moderate
airqo_g5477,Katukuru,-0.670721495,30.572341,2026-08-01 11:00:00,-0.6087241,16.955912,0.0,36.90973,Moderate
airqo_g5477,Katukuru,-0.670721495,30.572341,2026-08-01 12:00:00,-0.73653257,13.330795,0.0,33.28461,Moderate
airqo_g5477,Katukuru,-0.670721495,30.572341,2026-08-01 13:00:00,-0.73908126,13.258505,0.0,33.21232,Moderate
airqo_g5477,Katukuru,-0.670721495,30.572341,2026-08-01 14:00:00,-0.74063075,13.214556,0.0,33.168373,Moderate
airqo_g5477,Katukuru,-0.670721495,30.572341,2026-08-01 15:00:00,-0.66070384,15.481575,0.0,35.43539,Moderate
airqo_g5477,Katukuru,-0.670721495,30.572341,2026-08-01 16:00:00,-0.68164873,14.887501,0.0,34.841316,Moderate
airqo_g5477,Katukuru,-0.670721495,30.572341,2026-08-01 17:00:00,-0.5473305,18.697258,0.0,38.651073,Moderate
airqo_g5477,Katukuru,-0.670721495,30.572341,2026-08-01 18:00:00,-0.4134392,22.494907,2.541092,42.448723,Moderate
airqo_g5477,Katukuru,-0.670721495,30.572341,2026-08-01 19:00:00,-0.42277393,22.23014,2.2763252,42.183956,Moderate
airqo_g5477,Katukuru,-0.670721495,30.572341,2026-08-01 20:00:00,-0.35134292,24.256184,4.302368,44.21,Moderate
airqo_g5477,Katukuru,-0.670721495,30.572341,2026-08-01 21:00:00,-0.2860508,26.108109,6.154293,46.061924,Moderate
airqo_g5477,Katukuru,-0.670721495,30.572341,2026-08-01 22:00:00,-0.3250048,25.003231,5.0494156,44.957047,Moderate
airqo_g5477,Katukuru,-0.670721495,30.572341,2026-08-01 23:00:00,-0.4049564,22.73551,2.7816944,42.689323,Moderate
airqo_g5481,Ruti Mbarara,-0.63366,30.618996,2026-08-01 00:00:00,-0.23824139,27.464159,7.5103436,47.417976,Moderate
airqo_g5481,Ruti Mbarara,-0.63366,30.618996,2026-08-01 01:00:00,-0.2257773,27.817686,7.8638706,47.7715,Moderate
airqo_g5481,Ruti Mbarara,-0.63366,30.618996,2026-08-01 02:00:00,-0.33658224,24.67485,4.721035,44.628666,Moderate
airqo_g5481,Ruti Mbarara,-0.63366,30.618996,2026-08-01 03:00:00,-0.3187578,25.180418,5.2266026,45.13423,Moderate
airqo_g5481,Ruti Mbarara,-0.63366,30.618996,2026-08-01 04:00:00,-0.2404898,27.400387,7.4465714,47.354202,Moderate
airqo_g5481,Ruti Mbarara,-0.63366,30.618996,2026-08-01 05:00:00,-0.25222102,27.067646,7.1138306,47.02146,Moderate
airqo_g5481,Ruti Mbarara,-0.63366,30.618996,2026-08-01 06:00:00,-0.018486978,33.6972,13.743385,53.651016,Moderate
airqo_g5481,Ruti Mbarara,-0.63366,30.618996,2026-08-01 07:00:00,0.12421705,37.74481,17.790993,57.698624,Unhealthy for Sensitive Groups
airqo_g5481,Ruti Mbarara,-0.63366,30.618996,2026-08-01 08:00:00,-0.03307947,33.283302,13.329487,53.237118,Moderate
airqo_g5481,Ruti Mbarara,-0.63366,30.618996,2026-08-01 09:00:00,-0.33094847,24.834646,4.880831,44.78846,Moderate
airqo_g5481,Ruti Mbarara,-0.63366,30.618996,2026-08-01 10:00:00,-0.5705832,18.037725,0.0,37.99154,Moderate
airqo_g5481,Ruti Mbarara,-0.63366,30.618996,2026-08-01 11:00:00,-0.6050842,17.059153,0.0,37.01297,Moderate
airqo_g5481,Ruti Mbarara,-0.63366,30.618996,2026-08-01 12:00:00,-0.6890179,14.678486,0.0,34.6323,Moderate
airqo_g5481,Ruti Mbarara,-0.63366,30.618996,2026-08-01 13:00:00,-0.5422154,18.842342,0.0,38.796158,Moderate
airqo_g5481,Ruti Mbarara,-0.63366,30.618996,2026-08-01 14:00:00,-0.6776973,14.999578,0.0,34.953392,Moderate
airqo_g5481,Ruti Mbarara,-0.63366,30.618996,2026-08-01 15:00:00,-0.5457422,18.74231,0.0,38.696125,Moderate
airqo_g5481,Ruti Mbarara,-0.63366,30.618996,2026-08-01 16:00:00,-0.5258094,19.307676,0.0,39.26149,Moderate
airqo_g5481,Ruti Mbarara,-0.63366,30.618996,2026-08-01 17:00:00,-0.41926578,22.329643,2.3758278,42.28346,Moderate
airqo_g5481,Ruti Mbarara,-0.63366,30.618996,2026-08-01 18:00:00,-0.36204585,23.95261,3.9987946,43.906425,Moderate
airqo_g5481,Ruti Mbarara,-0.63366,30.618996,2026-08-01 19:00:00,-0.32079238,25.122711,5.1688957,45.076527,Moderate
airqo_g5481,Ruti Mbarara,-0.63366,30.618996,2026-08-01 20:00:00,-0.3056346,25.55264,5.5988255,45.506454,Moderate
airqo_g5481,Ruti Mbarara,-0.63366,30.618996,2026-08-01 21:00:00,-0.27477247,26.428003,6.474188,46.38182,Moderate
airqo_g5481,Ruti Mbarara,-0.63366,30.618996,2026-08-01 22:00:00,-0.26841334,26.608372,6.6545563,46.562187,Moderate
airqo_g5481,Ruti Mbarara,-0.63366,30.618996,2026-08-01 23:00:00,-0.24921097,27.15302,7.1992054,47.106834,Moderate
airqo_g5499,Nyabuhama,-0.49852450000000004,30.70109,2026-08-01 00:00:00,-0.47146955,20.848953,0.8951378,40.80277,Moderate
airqo_g5499,Nyabuhama,-0.49852450000000004,30.70109,2026-08-01 01:00:00,-0.44295225,21.657808,1.7039928,41.611626,Moderate
airqo_g5499,Nyabuhama,-0.49852450000000004,30.70109,2026-08-01 02:00:00,-0.4621611,21.112976,1.1591606,41.06679,Moderate
airqo_g5499,Nyabuhama,-0.49852450000000004,30.70109,2026-08-01 03:00:00,-0.45254952,21.385595,1.4317799,41.33941,Moderate
airqo_g5499,Nyabuhama,-0.49852450000000004,30.70109,2026-08-01 04:00:00,-0.42453238,22.180264,2.226448,42.13408,Moderate
airqo_g5499,Nyabuhama,-0.49852450000000004,30.70109,2026-08-01 05:00:00,-0.41389766,22.481903,2.5280876,42.43572,Moderate
airqo_g5499,Nyabuhama,-0.49852450000000004,30.70109,2026-08-01 06:00:00,-0.33201334,24.804443,4.850628,44.75826,Moderate
airqo_g5499,Nyabuhama,-0.49852450000000004,30.70109,2026-08-01 07:00:00,-0.2529939,27.045723,7.0919075,46.99954,Moderate
airqo_g5499,Nyabuhama,-0.49852450000000004,30.70109,2026-08-01 08:00:00,-0.24344248,27.316637,7.3628216,47.270454,Moderate
airqo_g5499,Nyabuhama,-0.49852450000000004,30.70109,2026-08-01 09:00:00,-0.49505112,20.180094,0.2262783,40.13391,Moderate
airqo_g5499,Nyabuhama,-0.49852450000000004,30.70109,2026-08-01 10:00:00,-0.6370812,16.1516,0.0,36.105415,Moderate
airqo_g5499,Nyabuhama,-0.49852450000000004,30.70109,2026-08-01 11:00:00,-0.6691589,15.24176,0.0,35.195576,Moderate
airqo_g5499,Nyabuhama,-0.49852450000000004,30.70109,2026-08-01 12:00:00,-0.6979681,14.4246235,0.0,34.37844,Moderate
airqo_g5499,Nyabuhama,-0.49852450000000004,30.70109,2026-08-01 13:00:00,-0.698184,14.418501,0.0,34.372314,Moderate
airqo_g5499,Nyabuhama,-0.49852450000000004,30.70109,2026-08-01 14:00:00,-0.7029793,14.282488,0.0,34.236305,Moderate
airqo_g5499,Nyabuhama,-0.49852450000000004,30.70109,2026-08-01 15:00:00,-0.5116883,19.708202,0.0,39.662018,Moderate
airqo_g5499,Nyabuhama,-0.49852450000000004,30.70109,2026-08-01 16:00:00,-0.4539978,21.344517,1.3907013,41.298332,Moderate
airqo_g5499,Nyabuhama,-0.49852450000000004,30.70109,2026-08-01 17:00:00,-0.51442355,19.630621,0.0,39.584435,Moderate
airqo_g5499,Nyabuhama,-0.49852450000000004,30.70109,2026-08-01 18:00:00,-0.50477463,19.9043,0.0,39.858116,Moderate
airqo_g5499,Nyabuhama,-0.49852450000000004,30.70109,2026-08-01 19:00:00,-0.39313552,23.070793,3.1169777,43.02461,Moderate
airqo_g5499,Nyabuhama,-0.49852450000000004,30.70109,2026-08-01 20:00:00,-0.34060568,24.560734,4.6069183,44.51455,Moderate
airqo_g5499,Nyabuhama,-0.49852450000000004,30.70109,2026-08-01 21:00:00,-0.28850108,26.038609,6.084793,45.992424,Moderate
airqo_g5499,Nyabuhama,-0.49852450000000004,30.70109,2026-08-01 22:00:00,-0.3295067,24.87554,4.9217243,44.829353,Moderate
airqo_g5499,Nyabuhama,-0.49852450000000004,30.70109,2026-08-01 23:00:00,-0.39887917,22.907883,2.9540672,42.8617,Moderate
airqo_g5513,KCCA Central division HQ,0.319032,32.57088266,2026-08-01 00:00:00,-0.27053088,26.54831,6.594494,46.502125,Moderate
airqo_g5513,KCCA Central division HQ,0.319032,32.57088266,2026-08-01 01:00:00,-0.33166152,24.814423,4.860607,44.768238,Moderate
airqo_g5513,KCCA Central division HQ,0.319032,32.57088266,2026-08-01 02:00:00,-0.33875474,24.613232,4.659416,44.567047,Moderate
airqo_g5513,KCCA Central division HQ,0.319032,32.57088266,2026-08-01 03:00:00,-0.33909532,24.603573,4.6497574,44.55739,Moderate
airqo_g5513,KCCA Central division HQ,0.319032,32.57088266,2026-08-01 04:00:00,-0.34960392,24.30551,4.351694,44.259323,Moderate
airqo_g5513,KCCA Central division HQ,0.319032,32.57088266,2026-08-01 05:00:00,-0.34885672,24.326702,4.3728867,44.280518,Moderate
airqo_g5513,KCCA Central division HQ,0.319032,32.57088266,2026-08-01 06:00:00,-0.20286049,28.467691,8.513876,48.42151,Moderate
airqo_g5513,KCCA Central division HQ,0.319032,32.57088266,2026-08-01 07:00:00,-0.12665877,30.629051,10.675236,50.582867,Moderate
airqo_g5513,KCCA Central division HQ,0.319032,32.57088266,2026-08-01 08:00:00,-0.10883581,31.134575,11.180759,51.08839,Moderate
airqo_g5513,KCCA Central division HQ,0.319032,32.57088266,2026-08-01 09:00:00,-0.31992024,25.147448,5.193632,45.101265,Moderate
airqo_g5513,KCCA Central division HQ,0.319032,32.57088266,2026-08-01 10:00:00,-0.60162365,17.157307,0.0,37.111122,Moderate
airqo_g5513,KCCA Central division HQ,0.319032,32.57088266,2026-08-01 11:00:00,-0.6619126,15.44729,0.0,35.401108,Moderate
airqo_g5513,KCCA Central division HQ,0.319032,32.57088266,2026-08-01 12:00:00,-0.67974126,14.941605,0.0,34.89542,Moderate
airqo_g5513,KCCA Central division HQ,0.319032,32.57088266,2026-08-01 13:00:00,-0.6348861,16.213861,0.0,36.16768,Moderate
airqo_g5513,KCCA Central division HQ,0.319032,32.57088266,2026-08-01 14:00:00,-0.6649193,15.362009,0.0,35.315826,Moderate
airqo_g5513,KCCA Central division HQ,0.319032,32.57088266,2026-08-01 15:00:00,-0.6664282,15.319212,0.0,35.273026,Moderate
airqo_g5513,KCCA Central division HQ,0.319032,32.57088266,2026-08-01 16:00:00,-0.66155684,15.457382,0.0,35.411198,Moderate
airqo_g5513,KCCA Central division HQ,0.319032,32.57088266,2026-08-01 17:00:00,-0.5872832,17.564054,0.0,37.517868,Moderate
airqo_g5513,KCCA Central division HQ,0.319032,32.57088266,2026-08-01 18:00:00,-0.5603252,18.328682,0.0,38.282497,Moderate
airqo_g5513,KCCA Central division HQ,0.319032,32.57088266,2026-08-01 19:00:00,-0.29639181,25.8148,5.860985,45.768616,Moderate
airqo_g5513,KCCA Central division HQ,0.319032,32.57088266,2026-08-01 20:00:00,-0.23576854,27.534298,7.5804825,47.488113,Moderate
airqo_g5513,KCCA Central division HQ,0.319032,32.57088266,2026-08-01 21:00:00,-0.21204524,28.207178,8.253363,48.160995,Moderate
airqo_g5513,KCCA Central division HQ,0.319032,32.57088266,2026-08-01 22:00:00,-0.15237351,29.899687,9.945871,49.8535,Moderate
airqo_g5513,KCCA Central division HQ,0.319032,32.57088266,2026-08-01 23:00:00,-0.18948624,28.847034,8.893219,48.80085,Moderate
airqo_g5518,Golf Course Kampala. Site 1. Training Area,0.32653,32.586143,2026-08-01 00:00:00,-0.19298758,28.747723,8.793907,48.701538,Moderate
airqo_g5518,Golf Course Kampala. Site 1. Training Area,0.32653,32.586143,2026-08-01 01:00:00,-0.2543852,27.00626,7.0524445,46.960075,Moderate
airqo_g5518,Golf Course Kampala. Site 1. Training Area,0.32653,32.586143,2026-08-01 02:00:00,-0.22408211,27.865768,7.911953,47.819584,Moderate
airqo_g5518,Golf Course Kampala. Site 1. Training Area,0.32653,32.586143,2026-08-01 03:00:00,-0.18980195,28.83808,8.884264,48.791893,Moderate
airqo_g5518,Golf Course Kampala. Site 1. Training Area,0.32653,32.586143,2026-08-01 04:00:00,-0.15669128,29.777218,9.823402,49.731033,Moderate
airqo_g5518,Golf Course Kampala. Site 1. Training Area,0.32653,32.586143,2026-08-01 05:00:00,-0.15741168,29.756786,9.802971,49.7106,Moderate
airqo_g5518,Golf Course Kampala. Site 1. Training Area,0.32653,32.586143,2026-08-01 06:00:00,-0.15724324,29.761562,9.807747,49.715378,Moderate
airqo_g5518,Golf Course Kampala. Site 1. Training Area,0.32653,32.586143,2026-08-01 07:00:00,-0.02537805,33.501743,13.547928,53.45556,Moderate
airqo_g5518,Golf Course Kampala. Site 1. Training Area,0.32653,32.586143,2026-08-01 08:00:00,0.010227674,34.51165,14.557835,54.465466,Moderate
airqo_g5518,Golf Course Kampala. Site 1. Training Area,0.32653,32.586143,2026-08-01 09:00:00,-0.24400565,27.300663,7.3468475,47.25448,Moderate
airqo_g5518,Golf Course Kampala. Site 1. Training Area,0.32653,32.586143,2026-08-01 10:00:00,-0.55323184,18.529877,0.0,38.483692,Moderate
airqo_g5518,Golf Course Kampala. Site 1. Training Area,0.32653,32.586143,2026-08-01 11:00:00,-0.679499,14.948477,0.0,34.90229,Moderate
airqo_g5518,Golf Course Kampala. Site 1. Training Area,0.32653,32.586143,2026-08-01 12:00:00,-0.6636187,15.398899,0.0,35.352715,Moderate
airqo_g5518,Golf Course Kampala. Site 1. Training Area,0.32653,32.586143,2026-08-01 13:00:00,-0.7022791,14.302349,0.0,34.256165,Moderate
airqo_g5518,Golf Course Kampala. Site 1. Training Area,0.32653,32.586143,2026-08-01 14:00:00,-0.68913954,14.675035,0.0,34.628853,Moderate
airqo_g5518,Golf Course Kampala. Site 1. Training Area,0.32653,32.586143,2026-08-01 15:00:00,-0.69242316,14.5819,0.0,34.535713,Moderate
airqo_g5518,Golf Course Kampala. Site 1. Training Area,0.32653,32.586143,2026-08-01 16:00:00,-0.62154883,16.592155,0.0,36.54597,Moderate
airqo_g5518,Golf Course Kampala. Site 1. Training Area,0.32653,32.586143,2026-08-01 17:00:00,-0.60818195,16.971289,0.0,36.925102,Moderate
airqo_g5518,Golf Course Kampala. Site 1. Training Area,0.32653,32.586143,2026-08-01 18:00:00,-0.5748225,17.917486,0.0,37.8713,Moderate
airqo_g5518,Golf Course Kampala. Site 1. Training Area,0.32653,32.586143,2026-08-01 19:00:00,-0.29125687,25.960445,6.00663,45.91426,Moderate
airqo_g5518,Golf Course Kampala. Site 1. Training Area,0.32653,32.586143,2026-08-01 20:00:00,-0.122238554,30.754425,10.80061,50.70824,Moderate
airqo_g5518,Golf Course Kampala. Site 1. Training Area,0.32653,32.586143,2026-08-01 21:00:00,-0.09198741,31.612457,11.658642,51.566273,Moderate
airqo_g5518,Golf Course Kampala. Site 1. Training Area,0.32653,32.586143,2026-08-01 22:00:00,-0.07005639,32.2345,12.280685,52.188316,Moderate
airqo_g5518,Golf Course Kampala. Site 1. Training Area,0.32653,32.586143,2026-08-01 23:00:00,-0.09753166,31.455202,11.501387,51.40902,Moderate
airqo_g5519,Nyamitanga,-0.623977768,30.64250347,2026-08-01 00:00:00,-0.28682402,26.086178,6.1323624,46.039993,Moderate
airqo_g5519,Nyamitanga,-0.623977768,30.64250347,2026-08-01 01:00:00,-0.28422236,26.15997,6.206154,46.113785,Moderate
airqo_g5519,Nyamitanga,-0.623977768,30.64250347,2026-08-01 02:00:00,-0.26856333,26.604118,6.650303,46.557934,Moderate
airqo_g5519,Nyamitanga,-0.623977768,30.64250347,2026-08-01 03:00:00,-0.28765494,26.06261,6.108795,46.016426,Moderate
airqo_g5519,Nyamitanga,-0.623977768,30.64250347,2026-08-01 04:00:00,-0.38412628,23.326328,3.3725128,43.280144,Moderate
airqo_g5519,Nyamitanga,-0.623977768,30.64250347,2026-08-01 05:00:00,-0.16298318,29.598757,9.644941,49.552574,Moderate
airqo_g5519,Nyamitanga,-0.623977768,30.64250347,2026-08-01 06:00:00,0.011086025,34.536,14.582184,54.489815,Moderate
airqo_g5519,Nyamitanga,-0.623977768,30.64250347,2026-08-01 07:00:00,-0.014213393,33.818413,13.864597,53.77223,Moderate
airqo_g5519,Nyamitanga,-0.623977768,30.64250347,2026-08-01 08:00:00,-0.034182195,33.252026,13.29821,53.20584,Moderate
airqo_g5519,Nyamitanga,-0.623977768,30.64250347,2026-08-01 09:00:00,-0.35973227,24.018232,4.064417,43.972046,Moderate
airqo_g5519,Nyamitanga,-0.623977768,30.64250347,2026-08-01 10:00:00,-0.52734405,19.264149,0.0,39.217964,Moderate
airqo_g5519,Nyamitanga,-0.623977768,30.64250347,2026-08-01 11:00:00,-0.54597884,18.735596,0.0,38.68941,Moderate
airqo_g5519,Nyamitanga,-0.623977768,30.64250347,2026-08-01 12:00:00,-0.43007696,22.022999,2.0691833,41.976814,Moderate
airqo_g5519,Nyamitanga,-0.623977768,30.64250347,2026-08-01 13:00:00,-0.5399104,18.90772,0.0,38.861534,Moderate
airqo_g5519,Nyamitanga,-0.623977768,30.64250347,2026-08-01 14:00:00,-0.544838,18.767956,0.0,38.72177,Moderate
airqo_g5519,Nyamitanga,-0.623977768,30.64250347,2026-08-01 15:00:00,-0.5289744,19.217905,0.0,39.171722,Moderate
airqo_g5519,Nyamitanga,-0.623977768,30.64250347,2026-08-01 16:00:00,-0.415653,22.432116,2.4783,42.385933,Moderate
airqo_g5519,Nyamitanga,-0.623977768,30.64250347,2026-08-01 17:00:00,-0.4049548,22.735556,2.7817402,42.68937,Moderate
airqo_g5519,Nyamitanga,-0.623977768,30.64250347,2026-08-01 18:00:00,-0.36572564,23.848238,3.8944225,43.802055,Moderate
airqo_g5519,Nyamitanga,-0.623977768,30.64250347,2026-08-01 19:00:00,-0.29973373,25.72001,5.7661953,45.67383,Moderate
airqo_g5519,Nyamitanga,-0.623977768,30.64250347,2026-08-01 20:00:00,-0.2837874,26.172306,6.2184906,46.12612,Moderate
airqo_g5519,Nyamitanga,-0.623977768,30.64250347,2026-08-01 21:00:00,-0.24639241,27.232965,7.27915,47.186783,Moderate
airqo_g5519,Nyamitanga,-0.623977768,30.64250347,2026-08-01 22:00:00,-0.24958356,27.142452,7.188637,47.096268,Moderate
airqo_g5519,Nyamitanga,-0.623977768,30.64250347,2026-08-01 23:00:00,-0.26731446,26.63954,6.6857243,46.593353,Moderate
airqo_g5544,Katete,-0.6258045,30.671461,2026-08-01 00:00:00,-0.25732008,26.923018,6.969202,46.87683,Moderate
airqo_g5544,Katete,-0.6258045,30.671461,2026-08-01 01:00:00,-0.20136005,28.510248,8.556433,48.464066,Moderate
airqo_g5544,Katete,-0.6258045,30.671461,2026-08-01 02:00:00,-0.2043881,28.424362,8.470547,48.378178,Moderate
airqo_g5544,Katete,-0.6258045,30.671461,2026-08-01 03:00:00,-0.21291886,28.182398,8.228582,48.136215,Moderate
airqo_g5544,Katete,-0.6258045,30.671461,2026-08-01 04:00:00,-0.19795792,28.606747,8.652931,48.560562,Moderate
airqo_g5544,Katete,-0.6258045,30.671461,2026-08-01 05:00:00,-0.05155912,32.75915,12.805336,52.712967,Moderate
airqo_g5544,Katete,-0.6258045,30.671461,2026-08-01 06:00:00,-0.027306382,33.44705,13.493233,53.400864,Moderate
airqo_g5544,Katete,-0.6258045,30.671461,2026-08-01 07:00:00,0.08365052,36.594193,16.640377,56.548008,Unhealthy for Sensitive Groups
airqo_g5544,Katete,-0.6258045,30.671461,2026-08-01 08:00:00,0.09292591,36.857277,16.903461,56.811092,Unhealthy for Sensitive Groups
airqo_g5544,Katete,-0.6258045,30.671461,2026-08-01 09:00:00,-0.19923604,28.570494,8.616678,48.524307,Moderate
airqo_g5544,Katete,-0.6258045,30.671461,2026-08-01 10:00:00,-0.40922362,22.614475,2.6606598,42.56829,Moderate
airqo_g5544,Katete,-0.6258045,30.671461,2026-08-01 11:00:00,-0.5866369,17.582386,0.0,37.5362,Moderate
airqo_g5544,Katete,-0.6258045,30.671461,2026-08-01 12:00:00,-0.65045524,15.772263,0.0,35.726078,Moderate
airqo_g5544,Katete,-0.6258045,30.671461,2026-08-01 13:00:00,-0.6480129,15.841537,0.0,35.795353,Moderate
airqo_g5544,Katete,-0.6258045,30.671461,2026-08-01 14:00:00,-0.6579096,15.560831,0.0,35.51465,Moderate
airqo_g5544,Katete,-0.6258045,30.671461,2026-08-01 15:00:00,-0.46917784,20.913956,0.9601402,40.86777,Moderate
airqo_g5544,Katete,-0.6258045,30.671461,2026-08-01 16:00:00,-0.45257142,21.384974,1.4311581,41.33879,Moderate
airqo_g5544,Katete,-0.6258045,30.671461,2026-08-01 17:00:00,-0.4870703,20.40646,0.45264435,40.360275,Moderate
airqo_g5544,Katete,-0.6258045,30.671461,2026-08-01 18:00:00,-0.35617423,24.119152,4.1653366,44.072968,Moderate
airqo_g5544,Katete,-0.6258045,30.671461,2026-08-01 19:00:00,-0.17425673,29.279,9.325184,49.232815,Moderate
airqo_g5544,Katete,-0.6258045,30.671461,2026-08-01 20:00:00,-0.11938031,30.835495,10.88168,50.78931,Moderate
airqo_g5544,Katete,-0.6258045,30.671461,2026-08-01 21:00:00,-0.12849285,30.57703,10.623215,50.530846,Moderate
airqo_g5544,Katete,-0.6258045,30.671461,2026-08-01 22:00:00,-0.12042212,30.805944,10.852129,50.759758,Moderate
airqo_g5544,Katete,-0.6258045,30.671461,2026-08-01 23:00:00,-0.1810715,29.085707,9.131891,49.03952,Moderate
airqo_g5545,Bishop Stuart University,-0.6028859,30.695638835,2026-08-01 00:00:00,-0.18159668,29.07081,9.116995,49.024628,Moderate
airqo_g5545,Bishop Stuart University,-0.6028859,30.695638835,2026-08-01 01:00:00,-0.114100754,30.985243,11.031427,50.939056,Moderate
airqo_g5545,Bishop Stuart University,-0.6028859,30.695638835,2026-08-01 02:00:00,-0.10972677,31.109304,11.155489,51.063118,Moderate
airqo_g5545,Bishop Stuart University,-0.6028859,30.695638835,2026-08-01 03:00:00,-0.11915177,30.841976,10.888161,50.79579,Moderate
airqo_g5545,Bishop Stuart University,-0.6028859,30.695638835,2026-08-01 04:00:00,-0.08870819,31.705467,11.751652,51.659283,Moderate
airqo_g5545,Bishop Stuart University,-0.6028859,30.695638835,2026-08-01 05:00:00,-0.10748513,31.172886,11.21907,51.1267,Moderate
airqo_g5545,Bishop Stuart University,-0.6028859,30.695638835,2026-08-01 06:00:00,-0.13763578,30.317703,10.363888,50.27152,Moderate
airqo_g5545,Bishop Stuart University,-0.6028859,30.695638835,2026-08-01 07:00:00,-0.006603044,34.03427,14.080456,53.988087,Moderate
airqo_g5545,Bishop Stuart University,-0.6028859,30.695638835,2026-08-01 08:00:00,0.12338023,37.721073,17.767258,57.67489,Unhealthy for Sensitive Groups
airqo_g5545,Bishop Stuart University,-0.6028859,30.695638835,2026-08-01 09:00:00,-0.18944882,28.848095,8.8942795,48.80191,Moderate
airqo_g5545,Bishop Stuart University,-0.6028859,30.695638835,2026-08-01 10:00:00,-0.5568462,18.427359,0.0,38.381172,Moderate
airqo_g5545,Bishop Stuart University,-0.6028859,30.695638835,2026-08-01 11:00:00,-0.6348581,16.214657,0.0,36.168472,Moderate
airqo_g5545,Bishop Stuart University,-0.6028859,30.695638835,2026-08-01 12:00:00,-0.6414895,16.026564,0.0,35.980377,Moderate
airqo_g5545,Bishop Stuart University,-0.6028859,30.695638835,2026-08-01 13:00:00,-0.41418844,22.473656,2.5198402,42.42747,Moderate
airqo_g5545,Bishop Stuart University,-0.6028859,30.695638835,2026-08-01 14:00:00,-0.5087328,19.79203,0.0,39.745846,Moderate
airqo_g5545,Bishop Stuart University,-0.6028859,30.695638835,2026-08-01 15:00:00,-0.28183788,26.227602,6.2737865,46.18142,Moderate
airqo_g5545,Bishop Stuart University,-0.6028859,30.695638835,2026-08-01 16:00:00,-0.2760354,26.392181,6.438366,46.345997,Moderate
airqo_g5545,Bishop Stuart University,-0.6028859,30.695638835,2026-08-01 17:00:00,-0.31314963,25.339485,5.3856697,45.2933,Moderate
airqo_g5545,Bishop Stuart University,-0.6028859,30.695638835,2026-08-01 18:00:00,-0.35217488,24.232588,4.2787724,44.1864,Moderate
airqo_g5545,Bishop Stuart University,-0.6028859,30.695638835,2026-08-01 19:00:00,-0.23823975,27.464205,7.5103893,47.418022,Moderate
airqo_g5545,Bishop Stuart University,-0.6028859,30.695638835,2026-08-01 20:00:00,-0.19069347,28.812792,8.858976,48.76661,Moderate
airqo_g5545,Bishop Stuart University,-0.6028859,30.695638835,2026-08-01 21:00:00,-0.15731993,29.759388,9.8055725,49.713203,Moderate
airqo_g5545,Bishop Stuart University,-0.6028859,30.695638835,2026-08-01 22:00:00,-0.116057165,30.92975,10.975935,50.883568,Moderate
airqo_g5545,Bishop Stuart University,-0.6028859,30.695638835,2026-08-01 23:00:00,-0.13242283,30.46556,10.511745,50.419376,Moderate
airqo_g5546,Kiteezi. Kampala,0.411873,32.575184,2026-08-01 00:00:00,-0.11552681,30.944794,10.990978,50.89861,Moderate
airqo_g5546,Kiteezi. Kampala,0.411873,32.575184,2026-08-01 01:00:00,-0.18186468,29.06321,9.109394,49.017025,Moderate
airqo_g5546,Kiteezi. Kampala,0.411873,32.575184,2026-08-01 02:00:00,-0.18914632,28.856674,8.902859,48.81049,Moderate
airqo_g5546,Kiteezi. Kampala,0.411873,32.575184,2026-08-01 03:00:00,-0.33123028,24.826653,4.872837,44.780468,Moderate
airqo_g5546,Kiteezi. Kampala,0.411873,32.575184,2026-08-01 04:00:00,-0.19698411,28.634367,8.680552,48.58818,Moderate
airqo_g5546,Kiteezi. Kampala,0.411873,32.575184,2026-08-01 05:00:00,-0.199045,28.575912,8.622097,48.529728,Moderate
airqo_g5546,Kiteezi. Kampala,0.411873,32.575184,2026-08-01 06:00:00,-0.20523974,28.400208,8.446392,48.354023,Moderate
airqo_g5546,Kiteezi. Kampala,0.411873,32.575184,2026-08-01 07:00:00,-0.1078969,31.161205,11.20739,51.11502,Moderate
airqo_g5546,Kiteezi. Kampala,0.411873,32.575184,2026-08-01 08:00:00,-0.082341716,31.886045,11.93223,51.83986,Moderate
airqo_g5546,Kiteezi. Kampala,0.411873,32.575184,2026-08-01 09:00:00,-0.28709495,26.078493,6.1246777,46.03231,Moderate
airqo_g5546,Kiteezi. Kampala,0.411873,32.575184,2026-08-01 10:00:00,-0.5793661,17.788612,0.0,37.742428,Moderate
airqo_g5546,Kiteezi. Kampala,0.411873,32.575184,2026-08-01 11:00:00,-0.66946775,15.233,0.0,35.186813,Moderate
airqo_g5546,Kiteezi. Kampala,0.411873,32.575184,2026-08-01 12:00:00,-0.60553545,17.046352,0.0,37.000168,Moderate
airqo_g5546,Kiteezi. Kampala,0.411873,32.575184,2026-08-01 13:00:00,-0.6552789,15.635447,0.0,35.589264,Moderate
airqo_g5546,Kiteezi. Kampala,0.411873,32.575184,2026-08-01 14:00:00,-0.6770716,15.017326,0.0,34.97114,Moderate
airqo_g5546,Kiteezi. Kampala,0.411873,32.575184,2026-08-01 15:00:00,-0.65293854,15.701828,0.0,35.655643,Moderate
airqo_g5546,Kiteezi. Kampala,0.411873,32.575184,2026-08-01 16:00:00,-0.6321978,16.290112,0.0,36.243927,Moderate
airqo_g5546,Kiteezi. Kampala,0.411873,32.575184,2026-08-01 17:00:00,-0.58149594,17.7282,0.0,37.682014,Moderate
airqo_g5546,Kiteezi. Kampala,0.411873,32.575184,2026-08-01 18:00:00,-0.47524458,20.741879,0.78806305,40.695694,Moderate
airqo_g5546,Kiteezi. Kampala,0.411873,32.575184,2026-08-01 19:00:00,-0.23703325,27.498426,7.544611,47.45224,Moderate
airqo_g5546,Kiteezi. Kampala,0.411873,32.575184,2026-08-01 20:00:00,-0.108086266,31.155834,11.202019,51.10965,Moderate
airqo_g5546,Kiteezi. Kampala,0.411873,32.575184,2026-08-01 21:00:00,-0.06321015,32.428684,12.474869,52.3825,Moderate
airqo_g5546,Kiteezi. Kampala,0.411873,32.575184,2026-08-01 22:00:00,-0.09714235,31.466244,11.512428,51.42006,Moderate
airqo_g5546,Kiteezi. Kampala,0.411873,32.575184,2026-08-01 23:00:00,-0.09443336,31.543081,11.589266,51.496895,Moderate
airqo_g5548,Mbuya_Nadiope,0.3269295835,32.634552,2026-08-01 00:00:00,-0.40917125,22.615961,2.6621456,42.56978,Moderate
airqo_g5548,Mbuya_Nadiope,0.3269295835,32.634552,2026-08-01 01:00:00,-0.49775994,20.103262,0.14944649,40.057076,Moderate
airqo_g5548,Mbuya_Nadiope,0.3269295835,32.634552,2026-08-01 02:00:00,-0.5538632,18.511967,0.0,38.465782,Moderate
airqo_g5548,Mbuya_Nadiope,0.3269295835,32.634552,2026-08-01 03:00:00,-0.54667985,18.715714,0.0,38.66953,Moderate
airqo_g5548,Mbuya_Nadiope,0.3269295835,32.634552,2026-08-01 04:00:00,-0.54755986,18.690754,0.0,38.64457,Moderate
airqo_g5548,Mbuya_Nadiope,0.3269295835,32.634552,2026-08-01 05:00:00,-0.5350017,19.04695,0.0,39.000763,Moderate
airqo_g5548,Mbuya_Nadiope,0.3269295835,32.634552,2026-08-01 06:00:00,-0.41623434,22.415627,2.461811,42.369442,Moderate
airqo_g5548,Mbuya_Nadiope,0.3269295835,32.634552,2026-08-01 07:00:00,-0.3441478,24.460266,4.5064507,44.41408,Moderate
airqo_g5548,Mbuya_Nadiope,0.3269295835,32.634552,2026-08-01 08:00:00,-0.34531698,24.427103,4.4732876,44.38092,Moderate
airqo_g5548,Mbuya_Nadiope,0.3269295835,32.634552,2026-08-01 09:00:00,-0.601553,17.15931,0.0,37.113125,Moderate
airqo_g5548,Mbuya_Nadiope,0.3269295835,32.634552,2026-08-01 10:00:00,-0.6875849,14.719131,0.0,34.672947,Moderate
airqo_g5548,Mbuya_Nadiope,0.3269295835,32.634552,2026-08-01 11:00:00,-0.73570853,13.354168,0.0,33.307983,Moderate
airqo_g5548,Mbuya_Nadiope,0.3269295835,32.634552,2026-08-01 12:00:00,-0.7440226,13.118349,0.0,33.072166,Moderate
airqo_g5548,Mbuya_Nadiope,0.3269295835,32.634552,2026-08-01 13:00:00,-0.7357437,13.35317,0.0,33.306984,Moderate
airqo_g5548,Mbuya_Nadiope,0.3269295835,32.634552,2026-08-01 14:00:00,-0.72997177,13.516884,0.0,33.4707,Moderate
airqo_g5548,Mbuya_Nadiope,0.3269295835,32.634552,2026-08-01 15:00:00,-0.7285975,13.555862,0.0,33.509678,Moderate
airqo_g5548,Mbuya_Nadiope,0.3269295835,32.634552,2026-08-01 16:00:00,-0.69411325,14.533962,0.0,34.487778,Moderate
airqo_g5548,Mbuya_Nadiope,0.3269295835,32.634552,2026-08-01 17:00:00,-0.64841306,15.830187,0.0,35.784004,Moderate
airqo_g5548,Mbuya_Nadiope,0.3269295835,32.634552,2026-08-01 18:00:00,-0.4978793,20.099876,0.14606094,40.05369,Moderate
airqo_g5548,Mbuya_Nadiope,0.3269295835,32.634552,2026-08-01 19:00:00,-0.32736546,24.936274,4.982458,44.89009,Moderate
airqo_g5548,Mbuya_Nadiope,0.3269295835,32.634552,2026-08-01 20:00:00,-0.23211005,27.638065,7.68425,47.59188,Moderate
airqo_g5548,Mbuya_Nadiope,0.3269295835,32.634552,2026-08-01 21:00:00,-0.19175452,28.782696,8.82888,48.73651,Moderate
airqo_g5548,Mbuya_Nadiope,0.3269295835,32.634552,2026-08-01 22:00:00,-0.18705493,28.915995,8.962179,48.869812,Moderate
airqo_g5548,Mbuya_Nadiope,0.3269295835,32.634552,2026-08-01 23:00:00,-0.28664726,26.09119,6.137375,46.045006,Moderate
airqo_g5549,Munyonyo Site 1,0.235819,32.62392814,2026-08-01 00:00:00,-0.3843261,23.32066,3.3668442,43.274475,Moderate
airqo_g5549,Munyonyo Site 1,0.235819,32.62392814,2026-08-01 01:00:00,-0.48310912,20.518814,0.5649986,40.47263,Moderate
airqo_g5549,Munyonyo Site 1,0.235819,32.62392814,2026-08-01 02:00:00,-0.4917584,20.273487,0.31967163,40.227303,Moderate
airqo_g5549,Munyonyo Site 1,0.235819,32.62392814,2026-08-01 03:00:00,-0.49968463,20.048672,0.09485626,40.002487,Moderate
airqo_g5549,Munyonyo Site 1,0.235819,32.62392814,2026-08-01 04:00:00,-0.5014544,19.998474,0.04465866,39.95229,Moderate
airqo_g5549,Munyonyo Site 1,0.235819,32.62392814,2026-08-01 05:00:00,-0.51524067,19.607445,0.0,39.56126,Moderate
airqo_g5549,Munyonyo Site 1,0.235819,32.62392814,2026-08-01 06:00:00,-0.39069247,23.140087,3.1862717,43.093903,Moderate
airqo_g5549,Munyonyo Site 1,0.235819,32.62392814,2026-08-01 07:00:00,-0.2712433,26.528103,6.5742874,46.48192,Moderate
airqo_g5549,Munyonyo Site 1,0.235819,32.62392814,2026-08-01 08:00:00,-0.2768797,26.368235,6.414419,46.322052,Moderate
airqo_g5549,Munyonyo Site 1,0.235819,32.62392814,2026-08-01 09:00:00,-0.36161005,23.964972,4.011156,43.918785,Moderate
airqo_g5549,Munyonyo Site 1,0.235819,32.62392814,2026-08-01 10:00:00,-0.513554,19.655285,0.0,39.6091,Moderate
airqo_g5549,Munyonyo Site 1,0.235819,32.62392814,2026-08-01 11:00:00,-0.58014977,17.766384,0.0,37.7202,Moderate
airqo_g5549,Munyonyo Site 1,0.235819,32.62392814,2026-08-01 12:00:00,-0.5865095,17.585999,0.0,37.539814,Moderate
airqo_g5549,Munyonyo Site 1,0.235819,32.62392814,2026-08-01 13:00:00,-0.57705086,17.85428,0.0,37.808098,Moderate
airqo_g5549,Munyonyo Site 1,0.235819,32.62392814,2026-08-01 14:00:00,-0.58022577,17.764229,0.0,37.718044,Moderate
airqo_g5549,Munyonyo Site 1,0.235819,32.62392814,2026-08-01 15:00:00,-0.56343985,18.240337,0.0,38.194153,Moderate
airqo_g5549,Munyonyo Site 1,0.235819,32.62392814,2026-08-01 16:00:00,-0.5831869,17.680239,0.0,37.634056,Moderate
airqo_g5549,Munyonyo Site 1,0.235819,32.62392814,2026-08-01 17:00:00,-0.5826538,17.69536,0.0,37.649178,Moderate
airqo_g5549,Munyonyo Site 1,0.235819,32.62392814,2026-08-01 18:00:00,-0.57384175,17.945303,0.0,37.899117,Moderate
airqo_g5549,Munyonyo Site 1,0.235819,32.62392814,2026-08-01 19:00:00,-0.3964563,22.976604,3.022789,42.93042,Moderate
airqo_g5549,Munyonyo Site 1,0.235819,32.62392814,2026-08-01 20:00:00,-0.34409484,24.461767,4.5079517,44.41558,Moderate
airqo_g5549,Munyonyo Site 1,0.235819,32.62392814,2026-08-01 21:00:00,-0.3045893,25.582289,5.6284733,45.536102,Moderate
airqo_g5549,Munyonyo Site 1,0.235819,32.62392814,2026-08-01 22:00:00,-0.24554247,27.257072,7.303257,47.210888,Moderate
airqo_g5549,Munyonyo Site 1,0.235819,32.62392814,2026-08-01 23:00:00,-0.27780247,26.342062,6.3882465,46.295876,Moderate
airqo_g5551,Golf course Kampala. Site 2. playing ground,0.32494076,32.58769365,2026-08-01 00:00:00,-0.23385112,27.588682,7.6348667,47.542496,Moderate
airqo_g5551,Golf course Kampala. Site 2. playing ground,0.32494076,32.58769365,2026-08-01 01:00:00,-0.3612475,23.975254,4.0214386,43.92907,Moderate
airqo_g5551,Golf course Kampala. Site 2. playing ground,0.32494076,32.58769365,2026-08-01 02:00:00,-0.29276413,25.917694,5.9638786,45.87151,Moderate
airqo_g5551,Golf course Kampala. Site 2. playing ground,0.32494076,32.58769365,2026-08-01 03:00:00,-0.29418865,25.877289,5.9234734,45.831104,Moderate
airqo_g5551,Golf course Kampala. Site 2. playing ground,0.32494076,32.58769365,2026-08-01 04:00:00,-0.32735142,24.936672,4.9828568,44.890488,Moderate
airqo_g5551,Golf course Kampala. Site 2. playing ground,0.32494076,32.58769365,2026-08-01 05:00:00,-0.29578418,25.832035,5.8782196,45.78585,Moderate
airqo_g5551,Golf course Kampala. Site 2. playing ground,0.32494076,32.58769365,2026-08-01 06:00:00,-0.20286669,28.467514,8.513699,48.42133,Moderate
airqo_g5551,Golf course Kampala. Site 2. playing ground,0.32494076,32.58769365,2026-08-01 07:00:00,-0.13681944,30.340857,10.387041,50.29467,Moderate
airqo_g5551,Golf course Kampala. Site 2. playing ground,0.32494076,32.58769365,2026-08-01 08:00:00,-0.120317094,30.808924,10.855108,50.76274,Moderate
airqo_g5551,Golf course Kampala. Site 2. playing ground,0.32494076,32.58769365,2026-08-01 09:00:00,-0.3240466,25.030407,5.0765915,44.984222,Moderate
airqo_g5551,Golf course Kampala. Site 2. playing ground,0.32494076,32.58769365,2026-08-01 10:00:00,-0.57572883,17.891779,0.0,37.845596,Moderate
airqo_g5551,Golf course Kampala. Site 2. playing ground,0.32494076,32.58769365,2026-08-01 11:00:00,-0.6970989,14.449278,0.0,34.40309,Moderate
airqo_g5551,Golf course Kampala. Site 2. playing ground,0.32494076,32.58769365,2026-08-01 12:00:00,-0.71137697,14.0443,0.0,33.998116,Moderate
airqo_g5551,Golf course Kampala. Site 2. playing ground,0.32494076,32.58769365,2026-08-01 13:00:00,-0.6939192,14.539467,0.0,34.493282,Moderate
airqo_g5551,Golf course Kampala. Site 2. playing ground,0.32494076,32.58769365,2026-08-01 14:00:00,-0.71176136,14.033398,0.0,33.987213,Moderate
airqo_g5551,Golf course Kampala. Site 2. playing ground,0.32494076,32.58769365,2026-08-01 15:00:00,-0.6997685,14.37356,0.0,34.327377,Moderate
airqo_g5551,Golf course Kampala. Site 2. playing ground,0.32494076,32.58769365,2026-08-01 16:00:00,-0.66114163,15.469158,0.0,35.422974,Moderate
airqo_g5551,Golf course Kampala. Site 2. playing ground,0.32494076,32.58769365,2026-08-01 17:00:00,-0.6196839,16.64505,0.0,36.598866,Moderate
airqo_g5551,Golf course Kampala. Site 2. playing ground,0.32494076,32.58769365,2026-08-01 18:00:00,-0.4864212,20.42487,0.47105408,40.378685,Moderate
airqo_g5551,Golf course Kampala. Site 2. playing ground,0.32494076,32.58769365,2026-08-01 19:00:00,-0.29375157,25.889687,5.935871,45.843502,Moderate
airqo_g5551,Golf course Kampala. Site 2. playing ground,0.32494076,32.58769365,2026-08-01 20:00:00,-0.25003034,27.12978,7.1759644,47.083595,Moderate
airqo_g5551,Golf course Kampala. Site 2. playing ground,0.32494076,32.58769365,2026-08-01 21:00:00,-0.23186205,27.6451,7.691284,47.598915,Moderate
airqo_g5551,Golf course Kampala. Site 2. playing ground,0.32494076,32.58769365,2026-08-01 22:00:00,-0.21134768,28.226963,8.273148,48.18078,Moderate
airqo_g5551,Golf course Kampala. Site 2. playing ground,0.32494076,32.58769365,2026-08-01 23:00:00,-0.206557,28.362844,8.409029,48.316658,Moderate
airqo_g5555,Munyonyo Site 2,0.241954209,32.62442653,2026-08-01 00:00:00,-0.4323871,21.957474,2.0036583,41.91129,Moderate
airqo_g5555,Munyonyo Site 2,0.241954209,32.62442653,2026-08-01 01:00:00,-0.54188013,18.851852,0.0,38.805668,Moderate
airqo_g5555,Munyonyo Site 2,0.241954209,32.62442653,2026-08-01 02:00:00,-0.5569202,18.42526,0.0,38.379074,Moderate
airqo_g5555,Munyonyo Site 2,0.241954209,32.62442653,2026-08-01 03:00:00,-0.54865366,18.659729,0.0,38.613544,Moderate
airqo_g5555,Munyonyo Site 2,0.241954209,32.62442653,2026-08-01 04:00:00,-0.5612469,18.30254,0.0,38.256355,Moderate
airqo_g5555,Munyonyo Site 2,0.241954209,32.62442653,2026-08-01 05:00:00,-0.54709846,18.70384,0.0,38.657654,Moderate
airqo_g5555,Munyonyo Site 2,0.241954209,32.62442653,2026-08-01 06:00:00,-0.4466211,21.553747,1.5999317,41.50756,Moderate
airqo_g5555,Munyonyo Site 2,0.241954209,32.62442653,2026-08-01 07:00:00,-0.3334746,24.762997,4.809181,44.716812,Moderate
airqo_g5555,Munyonyo Site 2,0.241954209,32.62442653,2026-08-01 08:00:00,-0.32264987,25.070026,5.116211,45.02384,Moderate
airqo_g5555,Munyonyo Site 2,0.241954209,32.62442653,2026-08-01 09:00:00,-0.43727592,21.81881,1.864994,41.772625,Moderate
airqo_g5555,Munyonyo Site 2,0.241954209,32.62442653,2026-08-01 10:00:00,-0.60105073,17.173555,0.0,37.127373,Moderate
airqo_g5555,Munyonyo Site 2,0.241954209,32.62442653,2026-08-01 11:00:00,-0.6519551,15.729721,0.0,35.683537,Moderate
airqo_g5555,Munyonyo Site 2,0.241954209,32.62442653,2026-08-01 12:00:00,-0.6683421,15.264927,0.0,35.218742,Moderate
airqo_g5555,Munyonyo Site 2,0.241954209,32.62442653,2026-08-01 13:00:00,-0.657834,15.562975,0.0,35.516792,Moderate
airqo_g5555,Munyonyo Site 2,0.241954209,32.62442653,2026-08-01 14:00:00,-0.6641505,15.383816,0.0,35.33763,Moderate
airqo_g5555,Munyonyo Site 2,0.241954209,32.62442653,2026-08-01 15:00:00,-0.62520605,16.488422,0.0,36.442238,Moderate
airqo_g5555,Munyonyo Site 2,0.241954209,32.62442653,2026-08-01 16:00:00,-0.62551713,16.479599,0.0,36.433414,Moderate
airqo_g5555,Munyonyo Site 2,0.241954209,32.62442653,2026-08-01 17:00:00,-0.61516356,16.773264,0.0,36.72708,Moderate
airqo_g5555,Munyonyo Site 2,0.241954209,32.62442653,2026-08-01 18:00:00,-0.57614774,17.879896,0.0,37.83371,Moderate
airqo_g5555,Munyonyo Site 2,0.241954209,32.62442653,2026-08-01 19:00:00,-0.42409587,22.192646,2.2388306,42.14646,Moderate
airqo_g5555,Munyonyo Site 2,0.241954209,32.62442653,2026-08-01 20:00:00,-0.36796424,23.784744,3.8309288,43.73856,Moderate
airqo_g5555,Munyonyo Site 2,0.241954209,32.62442653,2026-08-01 21:00:00,-0.31526387,25.279518,5.3257027,45.233334,Moderate
airqo_g5555,Munyonyo Site 2,0.241954209,32.62442653,2026-08-01 22:00:00,-0.33258948,24.788101,4.8342857,44.741917,Moderate
airqo_g5555,Munyonyo Site 2,0.241954209,32.62442653,2026-08-01 23:00:00,-0.3371822,24.657835,4.7040195,44.61165,Moderate
airqo_g5558,Kyambogo University,0.346937,32.632439,2026-08-01 00:00:00,-0.24483995,27.277,7.323185,47.230816,Moderate
airqo_g5558,Kyambogo University,0.346937,32.632439,2026-08-01 01:00:00,-0.3510583,24.264257,4.310442,44.21807,Moderate
airqo_g5558,Kyambogo University,0.346937,32.632439,2026-08-01 02:00:00,-0.37016135,23.722425,3.76861,43.67624,Moderate
airqo_g5558,Kyambogo University,0.346937,32.632439,2026-08-01 03:00:00,-0.35867682,24.048168,4.0943527,44.001984,Moderate
airqo_g5558,Kyambogo University,0.346937,32.632439,2026-08-01 04:00:00,-0.34399596,24.464573,4.5107574,44.41839,Moderate
airqo_g5558,Kyambogo University,0.346937,32.632439,2026-08-01 05:00:00,-0.38165107,23.396534,3.4427185,43.35035,Moderate
airqo_g5558,Kyambogo University,0.346937,32.632439,2026-08-01 06:00:00,-0.2878472,26.057156,6.10334,46.01097,Moderate
airqo_g5558,Kyambogo University,0.346937,32.632439,2026-08-01 07:00:00,-0.123001516,30.732784,10.778969,50.6866,Moderate
airqo_g5558,Kyambogo University,0.346937,32.632439,2026-08-01 08:00:00,-0.1252541,30.668892,10.715076,50.622707,Moderate
airqo_g5558,Kyambogo University,0.346937,32.632439,2026-08-01 09:00:00,-0.37012511,23.723454,3.769638,43.67727,Moderate
airqo_g5558,Kyambogo University,0.346937,32.632439,2026-08-01 10:00:00,-0.5504577,18.608559,0.0,38.562374,Moderate
airqo_g5558,Kyambogo University,0.346937,32.632439,2026-08-01 11:00:00,-0.6539029,15.674475,0.0,35.62829,Moderate
airqo_g5558,Kyambogo University,0.346937,32.632439,2026-08-01 12:00:00,-0.5775361,17.840517,0.0,37.794334,Moderate
airqo_g5558,Kyambogo University,0.346937,32.632439,2026-08-01 13:00:00,-0.5708615,18.029833,0.0,37.98365,Moderate
airqo_g5558,Kyambogo University,0.346937,32.632439,2026-08-01 14:00:00,-0.6364107,16.170618,0.0,36.124435,Moderate
airqo_g5558,Kyambogo University,0.346937,32.632439,2026-08-01 15:00:00,-0.63128436,16.31602,0.0,36.269836,Moderate
airqo_g5558,Kyambogo University,0.346937,32.632439,2026-08-01 16:00:00,-0.6242722,16.51491,0.0,36.468727,Moderate
airqo_g5558,Kyambogo University,0.346937,32.632439,2026-08-01 17:00:00,-0.62450594,16.50828,0.0,36.462097,Moderate
airqo_g5558,Kyambogo University,0.346937,32.632439,2026-08-01 18:00:00,-0.3809788,23.415604,3.4617882,43.36942,Moderate
airqo_g5558,Kyambogo University,0.346937,32.632439,2026-08-01 19:00:00,-0.24618505,27.238848,7.2850323,47.192665,Moderate
airqo_g5558,Kyambogo University,0.346937,32.632439,2026-08-01 20:00:00,-0.16185966,29.630625,9.676809,49.584442,Moderate
airqo_g5558,Kyambogo University,0.346937,32.632439,2026-08-01 21:00:00,-0.046703596,32.896873,12.943058,52.85069,Moderate
airqo_g5558,Kyambogo University,0.346937,32.632439,2026-08-01 22:00:00,-0.0026984648,34.14502,14.191204,54.098835,Moderate
airqo_g5558,Kyambogo University,0.346937,32.632439,2026-08-01 23:00:00,-0.035459545,33.215794,13.261978,53.16961,Moderate
airqo_g5559,Kyarwabuganda,-0.53856,30.647245,2026-08-01 00:00:00,-0.09201716,31.611614,11.657799,51.56543,Moderate
airqo_g5559,Kyarwabuganda,-0.53856,30.647245,2026-08-01 01:00:00,-0.14144027,30.209793,10.255978,50.16361,Moderate
airqo_g5559,Kyarwabuganda,-0.53856,30.647245,2026-08-01 02:00:00,-0.20685837,28.354296,8.40048,48.308113,Moderate
airqo_g5559,Kyarwabuganda,-0.53856,30.647245,2026-08-01 03:00:00,-0.12608516,30.64532,10.691505,50.599136,Moderate
airqo_g5559,Kyarwabuganda,-0.53856,30.647245,2026-08-01 04:00:00,-0.060380455,32.508945,12.55513,52.46276,Moderate
airqo_g5559,Kyarwabuganda,-0.53856,30.647245,2026-08-01 05:00:00,-0.017099703,33.736546,13.78273,53.69036,Moderate
airqo_g5559,Kyarwabuganda,-0.53856,30.647245,2026-08-01 06:00:00,0.11308771,37.42914,17.475323,57.382954,Unhealthy for Sensitive Groups
airqo_g5559,Kyarwabuganda,-0.53856,30.647245,2026-08-01 07:00:00,0.25316712,41.402306,21.44849,61.35612,Unhealthy for Sensitive Groups
airqo_g5559,Kyarwabuganda,-0.53856,30.647245,2026-08-01 08:00:00,0.3891987,45.26066,25.306843,65.21448,Unhealthy for Sensitive Groups
airqo_g5559,Kyarwabuganda,-0.53856,30.647245,2026-08-01 09:00:00,0.11149836,37.38406,17.430244,57.337875,Unhealthy for Sensitive Groups
airqo_g5559,Kyarwabuganda,-0.53856,30.647245,2026-08-01 10:00:00,-0.2248854,27.842983,7.889168,47.7968,Moderate
airqo_g5559,Kyarwabuganda,-0.53856,30.647245,2026-08-01 11:00:00,-0.3842841,23.321852,3.3680363,43.275665,Moderate
airqo_g5559,Kyarwabuganda,-0.53856,30.647245,2026-08-01 12:00:00,-0.51832736,19.519894,0.0,39.47371,Moderate
airqo_g5559,Kyarwabuganda,-0.53856,30.647245,2026-08-01 13:00:00,-0.52206033,19.414013,0.0,39.36783,Moderate
airqo_g5559,Kyarwabuganda,-0.53856,30.647245,2026-08-01 14:00:00,-0.47987136,20.610647,0.65683174,40.56446,Moderate
airqo_g5559,Kyarwabuganda,-0.53856,30.647245,2026-08-01 15:00:00,-0.4600332,21.17333,1.2195148,41.127144,Moderate
airqo_g5559,Kyarwabuganda,-0.53856,30.647245,2026-08-01 16:00:00,-0.41966206,22.318405,2.3645897,42.27222,Moderate
airqo_g5559,Kyarwabuganda,-0.53856,30.647245,2026-08-01 17:00:00,-0.36885378,23.759514,3.8056984,43.71333,Moderate
airqo_g5559,Kyarwabuganda,-0.53856,30.647245,2026-08-01 18:00:00,-0.16719519,29.47929,9.525475,49.433105,Moderate
airqo_g5559,Kyarwabuganda,-0.53856,30.647245,2026-08-01 19:00:00,-0.022100523,33.594707,13.640892,53.548523,Moderate
airqo_g5559,Kyarwabuganda,-0.53856,30.647245,2026-08-01 20:00:00,-0.027969852,33.42823,13.474415,53.382046,Moderate
airqo_g5559,Kyarwabuganda,-0.53856,30.647245,2026-08-01 21:00:00,0.114187516,37.460335,17.50652,57.41415,Unhealthy for Sensitive Groups
airqo_g5559,Kyarwabuganda,-0.53856,30.647245,2026-08-01 22:00:00,0.12891209,37.877975,17.92416,57.83179,Unhealthy for Sensitive Groups
airqo_g5559,Kyarwabuganda,-0.53856,30.647245,2026-08-01 23:00:00,0.124687694,37.758156,17.80434,57.71197,Unhealthy for Sensitive Groups
airqo_g5563,Bulange_Mengo,0.310484,32.556839,2026-08-01 00:00:00,0.066724636,36.114113,16.160297,56.06793,Unhealthy for Sensitive Groups
airqo_g5563,Bulange_Mengo,0.310484,32.556839,2026-08-01 01:00:00,0.02963906,35.06223,15.108414,55.016045,Moderate
airqo_g5563,Bulange_Mengo,0.310484,32.556839,2026-08-01 02:00:00,0.04170974,35.4046,15.450783,55.358414,Moderate
airqo_g5563,Bulange_Mengo,0.310484,32.556839,2026-08-01 03:00:00,-0.015264376,33.788605,13.834789,53.74242,Moderate
airqo_g5563,Bulange_Mengo,0.310484,32.556839,2026-08-01 04:00:00,0.0026080078,34.29553,14.341713,54.249344,Moderate
airqo_g5563,Bulange_Mengo,0.310484,32.556839,2026-08-01 05:00:00,0.041733243,35.405266,15.45145,55.35908,Moderate
airqo_g5563,Bulange_Mengo,0.310484,32.556839,2026-08-01 06:00:00,0.2688061,41.845882,21.892067,61.799698,Unhealthy for Sensitive Groups
airqo_g5563,Bulange_Mengo,0.310484,32.556839,2026-08-01 07:00:00,0.3456832,44.026398,24.072582,63.980213,Unhealthy for Sensitive Groups
airqo_g5563,Bulange_Mengo,0.310484,32.556839,2026-08-01 08:00:00,0.3276665,43.51538,23.561565,63.469196,Unhealthy for Sensitive Groups
airqo_g5563,Bulange_Mengo,0.310484,32.556839,2026-08-01 09:00:00,0.06279776,36.00273,16.048916,55.956547,Unhealthy for Sensitive Groups
airqo_g5563,Bulange_Mengo,0.310484,32.556839,2026-08-01 10:00:00,-0.37595192,23.558184,3.6043682,43.512,Moderate
airqo_g5563,Bulange_Mengo,0.310484,32.556839,2026-08-01 11:00:00,-0.57905114,17.797544,0.0,37.751358,Moderate
airqo_g5563,Bulange_Mengo,0.310484,32.556839,2026-08-01 12:00:00,-0.64954525,15.798075,0.0,35.751892,Moderate
airqo_g5563,Bulange_Mengo,0.310484,32.556839,2026-08-01 13:00:00,-0.6105516,16.904078,0.0,36.857895,Moderate
airqo_g5563,Bulange_Mengo,0.310484,32.556839,2026-08-01 14:00:00,-0.6238156,16.52786,0.0,36.481674,Moderate
airqo_g5563,Bulange_Mengo,0.310484,32.556839,2026-08-01 15:00:00,-0.5430014,18.820047,0.0,38.773865,Moderate
airqo_g5563,Bulange_Mengo,0.310484,32.556839,2026-08-01 16:00:00,-0.48549196,20.451225,0.49740982,40.40504,Moderate
airqo_g5563,Bulange_Mengo,0.310484,32.556839,2026-08-01 17:00:00,-0.5341471,19.07119,0.0,39.025005,Moderate
airqo_g5563,Bulange_Mengo,0.310484,32.556839,2026-08-01 18:00:00,-0.32520288,24.997612,5.0437965,44.951427,Moderate
airqo_g5563,Bulange_Mengo,0.310484,32.556839,2026-08-01 19:00:00,-0.1496641,29.976536,10.02272,49.93035,Moderate
airqo_g5563,Bulange_Mengo,0.310484,32.556839,2026-08-01 20:00:00,-0.106457226,31.202042,11.248226,51.155857,Moderate
airqo_g5563,Bulange_Mengo,0.310484,32.556839,2026-08-01 21:00:00,0.17749195,39.25588,19.302063,59.209694,Unhealthy for Sensitive Groups
airqo_g5563,Bulange_Mengo,0.310484,32.556839,2026-08-01 22:00:00,0.08971222,36.766125,16.81231,56.71994,Unhealthy for Sensitive Groups
airqo_g5563,Bulange_Mengo,0.310484,32.556839,2026-08-01 23:00:00,0.12745504,37.83665,17.882835,57.790466,Unhealthy for Sensitive Groups
airqo_g5564,"Busabala, Wakiso",0.218225,32.617695,2026-08-01 00:00:00,-0.41138914,22.553055,2.5992393,42.50687,Moderate
airqo_g5564,"Busabala, Wakiso",0.218225,32.617695,2026-08-01 01:00:00,-0.53390384,19.078087,0.0,39.031902,Moderate
airqo_g5564,"Busabala, Wakiso",0.218225,32.617695,2026-08-01 02:00:00,-0.5926256,17.412523,0.0,37.36634,Moderate
airqo_g5564,"Busabala, Wakiso",0.218225,32.617695,2026-08-01 03:00:00,-0.31452143,25.300577,5.3467617,45.254395,Moderate
airqo_g5564,"Busabala, Wakiso",0.218225,32.617695,2026-08-01 04:00:00,-0.2868525,26.08537,6.1315536,46.039185,Moderate
airqo_g5564,"Busabala, Wakiso",0.218225,32.617695,2026-08-01 05:00:00,-0.30092037,25.686354,5.732538,45.640167,Moderate
airqo_g5564,"Busabala, Wakiso",0.218225,32.617695,2026-08-01 06:00:00,-0.25702292,26.931446,6.9776306,46.88526,Moderate
airqo_g5564,"Busabala, Wakiso",0.218225,32.617695,2026-08-01 07:00:00,-0.12936765,30.552217,10.598402,50.506035,Moderate
airqo_g5564,"Busabala, Wakiso",0.218225,32.617695,2026-08-01 08:00:00,-0.04240588,33.018772,13.064957,52.972588,Moderate
airqo_g5564,"Busabala, Wakiso",0.218225,32.617695,2026-08-01 09:00:00,-0.13493803,30.39422,10.440405,50.348038,Moderate
airqo_g5564,"Busabala, Wakiso",0.218225,32.617695,2026-08-01 10:00:00,-0.49287745,20.241747,0.28793144,40.195564,Moderate
airqo_g5564,"Busabala, Wakiso",0.218225,32.617695,2026-08-01 11:00:00,-0.5360963,19.015903,0.0,38.96972,Moderate
airqo_g5564,"Busabala, Wakiso",0.218225,32.617695,2026-08-01 12:00:00,-0.59840065,17.248722,0.0,37.202538,Moderate
airqo_g5564,"Busabala, Wakiso",0.218225,32.617695,2026-08-01 13:00:00,-0.53150594,19.146101,0.0,39.099915,Moderate
airqo_g5564,"Busabala, Wakiso",0.218225,32.617695,2026-08-01 14:00:00,-0.52175134,19.422777,0.0,39.376595,Moderate
airqo_g5564,"Busabala, Wakiso",0.218225,32.617695,2026-08-01 15:00:00,-0.50437087,19.915752,0.0,39.869568,Moderate
airqo_g5564,"Busabala, Wakiso",0.218225,32.617695,2026-08-01 16:00:00,-0.47760287,20.67499,0.72117424,40.628807,Moderate
airqo_g5564,"Busabala, Wakiso",0.218225,32.617695,2026-08-01 17:00:00,-0.49556097,20.165632,0.21181679,40.119446,Moderate
airqo_g5564,"Busabala, Wakiso",0.218225,32.617695,2026-08-01 18:00:00,-0.58286273,17.689434,0.0,37.64325,Moderate
airqo_g5564,"Busabala, Wakiso",0.218225,32.617695,2026-08-01 19:00:00,-0.5209618,19.445171,0.0,39.398987,Moderate
airqo_g5564,"Busabala, Wakiso",0.218225,32.617695,2026-08-01 20:00:00,-0.50910133,19.781578,0.0,39.735394,Moderate
airqo_g5564,"Busabala, Wakiso",0.218225,32.617695,2026-08-01 21:00:00,-0.43814635,21.79412,1.8403053,41.747936,Moderate
airqo_g5564,"Busabala, Wakiso",0.218225,32.617695,2026-08-01 22:00:00,-0.084101096,31.836142,11.882326,51.789955,Moderate
airqo_g5564,"Busabala, Wakiso",0.218225,32.617695,2026-08-01 23:00:00,-0.09112757,31.636847,11.683031,51.59066,Moderate
airqo_g5566,Makerere University Business School(MUBS) Nakawa,0.324032911,32.61826319,2026-08-01 00:00:00,-0.42203373,22.251135,2.2973194,42.20495,Moderate
airqo_g5566,Makerere University Business School(MUBS) Nakawa,0.324032911,32.61826319,2026-08-01 01:00:00,-0.51771337,19.53731,0.0,39.491127,Moderate
airqo_g5566,Makerere University Business School(MUBS) Nakawa,0.324032911,32.61826319,2026-08-01 02:00:00,-0.54572445,18.742813,0.0,38.69663,Moderate
airqo_g5566,Makerere University Business School(MUBS) Nakawa,0.324032911,32.61826319,2026-08-01 03:00:00,-0.5312667,19.152887,0.0,39.106705,Moderate
airqo_g5566,Makerere University Business School(MUBS) Nakawa,0.324032911,32.61826319,2026-08-01 04:00:00,-0.54207706,18.846266,0.0,38.80008,Moderate
airqo_g5566,Makerere University Business School(MUBS) Nakawa,0.324032911,32.61826319,2026-08-01 05:00:00,-0.5475599,18.690752,0.0,38.64457,Moderate
airqo_g5566,Makerere University Business School(MUBS) Nakawa,0.324032911,32.61826319,2026-08-01 06:00:00,-0.42188433,22.255371,2.3015556,42.209187,Moderate
airqo_g5566,Makerere University Business School(MUBS) Nakawa,0.324032911,32.61826319,2026-08-01 07:00:00,-0.3145891,25.298656,5.344841,45.252472,Moderate
airqo_g5566,Makerere University Business School(MUBS) Nakawa,0.324032911,32.61826319,2026-08-01 08:00:00,-0.31326437,25.336231,5.382416,45.290047,Moderate
airqo_g5566,Makerere University Business School(MUBS) Nakawa,0.324032911,32.61826319,2026-08-01 09:00:00,-0.43758687,21.80999,1.8561745,41.763805,Moderate
airqo_g5566,Makerere University Business School(MUBS) Nakawa,0.324032911,32.61826319,2026-08-01 10:00:00,-0.6390485,16.0958,0.0,36.049614,Moderate
airqo_g5566,Makerere University Business School(MUBS) Nakawa,0.324032911,32.61826319,2026-08-01 11:00:00,-0.6960899,14.477896,0.0,34.43171,Moderate
airqo_g5566,Makerere University Business School(MUBS) Nakawa,0.324032911,32.61826319,2026-08-01 12:00:00,-0.68846494,14.694168,0.0,34.647984,Moderate
airqo_g5566,Makerere University Business School(MUBS) Nakawa,0.324032911,32.61826319,2026-08-01 13:00:00,-0.6838483,14.825113,0.0,34.77893,Moderate
airqo_g5566,Makerere University Business School(MUBS) Nakawa,0.324032911,32.61826319,2026-08-01 14:00:00,-0.7075759,14.152111,0.0,34.105927,Moderate
airqo_g5566,Makerere University Business School(MUBS) Nakawa,0.324032911,32.61826319,2026-08-01 15:00:00,-0.70722646,14.162024,0.0,34.115837,Moderate
airqo_g5566,Makerere University Business School(MUBS) Nakawa,0.324032911,32.61826319,2026-08-01 16:00:00,-0.70917875,14.106649,0.0,34.060463,Moderate
airqo_g5566,Makerere University Business School(MUBS) Nakawa,0.324032911,32.61826319,2026-08-01 17:00:00,-0.66036105,15.491299,0.0,35.445114,Moderate
airqo_g5566,Makerere University Business School(MUBS) Nakawa,0.324032911,32.61826319,2026-08-01 18:00:00,-0.5519356,18.56664,0.0,38.520454,Moderate
airqo_g5566,Makerere University Business School(MUBS) Nakawa,0.324032911,32.61826319,2026-08-01 19:00:00,-0.390381,23.148922,3.1951065,43.102737,Moderate
airqo_g5566,Makerere University Business School(MUBS) Nakawa,0.324032911,32.61826319,2026-08-01 20:00:00,-0.32179376,25.094307,5.1404915,45.048122,Moderate
airqo_g5566,Makerere University Business School(MUBS) Nakawa,0.324032911,32.61826319,2026-08-01 21:00:00,-0.29749012,25.783648,5.829832,45.737465,Moderate
airqo_g5566,Makerere University Business School(MUBS) Nakawa,0.324032911,32.61826319,2026-08-01 22:00:00,-0.27174333,26.51392,6.5601044,46.467735,Moderate
airqo_g5566,Makerere University Business School(MUBS) Nakawa,0.324032911,32.61826319,2026-08-01 23:00:00,-0.2766999,26.373335,6.4195194,46.32715,Moderate
airqo_g5567,Kamwokya_OldKiira,0.34431,32.59285,2026-08-01 00:00:00,-0.20253427,28.476944,8.5231285,48.43076,Moderate
airqo_g5567,Kamwokya_OldKiira,0.34431,32.59285,2026-08-01 01:00:00,-0.2711557,26.530588,6.5767727,46.484406,Moderate
airqo_g5567,Kamwokya_OldKiira,0.34431,32.59285,2026-08-01 02:00:00,-0.30531698,25.56165,5.607834,45.515465,Moderate
airqo_g5567,Kamwokya_OldKiira,0.34431,32.59285,2026-08-01 03:00:00,-0.29827416,25.76141,5.8075943,45.715225,Moderate
airqo_g5567,Kamwokya_OldKiira,0.34431,32.59285,2026-08-01 04:00:00,-0.29315636,25.90657,5.952755,45.860386,Moderate
airqo_g5567,Kamwokya_OldKiira,0.34431,32.59285,2026-08-01 05:00:00,-0.29024717,25.989084,6.035269,45.9429,Moderate
airqo_g5567,Kamwokya_OldKiira,0.34431,32.59285,2026-08-01 06:00:00,-0.17984909,29.120378,9.166563,49.074196,Moderate
airqo_g5567,Kamwokya_OldKiira,0.34431,32.59285,2026-08-01 07:00:00,-0.03711652,33.168797,13.214981,53.122612,Moderate
airqo_g5567,Kamwokya_OldKiira,0.34431,32.59285,2026-08-01 08:00:00,-0.035867456,33.204224,13.250408,53.15804,Moderate
airqo_g5567,Kamwokya_OldKiira,0.34431,32.59285,2026-08-01 09:00:00,-0.16347314,29.58486,9.631044,49.538673,Moderate
airqo_g5567,Kamwokya_OldKiira,0.34431,32.59285,2026-08-01 10:00:00,-0.5967808,17.294668,0.0,37.24848,Moderate
airqo_g5567,Kamwokya_OldKiira,0.34431,32.59285,2026-08-01 11:00:00,-0.6708035,15.195112,0.0,35.148926,Moderate
airqo_g5567,Kamwokya_OldKiira,0.34431,32.59285,2026-08-01 12:00:00,-0.6485357,15.826708,0.0,35.780525,Moderate
airqo_g5567,Kamwokya_OldKiira,0.34431,32.59285,2026-08-01 13:00:00,-0.6442352,15.948687,0.0,35.902504,Moderate
airqo_g5567,Kamwokya_OldKiira,0.34431,32.59285,2026-08-01 14:00:00,-0.6858407,14.7686,0.0,34.722416,Moderate
airqo_g5567,Kamwokya_OldKiira,0.34431,32.59285,2026-08-01 15:00:00,-0.68351805,14.83448,0.0,34.788296,Moderate
airqo_g5567,Kamwokya_OldKiira,0.34431,32.59285,2026-08-01 16:00:00,-0.65459085,15.654963,0.0,35.60878,Moderate
airqo_g5567,Kamwokya_OldKiira,0.34431,32.59285,2026-08-01 17:00:00,-0.630037,16.351398,0.0,36.305214,Moderate
airqo_g5567,Kamwokya_OldKiira,0.34431,32.59285,2026-08-01 18:00:00,-0.6230396,16.549871,0.0,36.503685,Moderate
airqo_g5567,Kamwokya_OldKiira,0.34431,32.59285,2026-08-01 19:00:00,-0.25807625,26.90157,6.947754,46.855385,Moderate
airqo_g5567,Kamwokya_OldKiira,0.34431,32.59285,2026-08-01 20:00:00,-0.1874845,28.90381,8.949995,48.857628,Moderate
airqo_g5567,Kamwokya_OldKiira,0.34431,32.59285,2026-08-01 21:00:00,-0.14784104,30.028244,10.074429,49.98206,Moderate
airqo_g5567,Kamwokya_OldKiira,0.34431,32.59285,2026-08-01 22:00:00,-0.10773409,31.165825,11.212009,51.11964,Moderate
airqo_g5567,Kamwokya_OldKiira,0.34431,32.59285,2026-08-01 23:00:00,-0.08688363,31.75722,11.803404,51.711037,Moderate
airqo_g5568,Kakiika,-0.585995,30.6509275,2026-08-01 00:00:00,-0.10733141,31.177246,11.223431,51.13106,Moderate
airqo_g5568,Kakiika,-0.585995,30.6509275,2026-08-01 01:00:00,-0.15597439,29.797552,9.843737,49.751366,Moderate
airqo_g5568,Kakiika,-0.585995,30.6509275,2026-08-01 02:00:00,-0.21864551,28.01997,8.0661545,47.973785,Moderate
airqo_g5568,Kakiika,-0.585995,30.6509275,2026-08-01 03:00:00,-0.18020575,29.110262,9.156446,49.06408,Moderate
airqo_g5568,Kakiika,-0.585995,30.6509275,2026-08-01 04:00:00,-0.1357826,30.370266,10.4164505,50.32408,Moderate
airqo_g5568,Kakiika,-0.585995,30.6509275,2026-08-01 05:00:00,-0.10996688,31.102493,11.148678,51.05631,Moderate
airqo_g5568,Kakiika,-0.585995,30.6509275,2026-08-01 06:00:00,-0.01885292,33.68682,13.733006,53.640636,Moderate
airqo_g5568,Kakiika,-0.585995,30.6509275,2026-08-01 07:00:00,0.13966288,38.182907,18.229092,58.136723,Unhealthy for Sensitive Groups
airqo_g5568,Kakiika,-0.585995,30.6509275,2026-08-01 08:00:00,0.22547026,40.616722,20.662907,60.570538,Unhealthy for Sensitive Groups
airqo_g5568,Kakiika,-0.585995,30.6509275,2026-08-01 09:00:00,-0.08673413,31.76146,11.807644,51.715275,Moderate
airqo_g5568,Kakiika,-0.585995,30.6509275,2026-08-01 10:00:00,-0.26393756,26.735321,6.7815056,46.689137,Moderate
airqo_g5568,Kakiika,-0.585995,30.6509275,2026-08-01 11:00:00,-0.40426806,22.755035,2.80122,42.70885,Moderate
airqo_g5568,Kakiika,-0.585995,30.6509275,2026-08-01 12:00:00,-0.35007393,24.29218,4.3383636,44.245995,Moderate
airqo_g5568,Kakiika,-0.585995,30.6509275,2026-08-01 13:00:00,-0.33141938,24.82129,4.8674736,44.775105,Moderate
airqo_g5568,Kakiika,-0.585995,30.6509275,2026-08-01 14:00:00,-0.3156109,25.269676,5.3158607,45.22349,Moderate
airqo_g5568,Kakiika,-0.585995,30.6509275,2026-08-01 15:00:00,-0.3666533,23.821926,3.8681107,43.77574,Moderate
airqo_g5568,Kakiika,-0.585995,30.6509275,2026-08-01 16:00:00,-0.3395081,24.591866,4.63805,44.54568,Moderate
airqo_g5568,Kakiika,-0.585995,30.6509275,2026-08-01 17:00:00,-0.2891208,26.021032,6.067217,45.974846,Moderate
airqo_g5568,Kakiika,-0.585995,30.6509275,2026-08-01 18:00:00,-0.18579595,28.951704,8.997889,48.905518,Moderate
airqo_g5568,Kakiika,-0.585995,30.6509275,2026-08-01 19:00:00,-0.036042962,33.199245,13.24543,53.15306,Moderate
airqo_g5568,Kakiika,-0.585995,30.6509275,2026-08-01 20:00:00,-0.03448266,33.243504,13.289688,53.19732,Moderate
airqo_g5568,Kakiika,-0.585995,30.6509275,2026-08-01 21:00:00,0.08568931,36.65202,16.698204,56.605835,Unhealthy for Sensitive Groups
airqo_g5568,Kakiika,-0.585995,30.6509275,2026-08-01 22:00:00,0.085750915,36.653767,16.699951,56.607582,Unhealthy for Sensitive Groups
airqo_g5568,Kakiika,-0.585995,30.6509275,2026-08-01 23:00:00,0.084120385,36.60752,16.653706,56.561337,Unhealthy for Sensitive Groups
airqo_g5569,"Buyala 2, Mpigi",0.313383,32.39913638,2026-08-01 00:00:00,-0.055514675,32.646957,12.693142,52.600773,Moderate
airqo_g5569,"Buyala 2, Mpigi",0.313383,32.39913638,2026-08-01 01:00:00,-0.1257913,30.653656,10.699841,50.60747,Moderate
airqo_g5569,"Buyala 2, Mpigi",0.313383,32.39913638,2026-08-01 02:00:00,-0.1302726,30.52655,10.572735,50.480366,Moderate
airqo_g5569,"Buyala 2, Mpigi",0.313383,32.39913638,2026-08-01 03:00:00,-0.20480032,28.41267,8.458855,48.366486,Moderate
airqo_g5569,"Buyala 2, Mpigi",0.313383,32.39913638,2026-08-01 04:00:00,-0.19622044,28.656027,8.702211,48.60984,Moderate
airqo_g5569,"Buyala 2, Mpigi",0.313383,32.39913638,2026-08-01 05:00:00,-0.191638,28.786001,8.832186,48.739815,Moderate
airqo_g5569,"Buyala 2, Mpigi",0.313383,32.39913638,2026-08-01 06:00:00,-0.2241121,27.864918,7.9111023,47.818733,Moderate
airqo_g5569,"Buyala 2, Mpigi",0.313383,32.39913638,2026-08-01 07:00:00,-0.10095396,31.358133,11.404318,51.31195,Moderate
airqo_g5569,"Buyala 2, Mpigi",0.313383,32.39913638,2026-08-01 08:00:00,-0.067024216,32.320507,12.366692,52.274323,Moderate
airqo_g5569,"Buyala 2, Mpigi",0.313383,32.39913638,2026-08-01 09:00:00,-0.1435717,30.149338,10.195522,50.103153,Moderate
airqo_g5569,"Buyala 2, Mpigi",0.313383,32.39913638,2026-08-01 10:00:00,-0.5898157,17.492224,0.0,37.446037,Moderate
airqo_g5569,"Buyala 2, Mpigi",0.313383,32.39913638,2026-08-01 11:00:00,-0.6058095,17.03858,0.0,36.992393,Moderate
airqo_g5569,"Buyala 2, Mpigi",0.313383,32.39913638,2026-08-01 12:00:00,-0.65800256,15.558193,0.0,35.51201,Moderate
airqo_g5569,"Buyala 2, Mpigi",0.313383,32.39913638,2026-08-01 13:00:00,-0.65132743,15.747524,0.0,35.70134,Moderate
airqo_g5569,"Buyala 2, Mpigi",0.313383,32.39913638,2026-08-01 14:00:00,-0.6647295,15.3673935,0.0,35.32121,Moderate
airqo_g5569,"Buyala 2, Mpigi",0.313383,32.39913638,2026-08-01 15:00:00,-0.6516007,15.739773,0.0,35.69359,Moderate
airqo_g5569,"Buyala 2, Mpigi",0.313383,32.39913638,2026-08-01 16:00:00,-0.5805178,17.755945,0.0,37.709763,Moderate
airqo_g5569,"Buyala 2, Mpigi",0.313383,32.39913638,2026-08-01 17:00:00,-0.5881136,17.5405,0.0,37.494316,Moderate
airqo_g5569,"Buyala 2, Mpigi",0.313383,32.39913638,2026-08-01 18:00:00,-0.535854,19.022774,0.0,38.97659,Moderate
airqo_g5569,"Buyala 2, Mpigi",0.313383,32.39913638,2026-08-01 19:00:00,-0.11103964,31.072067,11.118252,51.025883,Moderate
airqo_g5569,"Buyala 2, Mpigi",0.313383,32.39913638,2026-08-01 20:00:00,-0.030408408,33.359062,13.405247,53.312878,Moderate
airqo_g5569,"Buyala 2, Mpigi",0.313383,32.39913638,2026-08-01 21:00:00,-0.14626744,30.072876,10.1190605,50.02669,Moderate
airqo_g5569,"Buyala 2, Mpigi",0.313383,32.39913638,2026-08-01 22:00:00,-0.17660819,29.212303,9.258488,49.16612,Moderate
airqo_g5569,"Buyala 2, Mpigi",0.313383,32.39913638,2026-08-01 23:00:00,-0.23575148,27.534782,7.580967,47.488598,Moderate
airqo_g5570,Biharwe,-0.52575,30.733925,2026-08-01 00:00:00,0.046597585,35.543236,15.58942,55.49705,Unhealthy for Sensitive Groups
airqo_g5570,Biharwe,-0.52575,30.733925,2026-08-01 01:00:00,-0.093908064,31.557981,11.604166,51.511795,Moderate
airqo_g5570,Biharwe,-0.52575,30.733925,2026-08-01 02:00:00,-0.18670638,28.92588,8.972065,48.879696,Moderate
airqo_g5570,Biharwe,-0.52575,30.733925,2026-08-01 03:00:00,0.067401275,36.133305,16.17949,56.08712,Unhealthy for Sensitive Groups
airqo_g5570,Biharwe,-0.52575,30.733925,2026-08-01 04:00:00,0.2283661,40.698856,20.74504,60.65267,Unhealthy for Sensitive Groups
airqo_g5570,Biharwe,-0.52575,30.733925,2026-08-01 05:00:00,-0.034426183,33.245106,13.29129,53.19892,Moderate
airqo_g5570,Biharwe,-0.52575,30.733925,2026-08-01 06:00:00,0.49549416,48.27559,28.321774,68.2294,Unhealthy for Sensitive Groups
airqo_g5570,Biharwe,-0.52575,30.733925,2026-08-01 07:00:00,0.5131563,48.77655,28.822735,68.73036,Unhealthy for Sensitive Groups
airqo_g5570,Biharwe,-0.52575,30.733925,2026-08-01 08:00:00,0.35062772,44.166645,24.21283,64.12046,Unhealthy for Sensitive Groups
airqo_g5570,Biharwe,-0.52575,30.733925,2026-08-01 09:00:00,-0.08574643,31.789474,11.835659,51.74329,Moderate
airqo_g5570,Biharwe,-0.52575,30.733925,2026-08-01 10:00:00,-0.3345334,24.732964,4.779148,44.68678,Moderate
airqo_g5570,Biharwe,-0.52575,30.733925,2026-08-01 11:00:00,-0.54016143,18.9006,0.0,38.854416,Moderate
airqo_g5570,Biharwe,-0.52575,30.733925,2026-08-01 12:00:00,-0.57454425,17.925377,0.0,37.879192,Moderate
airqo_g5570,Biharwe,-0.52575,30.733925,2026-08-01 13:00:00,-0.5907089,17.466888,0.0,37.420704,Moderate
airqo_g5570,Biharwe,-0.52575,30.733925,2026-08-01 14:00:00,-0.5292406,19.210354,0.0,39.16417,Moderate
airqo_g5570,Biharwe,-0.52575,30.733925,2026-08-01 15:00:00,-0.5494539,18.637032,0.0,38.590847,Moderate
airqo_g5570,Biharwe,-0.52575,30.733925,2026-08-01 16:00:00,-0.48837298,20.36951,0.4156952,40.323326,Moderate
airqo_g5570,Biharwe,-0.52575,30.733925,2026-08-01 17:00:00,-0.52560204,19.313557,0.0,39.267372,Moderate
airqo_g5570,Biharwe,-0.52575,30.733925,2026-08-01 18:00:00,-0.42050242,22.294567,2.3407516,42.248383,Moderate
airqo_g5570,Biharwe,-0.52575,30.733925,2026-08-01 19:00:00,-0.04851488,32.845497,12.891682,52.799313,Moderate
airqo_g5570,Biharwe,-0.52575,30.733925,2026-08-01 20:00:00,0.068876185,36.17514,16.221325,56.128956,Unhealthy for Sensitive Groups
airqo_g5570,Biharwe,-0.52575,30.733925,2026-08-01 21:00:00,0.18115142,39.359676,19.40586,59.31349,Unhealthy for Sensitive Groups
airqo_g5570,Biharwe,-0.52575,30.733925,2026-08-01 22:00:00,0.15469618,38.609306,18.65549,58.56312,Unhealthy for Sensitive Groups
airqo_g5570,Biharwe,-0.52575,30.733925,2026-08-01 23:00:00,0.09550546,36.930443,16.976627,56.88426,Unhealthy for Sensitive Groups
airqo_g5573,Buyala 1 Mpigi,0.313564404,32.40558768,2026-08-01 00:00:00,-0.33870843,24.614544,4.6607285,44.56836,Moderate
airqo_g5573,Buyala 1 Mpigi,0.313564404,32.40558768,2026-08-01 01:00:00,-0.3442282,24.457985,4.5041695,44.4118,Moderate
airqo_g5573,Buyala 1 Mpigi,0.313564404,32.40558768,2026-08-01 02:00:00,-0.31561795,25.269476,5.3156605,45.22329,Moderate
airqo_g5573,Buyala 1 Mpigi,0.313564404,32.40558768,2026-08-01 03:00:00,-0.35172984,24.24521,4.291395,44.199028,Moderate
airqo_g5573,Buyala 1 Mpigi,0.313564404,32.40558768,2026-08-01 04:00:00,-0.3400477,24.57656,4.6227436,44.530373,Moderate
airqo_g5573,Buyala 1 Mpigi,0.313564404,32.40558768,2026-08-01 05:00:00,-0.3451323,24.43234,4.478525,44.386154,Moderate
airqo_g5573,Buyala 1 Mpigi,0.313564404,32.40558768,2026-08-01 06:00:00,-0.2717151,26.51472,6.5609055,46.468536,Moderate
airqo_g5573,Buyala 1 Mpigi,0.313564404,32.40558768,2026-08-01 07:00:00,-0.17739326,29.190035,9.236219,49.143852,Moderate
airqo_g5573,Buyala 1 Mpigi,0.313564404,32.40558768,2026-08-01 08:00:00,-0.05185328,32.75081,12.796993,52.704624,Moderate
airqo_g5573,Buyala 1 Mpigi,0.313564404,32.40558768,2026-08-01 09:00:00,-0.3196771,25.154343,5.200527,45.10816,Moderate
airqo_g5573,Buyala 1 Mpigi,0.313564404,32.40558768,2026-08-01 10:00:00,-0.65059656,15.768255,0.0,35.72207,Moderate
airqo_g5573,Buyala 1 Mpigi,0.313564404,32.40558768,2026-08-01 11:00:00,-0.7102022,14.07762,0.0,34.031433,Moderate
airqo_g5573,Buyala 1 Mpigi,0.313564404,32.40558768,2026-08-01 12:00:00,-0.72818196,13.567648,0.0,33.52146,Moderate
airqo_g5573,Buyala 1 Mpigi,0.313564404,32.40558768,2026-08-01 13:00:00,-0.73193115,13.461308,0.0,33.415123,Moderate
airqo_g5573,Buyala 1 Mpigi,0.313564404,32.40558768,2026-08-01 14:00:00,-0.73168033,13.468422,0.0,33.422237,Moderate
airqo_g5573,Buyala 1 Mpigi,0.313564404,32.40558768,2026-08-01 15:00:00,-0.7268798,13.604584,0.0,33.5584,Moderate
airqo_g5573,Buyala 1 Mpigi,0.313564404,32.40558768,2026-08-01 16:00:00,-0.6844045,14.809338,0.0,34.763153,Moderate
airqo_g5573,Buyala 1 Mpigi,0.313564404,32.40558768,2026-08-01 17:00:00,-0.6534559,15.687153,0.0,35.64097,Moderate
airqo_g5573,Buyala 1 Mpigi,0.313564404,32.40558768,2026-08-01 18:00:00,-0.5497806,18.627766,0.0,38.58158,Moderate
airqo_g5573,Buyala 1 Mpigi,0.313564404,32.40558768,2026-08-01 19:00:00,-0.29008165,25.993778,6.039963,45.947594,Moderate
airqo_g5573,Buyala 1 Mpigi,0.313564404,32.40558768,2026-08-01 20:00:00,-0.25692692,26.934168,6.9803524,46.887985,Moderate
airqo_g5573,Buyala 1 Mpigi,0.313564404,32.40558768,2026-08-01 21:00:00,-0.24987237,27.134262,7.1804466,47.088078,Moderate
airqo_g5573,Buyala 1 Mpigi,0.313564404,32.40558768,2026-08-01 22:00:00,-0.25293338,27.04744,7.093624,47.001255,Moderate
airqo_g5573,Buyala 1 Mpigi,0.313564404,32.40558768,2026-08-01 23:00:00,-0.26307827,26.759693,6.8058777,46.71351,Moderate
aq_04,St.Paul Kyebando C/U Primary School,0.35875,32.584257,2026-08-01 00:00:00,-0.060615093,32.502293,12.548477,52.45611,Moderate
aq_04,St.Paul Kyebando C/U Primary School,0.35875,32.584257,2026-08-01 01:00:00,-0.1425476,30.178385,10.224569,50.132202,Moderate
aq_04,St.Paul Kyebando C/U Primary School,0.35875,32.584257,2026-08-01 02:00:00,-0.30322316,25.621037,5.667221,45.574852,Moderate
aq_04,St.Paul Kyebando C/U Primary School,0.35875,32.584257,2026-08-01 03:00:00,-0.32296413,25.061111,5.107296,45.014927,Moderate
aq_04,St.Paul Kyebando C/U Primary School,0.35875,32.584257,2026-08-01 04:00:00,-0.28953514,26.009281,6.0554657,45.963097,Moderate
aq_04,St.Paul Kyebando C/U Primary School,0.35875,32.584257,2026-08-01 05:00:00,-0.25439063,27.006107,7.052292,46.959923,Moderate
aq_04,St.Paul Kyebando C/U Primary School,0.35875,32.584257,2026-08-01 06:00:00,-0.14875412,30.002346,10.048531,49.95616,Moderate
aq_04,St.Paul Kyebando C/U Primary School,0.35875,32.584257,2026-08-01 07:00:00,0.159808,38.7543,18.800484,58.708115,Unhealthy for Sensitive Groups
aq_04,St.Paul Kyebando C/U Primary School,0.35875,32.584257,2026-08-01 08:00:00,0.18174148,39.37641,19.422596,59.330227,Unhealthy for Sensitive Groups
aq_04,St.Paul Kyebando C/U Primary School,0.35875,32.584257,2026-08-01 09:00:00,-0.3035256,25.61246,5.6586437,45.566277,Moderate
aq_04,St.Paul Kyebando C/U Primary School,0.35875,32.584257,2026-08-01 10:00:00,-0.5504517,18.60873,0.0,38.562546,Moderate
aq_04,St.Paul Kyebando C/U Primary School,0.35875,32.584257,2026-08-01 11:00:00,-0.6226072,16.562136,0.0,36.515953,Moderate
aq_04,St.Paul Kyebando C/U Primary School,0.35875,32.584257,2026-08-01 12:00:00,-0.6397394,16.076204,0.0,36.03002,Moderate
aq_04,St.Paul Kyebando C/U Primary School,0.35875,32.584257,2026-08-01 13:00:00,-0.6349718,16.21143,0.0,36.165245,Moderate
aq_04,St.Paul Kyebando C/U Primary School,0.35875,32.584257,2026-08-01 14:00:00,-0.6430374,15.98266,0.0,35.936478,Moderate
aq_04,St.Paul Kyebando C/U Primary School,0.35875,32.584257,2026-08-01 15:00:00,-0.667121,15.299562,0.0,35.25338,Moderate
aq_04,St.Paul Kyebando C/U Primary School,0.35875,32.584257,2026-08-01 16:00:00,-0.6530536,15.698565,0.0,35.65238,Moderate
aq_04,St.Paul Kyebando C/U Primary School,0.35875,32.584257,2026-08-01 17:00:00,-0.62464035,16.504469,0.0,36.458282,Moderate
aq_04,St.Paul Kyebando C/U Primary School,0.35875,32.584257,2026-08-01 18:00:00,-0.44751343,21.528437,1.5746212,41.482254,Moderate
aq_04,St.Paul Kyebando C/U Primary School,0.35875,32.584257,2026-08-01 19:00:00,-0.27623305,26.386576,6.4327602,46.340393,Moderate
aq_04,St.Paul Kyebando C/U Primary School,0.35875,32.584257,2026-08-01 20:00:00,-0.13115393,30.501553,10.547737,50.455368,Moderate
aq_04,St.Paul Kyebando C/U Primary School,0.35875,32.584257,2026-08-01 21:00:00,-0.08683908,31.758484,11.804668,51.7123,Moderate
aq_04,St.Paul Kyebando C/U Primary School,0.35875,32.584257,2026-08-01 22:00:00,0.10167546,37.105446,17.15163,57.05926,Unhealthy for Sensitive Groups
aq_04,St.Paul Kyebando C/U Primary School,0.35875,32.584257,2026-08-01 23:00:00,0.07774159,36.426594,16.472778,56.38041,Unhealthy for Sensitive Groups
aq_10,"Rwengoma, Kabarole",0.657624,30.26763,2026-08-01 00:00:00,-0.32393414,25.033598,5.0797825,44.98741,Moderate
aq_10,"Rwengoma, Kabarole",0.657624,30.26763,2026-08-01 01:00:00,-0.34971538,24.30235,4.3485336,44.256165,Moderate
aq_10,"Rwengoma, Kabarole",0.657624,30.26763,2026-08-01 02:00:00,-0.35465905,24.162128,4.208313,44.115944,Moderate
aq_10,"Rwengoma, Kabarole",0.657624,30.26763,2026-08-01 03:00:00,-0.40506387,22.732462,2.7786465,42.68628,Moderate
aq_10,"Rwengoma, Kabarole",0.657624,30.26763,2026-08-01 04:00:00,-0.39562088,23.0003,3.046484,42.954117,Moderate
aq_10,"Rwengoma, Kabarole",0.657624,30.26763,2026-08-01 05:00:00,-0.35158783,24.249237,4.2954216,44.203053,Moderate
aq_10,"Rwengoma, Kabarole",0.657624,30.26763,2026-08-01 06:00:00,-0.26497006,26.706036,6.75222,46.65985,Moderate
aq_10,"Rwengoma, Kabarole",0.657624,30.26763,2026-08-01 07:00:00,-0.29912865,25.737173,5.7833576,45.690987,Moderate
aq_10,"Rwengoma, Kabarole",0.657624,30.26763,2026-08-01 08:00:00,-0.3464747,24.394264,4.4404488,44.34808,Moderate
aq_10,"Rwengoma, Kabarole",0.657624,30.26763,2026-08-01 09:00:00,-0.59940124,17.220343,0.0,37.174156,Moderate
aq_10,"Rwengoma, Kabarole",0.657624,30.26763,2026-08-01 10:00:00,-0.58506924,17.62685,0.0,37.580666,Moderate
aq_10,"Rwengoma, Kabarole",0.657624,30.26763,2026-08-01 11:00:00,-0.60901886,16.947552,0.0,36.901367,Moderate
aq_10,"Rwengoma, Kabarole",0.657624,30.26763,2026-08-01 12:00:00,-0.64520985,15.9210415,0.0,35.874855,Moderate
aq_10,"Rwengoma, Kabarole",0.657624,30.26763,2026-08-01 13:00:00,-0.63858753,16.108875,0.0,36.06269,Moderate
aq_10,"Rwengoma, Kabarole",0.657624,30.26763,2026-08-01 14:00:00,-0.66852385,15.259771,0.0,35.213585,Moderate
aq_10,"Rwengoma, Kabarole",0.657624,30.26763,2026-08-01 15:00:00,-0.66770035,15.283129,0.0,35.236946,Moderate
aq_10,"Rwengoma, Kabarole",0.657624,30.26763,2026-08-01 16:00:00,-0.59727633,17.280613,0.0,37.23443,Moderate
aq_10,"Rwengoma, Kabarole",0.657624,30.26763,2026-08-01 17:00:00,-0.5371147,18.987017,0.0,38.940834,Moderate
aq_10,"Rwengoma, Kabarole",0.657624,30.26763,2026-08-01 18:00:00,-0.36445245,23.88435,3.9305344,43.838165,Moderate
aq_10,"Rwengoma, Kabarole",0.657624,30.26763,2026-08-01 19:00:00,-0.30316907,25.622572,5.6687565,45.576385,Moderate
aq_10,"Rwengoma, Kabarole",0.657624,30.26763,2026-08-01 20:00:00,-0.33093306,24.835083,4.8812675,44.7889,Moderate
aq_10,"Rwengoma, Kabarole",0.657624,30.26763,2026-08-01 21:00:00,-0.34418204,24.459293,4.505478,44.41311,Moderate
aq_10,"Rwengoma, Kabarole",0.657624,30.26763,2026-08-01 22:00:00,-0.3250034,25.00327,5.0494537,44.957085,Moderate
aq_10,"Rwengoma, Kabarole",0.657624,30.26763,2026-08-01 23:00:00,-0.32092682,25.118896,5.165081,45.072712,Moderate
aq_18,"Pramukh steel Limited, Njeru ,Jinja",0.455323,33.161013665,2026-08-01 00:00:00,-0.36640292,23.82903,3.8752136,43.782845,Moderate
aq_18,"Pramukh steel Limited, Njeru ,Jinja",0.455323,33.161013665,2026-08-01 01:00:00,-0.42753753,22.095026,2.1412106,42.048843,Moderate
aq_18,"Pramukh steel Limited, Njeru ,Jinja",0.455323,33.161013665,2026-08-01 02:00:00,-0.42200902,22.251835,2.2980194,42.20565,Moderate
aq_18,"Pramukh steel Limited, Njeru ,Jinja",0.455323,33.161013665,2026-08-01 03:00:00,-0.4842799,20.485605,0.5317898,40.439423,Moderate
aq_18,"Pramukh steel Limited, Njeru ,Jinja",0.455323,33.161013665,2026-08-01 04:00:00,-0.4662633,20.996622,1.0428066,40.95044,Moderate
aq_18,"Pramukh steel Limited, Njeru ,Jinja",0.455323,33.161013665,2026-08-01 05:00:00,-0.4804105,20.595356,0.6415405,40.54917,Moderate
aq_18,"Pramukh steel Limited, Njeru ,Jinja",0.455323,33.161013665,2026-08-01 06:00:00,-0.45436168,21.334194,1.3803787,41.28801,Moderate
aq_18,"Pramukh steel Limited, Njeru ,Jinja",0.455323,33.161013665,2026-08-01 07:00:00,-0.4013409,22.838058,2.884243,42.791874,Moderate
aq_18,"Pramukh steel Limited, Njeru ,Jinja",0.455323,33.161013665,2026-08-01 08:00:00,-0.33393806,24.749851,4.796036,44.703667,Moderate
aq_18,"Pramukh steel Limited, Njeru ,Jinja",0.455323,33.161013665,2026-08-01 09:00:00,-0.48262778,20.532465,0.5786495,40.486282,Moderate
aq_18,"Pramukh steel Limited, Njeru ,Jinja",0.455323,33.161013665,2026-08-01 10:00:00,-0.39306527,23.072786,3.1189709,43.026604,Moderate
aq_18,"Pramukh steel Limited, Njeru ,Jinja",0.455323,33.161013665,2026-08-01 11:00:00,-0.55933535,18.356758,0.0,38.310574,Moderate
aq_18,"Pramukh steel Limited, Njeru ,Jinja",0.455323,33.161013665,2026-08-01 12:00:00,-0.62821394,16.403109,0.0,36.356926,Moderate
aq_18,"Pramukh steel Limited, Njeru ,Jinja",0.455323,33.161013665,2026-08-01 13:00:00,-0.6157022,16.757986,0.0,36.7118,Moderate
aq_18,"Pramukh steel Limited, Njeru ,Jinja",0.455323,33.161013665,2026-08-01 14:00:00,-0.6999733,14.36775,0.0,34.321564,Moderate
aq_18,"Pramukh steel Limited, Njeru ,Jinja",0.455323,33.161013665,2026-08-01 15:00:00,-0.67059565,15.201008,0.0,35.154823,Moderate
aq_18,"Pramukh steel Limited, Njeru ,Jinja",0.455323,33.161013665,2026-08-01 16:00:00,-0.63542616,16.198544,0.0,36.15236,Moderate
aq_18,"Pramukh steel Limited, Njeru ,Jinja",0.455323,33.161013665,2026-08-01 17:00:00,-0.62069565,16.616354,0.0,36.570168,Moderate
aq_18,"Pramukh steel Limited, Njeru ,Jinja",0.455323,33.161013665,2026-08-01 18:00:00,-0.579934,17.772505,0.0,37.72632,Moderate
aq_18,"Pramukh steel Limited, Njeru ,Jinja",0.455323,33.161013665,2026-08-01 19:00:00,-0.38896516,23.18908,3.2352638,43.142895,Moderate
aq_18,"Pramukh steel Limited, Njeru ,Jinja",0.455323,33.161013665,2026-08-01 20:00:00,-0.27618346,26.387983,6.434168,46.341797,Moderate
aq_18,"Pramukh steel Limited, Njeru ,Jinja",0.455323,33.161013665,2026-08-01 21:00:00,-0.25438377,27.006302,7.0524864,46.960117,Moderate
aq_18,"Pramukh steel Limited, Njeru ,Jinja",0.455323,33.161013665,2026-08-01 22:00:00,-0.21372162,28.15963,8.205814,48.113445,Moderate
aq_18,"Pramukh steel Limited, Njeru ,Jinja",0.455323,33.161013665,2026-08-01 23:00:00,-0.2824661,26.209784,6.255968,46.163597,Moderate
aq_23,"Jinja Main Street, Jinja",0.43082,33.21045,2026-08-01 00:00:00,-0.3413974,24.538277,4.584461,44.492092,Moderate
aq_23,"Jinja Main Street, Jinja",0.43082,33.21045,2026-08-01 01:00:00,-0.41733515,22.384403,2.4305878,42.33822,Moderate
aq_23,"Jinja Main Street, Jinja",0.43082,33.21045,2026-08-01 02:00:00,-0.4227544,22.230694,2.2768784,42.18451,Moderate
aq_23,"Jinja Main Street, Jinja",0.43082,33.21045,2026-08-01 03:00:00,-0.50417686,19.921253,0.0,39.87507,Moderate
aq_23,"Jinja Main Street, Jinja",0.43082,33.21045,2026-08-01 04:00:00,-0.50501454,19.897495,0.0,39.85131,Moderate
aq_23,"Jinja Main Street, Jinja",0.43082,33.21045,2026-08-01 05:00:00,-0.615932,16.751469,0.0,36.705284,Moderate
aq_23,"Jinja Main Street, Jinja",0.43082,33.21045,2026-08-01 06:00:00,-0.5535406,18.521118,0.0,38.474934,Moderate
aq_23,"Jinja Main Street, Jinja",0.43082,33.21045,2026-08-01 07:00:00,-0.37260756,23.653042,3.6992264,43.606857,Moderate
aq_23,"Jinja Main Street, Jinja",0.43082,33.21045,2026-08-01 08:00:00,-0.3325849,24.78823,4.8344154,44.742046,Moderate
aq_23,"Jinja Main Street, Jinja",0.43082,33.21045,2026-08-01 09:00:00,-0.45789263,21.234045,1.2802296,41.18786,Moderate
aq_23,"Jinja Main Street, Jinja",0.43082,33.21045,2026-08-01 10:00:00,-0.52829117,19.237284,0.0,39.1911,Moderate
aq_23,"Jinja Main Street, Jinja",0.43082,33.21045,2026-08-01 11:00:00,-0.6843256,14.811577,0.0,34.765392,Moderate
aq_23,"Jinja Main Street, Jinja",0.43082,33.21045,2026-08-01 12:00:00,-0.7391955,13.255264,0.0,33.20908,Moderate
aq_23,"Jinja Main Street, Jinja",0.43082,33.21045,2026-08-01 13:00:00,-0.7157851,13.91927,0.0,33.873085,Moderate
aq_23,"Jinja Main Street, Jinja",0.43082,33.21045,2026-08-01 14:00:00,-0.7069175,14.170786,0.0,34.124603,Moderate
aq_23,"Jinja Main Street, Jinja",0.43082,33.21045,2026-08-01 15:00:00,-0.67266685,15.1422615,0.0,35.096077,Moderate
aq_23,"Jinja Main Street, Jinja",0.43082,33.21045,2026-08-01 16:00:00,-0.5846083,17.639923,0.0,37.59374,Moderate
aq_23,"Jinja Main Street, Jinja",0.43082,33.21045,2026-08-01 17:00:00,-0.5924807,17.416634,0.0,37.37045,Moderate
aq_23,"Jinja Main Street, Jinja",0.43082,33.21045,2026-08-01 18:00:00,-0.5738985,17.943693,0.0,37.897507,Moderate
aq_23,"Jinja Main Street, Jinja",0.43082,33.21045,2026-08-01 19:00:00,-0.46501535,21.032017,1.0782013,40.985832,Moderate
aq_23,"Jinja Main Street, Jinja",0.43082,33.21045,2026-08-01 20:00:00,-0.30077508,25.690475,5.73666,45.64429,Moderate
aq_23,"Jinja Main Street, Jinja",0.43082,33.21045,2026-08-01 21:00:00,-0.2758224,26.398224,6.4444084,46.35204,Moderate
aq_23,"Jinja Main Street, Jinja",0.43082,33.21045,2026-08-01 22:00:00,-0.2413456,27.376112,7.4222965,47.329926,Moderate
aq_23,"Jinja Main Street, Jinja",0.43082,33.21045,2026-08-01 23:00:00,-0.22141336,27.941463,7.987648,47.89528,Moderate
aq_27,"Njeru PSL 2(Pramukh steel limited, Jinja)",0.45623,33.161148,2026-08-01 00:00:00,-0.40971458,22.600552,2.6467361,42.554367,Moderate
aq_27,"Njeru PSL 2(Pramukh steel limited, Jinja)",0.45623,33.161148,2026-08-01 01:00:00,-0.54709125,18.704044,0.0,38.65786,Moderate
aq_27,"Njeru PSL 2(Pramukh steel limited, Jinja)",0.45623,33.161148,2026-08-01 02:00:00,-0.60757875,16.988398,0.0,36.942215,Moderate
aq_27,"Njeru PSL 2(Pramukh steel limited, Jinja)",0.45623,33.161148,2026-08-01 03:00:00,-0.6180159,16.692362,0.0,36.64618,Moderate
aq_27,"Njeru PSL 2(Pramukh steel limited, Jinja)",0.45623,33.161148,2026-08-01 04:00:00,-0.6138599,16.810242,0.0,36.764057,Moderate
aq_27,"Njeru PSL 2(Pramukh steel limited, Jinja)",0.45623,33.161148,2026-08-01 05:00:00,-0.5887029,17.523785,0.0,37.4776,Moderate
aq_27,"Njeru PSL 2(Pramukh steel limited, Jinja)",0.45623,33.161148,2026-08-01 06:00:00,-0.5347506,19.054071,0.0,39.00789,Moderate
aq_27,"Njeru PSL 2(Pramukh steel limited, Jinja)",0.45623,33.161148,2026-08-01 07:00:00,-0.45169628,21.409796,1.4559803,41.36361,Moderate
aq_27,"Njeru PSL 2(Pramukh steel limited, Jinja)",0.45623,33.161148,2026-08-01 08:00:00,-0.41360533,22.490194,2.5363789,42.444008,Moderate
aq_27,"Njeru PSL 2(Pramukh steel limited, Jinja)",0.45623,33.161148,2026-08-01 09:00:00,-0.5920003,17.43026,0.0,37.384075,Moderate
aq_27,"Njeru PSL 2(Pramukh steel limited, Jinja)",0.45623,33.161148,2026-08-01 10:00:00,-0.6874107,14.7240715,0.0,34.677887,Moderate
aq_27,"Njeru PSL 2(Pramukh steel limited, Jinja)",0.45623,33.161148,2026-08-01 11:00:00,-0.73591316,13.348364,0.0,33.302177,Moderate
aq_27,"Njeru PSL 2(Pramukh steel limited, Jinja)",0.45623,33.161148,2026-08-01 12:00:00,-0.7395946,13.243944,0.0,33.19776,Moderate
aq_27,"Njeru PSL 2(Pramukh steel limited, Jinja)",0.45623,33.161148,2026-08-01 13:00:00,-0.74601233,13.061914,0.0,33.01573,Moderate
aq_27,"Njeru PSL 2(Pramukh steel limited, Jinja)",0.45623,33.161148,2026-08-01 14:00:00,-0.7515257,12.905535,0.0,32.859352,Moderate
aq_27,"Njeru PSL 2(Pramukh steel limited, Jinja)",0.45623,33.161148,2026-08-01 15:00:00,-0.7309523,13.489071,0.0,33.442886,Moderate
aq_27,"Njeru PSL 2(Pramukh steel limited, Jinja)",0.45623,33.161148,2026-08-01 16:00:00,-0.68425125,14.813684,0.0,34.7675,Moderate
aq_27,"Njeru PSL 2(Pramukh steel limited, Jinja)",0.45623,33.161148,2026-08-01 17:00:00,-0.66521007,15.353762,0.0,35.30758,Moderate
aq_27,"Njeru PSL 2(Pramukh steel limited, Jinja)",0.45623,33.161148,2026-08-01 18:00:00,-0.57654876,17.868523,0.0,37.82234,Moderate
aq_27,"Njeru PSL 2(Pramukh steel limited, Jinja)",0.45623,33.161148,2026-08-01 19:00:00,-0.43981773,21.746716,1.7929001,41.70053,Moderate
aq_27,"Njeru PSL 2(Pramukh steel limited, Jinja)",0.45623,33.161148,2026-08-01 20:00:00,-0.34509087,24.433517,4.479702,44.387333,Moderate
aq_27,"Njeru PSL 2(Pramukh steel limited, Jinja)",0.45623,33.161148,2026-08-01 21:00:00,-0.29739437,25.786364,5.832548,45.74018,Moderate
aq_27,"Njeru PSL 2(Pramukh steel limited, Jinja)",0.45623,33.161148,2026-08-01 22:00:00,-0.28834173,26.043129,6.0893135,45.996944,Moderate
aq_27,"Njeru PSL 2(Pramukh steel limited, Jinja)",0.45623,33.161148,2026-08-01 23:00:00,-0.23884478,27.447044,7.493229,47.40086,Moderate
aq_39,"Rubaga, Kampala",0.29787,32.55497,2026-08-01 00:00:00,0.44658938,46.88847,26.934654,66.842285,Unhealthy for Sensitive Groups
aq_39,"Rubaga, Kampala",0.29787,32.55497,2026-08-01 01:00:00,0.45360562,47.087475,27.13366,67.04129,Unhealthy for Sensitive Groups
aq_39,"Rubaga, Kampala",0.29787,32.55497,2026-08-01 02:00:00,0.48648214,48.019974,28.066158,67.973785,Unhealthy for Sensitive Groups
aq_39,"Rubaga, Kampala",0.29787,32.55497,2026-08-01 03:00:00,0.49289137,48.201763,28.247948,68.15558,Unhealthy for Sensitive Groups
aq_39,"Rubaga, Kampala",0.29787,32.55497,2026-08-01 04:00:00,-0.103856236,31.275814,11.321999,51.22963,Moderate
aq_39,"Rubaga, Kampala",0.29787,32.55497,2026-08-01 05:00:00,-0.026619244,33.466537,13.512722,53.420353,Moderate
aq_39,"Rubaga, Kampala",0.29787,32.55497,2026-08-01 06:00:00,0.0904697,36.78761,16.833794,56.741425,Unhealthy for Sensitive Groups
aq_39,"Rubaga, Kampala",0.29787,32.55497,2026-08-01 07:00:00,0.24458887,41.158993,21.205177,61.11281,Unhealthy for Sensitive Groups
aq_39,"Rubaga, Kampala",0.29787,32.55497,2026-08-01 08:00:00,0.3547766,44.28432,24.330505,64.23814,Unhealthy for Sensitive Groups
aq_39,"Rubaga, Kampala",0.29787,32.55497,2026-08-01 09:00:00,0.31066433,43.033134,23.079319,62.98695,Unhealthy for Sensitive Groups
aq_39,"Rubaga, Kampala",0.29787,32.55497,2026-08-01 10:00:00,-0.31079125,25.40638,5.4525642,45.360195,Moderate
aq_39,"Rubaga, Kampala",0.29787,32.55497,2026-08-01 11:00:00,-0.45915085,21.198357,1.2445412,41.152172,Moderate
aq_39,"Rubaga, Kampala",0.29787,32.55497,2026-08-01 12:00:00,-0.46176526,21.124203,1.1703873,41.07802,Moderate
aq_39,"Rubaga, Kampala",0.29787,32.55497,2026-08-01 13:00:00,-0.45909747,21.199871,1.2460556,41.153687,Moderate
aq_39,"Rubaga, Kampala",0.29787,32.55497,2026-08-01 14:00:00,-0.46085766,21.149944,1.1961288,41.10376,Moderate
aq_39,"Rubaga, Kampala",0.29787,32.55497,2026-08-01 15:00:00,-0.47714671,20.687927,0.7341118,40.641743,Moderate
aq_39,"Rubaga, Kampala",0.29787,32.55497,2026-08-01 16:00:00,-0.5769855,17.856134,0.0,37.80995,Moderate
aq_39,"Rubaga, Kampala",0.29787,32.55497,2026-08-01 17:00:00,-0.48829895,20.371609,0.41779327,40.325424,Moderate
aq_39,"Rubaga, Kampala",0.29787,32.55497,2026-08-01 18:00:00,-0.37396443,23.614555,3.66074,43.56837,Moderate
aq_39,"Rubaga, Kampala",0.29787,32.55497,2026-08-01 19:00:00,-0.14582022,30.085562,10.131746,50.039375,Moderate
aq_39,"Rubaga, Kampala",0.29787,32.55497,2026-08-01 20:00:00,-0.1019424,31.330097,11.376282,51.283913,Moderate
aq_39,"Rubaga, Kampala",0.29787,32.55497,2026-08-01 21:00:00,0.07709711,36.408314,16.454498,56.36213,Unhealthy for Sensitive Groups
aq_39,"Rubaga, Kampala",0.29787,32.55497,2026-08-01 22:00:00,0.018514402,34.746693,14.792877,54.70051,Moderate
aq_39,"Rubaga, Kampala",0.29787,32.55497,2026-08-01 23:00:00,0.4535579,47.08612,27.132305,67.03993,Unhealthy for Sensitive Groups
aq_40,"Central Ward, Mityana",0.40039,32.04201,2026-08-01 00:00:00,-0.1551083,29.822117,9.868301,49.775932,Moderate
aq_40,"Central Ward, Mityana",0.40039,32.04201,2026-08-01 01:00:00,-0.24474789,27.27961,7.325794,47.233425,Moderate
aq_40,"Central Ward, Mityana",0.40039,32.04201,2026-08-01 02:00:00,-0.18807559,28.887045,8.933229,48.84086,Moderate
aq_40,"Central Ward, Mityana",0.40039,32.04201,2026-08-01 03:00:00,-0.25937197,26.864819,6.911003,46.818634,Moderate
aq_40,"Central Ward, Mityana",0.40039,32.04201,2026-08-01 04:00:00,-0.22795756,27.755846,7.8020306,47.709663,Moderate
aq_40,"Central Ward, Mityana",0.40039,32.04201,2026-08-01 05:00:00,-0.118214555,30.868559,10.914743,50.822372,Moderate
aq_40,"Central Ward, Mityana",0.40039,32.04201,2026-08-01 06:00:00,-0.011797439,33.88694,13.933125,53.840755,Moderate
aq_40,"Central Ward, Mityana",0.40039,32.04201,2026-08-01 07:00:00,0.13482782,38.04577,18.091953,57.999584,Unhealthy for Sensitive Groups
aq_40,"Central Ward, Mityana",0.40039,32.04201,2026-08-01 08:00:00,0.38012254,45.003227,25.049412,64.95705,Unhealthy for Sensitive Groups
aq_40,"Central Ward, Mityana",0.40039,32.04201,2026-08-01 09:00:00,0.46148527,47.31097,27.357155,67.264786,Unhealthy for Sensitive Groups
aq_40,"Central Ward, Mityana",0.40039,32.04201,2026-08-01 10:00:00,0.03848418,35.31311,15.359295,55.266926,Moderate
aq_40,"Central Ward, Mityana",0.40039,32.04201,2026-08-01 11:00:00,-0.07586189,32.069836,12.11602,52.02365,Moderate
aq_40,"Central Ward, Mityana",0.40039,32.04201,2026-08-01 12:00:00,-0.5506978,18.60175,0.0,38.555565,Moderate
aq_40,"Central Ward, Mityana",0.40039,32.04201,2026-08-01 13:00:00,-0.5432406,18.813263,0.0,38.76708,Moderate
aq_40,"Central Ward, Mityana",0.40039,32.04201,2026-08-01 14:00:00,-0.57310647,17.966158,0.0,37.919975,Moderate
aq_40,"Central Ward, Mityana",0.40039,32.04201,2026-08-01 15:00:00,-0.4451837,21.594517,1.6407013,41.548332,Moderate
aq_40,"Central Ward, Mityana",0.40039,32.04201,2026-08-01 16:00:00,-0.43547216,21.869972,1.9161568,41.823788,Moderate
aq_40,"Central Ward, Mityana",0.40039,32.04201,2026-08-01 17:00:00,-0.3197466,25.152372,5.198557,45.106186,Moderate
aq_40,"Central Ward, Mityana",0.40039,32.04201,2026-08-01 18:00:00,-0.1656763,29.522371,9.568556,49.47619,Moderate
aq_40,"Central Ward, Mityana",0.40039,32.04201,2026-08-01 19:00:00,0.08990123,36.771484,16.817669,56.7253,Unhealthy for Sensitive Groups
aq_40,"Central Ward, Mityana",0.40039,32.04201,2026-08-01 20:00:00,-0.07344295,32.138447,12.184631,52.092262,Moderate
aq_40,"Central Ward, Mityana",0.40039,32.04201,2026-08-01 21:00:00,-0.028624272,33.409668,13.4558525,53.363483,Moderate
aq_40,"Central Ward, Mityana",0.40039,32.04201,2026-08-01 22:00:00,-0.018238112,33.704258,13.7504425,53.658073,Moderate
aq_40,"Central Ward, Mityana",0.40039,32.04201,2026-08-01 23:00:00,-0.03191966,33.3162,13.362385,53.270016,Moderate
aq_43,"Makindye, Lukuli Makindye",0.2714,32.5917,2026-08-01 00:00:00,-0.25474754,26.995983,7.0421677,46.9498,Moderate
aq_43,"Makindye, Lukuli Makindye",0.2714,32.5917,2026-08-01 01:00:00,-0.36313772,23.921642,3.9678268,43.875458,Moderate
aq_43,"Makindye, Lukuli Makindye",0.2714,32.5917,2026-08-01 02:00:00,-0.4217554,22.25903,2.305214,42.212845,Moderate
aq_43,"Makindye, Lukuli Makindye",0.2714,32.5917,2026-08-01 03:00:00,-0.34157825,24.533146,4.5793304,44.48696,Moderate
aq_43,"Makindye, Lukuli Makindye",0.2714,32.5917,2026-08-01 04:00:00,-0.30415228,25.594685,5.640869,45.5485,Moderate
aq_43,"Makindye, Lukuli Makindye",0.2714,32.5917,2026-08-01 05:00:00,-0.26526147,26.69777,6.7439537,46.651585,Moderate
aq_43,"Makindye, Lukuli Makindye",0.2714,32.5917,2026-08-01 06:00:00,-0.15810864,29.737017,9.783201,49.690834,Moderate
aq_43,"Makindye, Lukuli Makindye",0.2714,32.5917,2026-08-01 07:00:00,-0.0019767666,34.16549,14.211674,54.119305,Moderate
aq_43,"Makindye, Lukuli Makindye",0.2714,32.5917,2026-08-01 08:00:00,0.117538996,37.555393,17.601578,57.50921,Unhealthy for Sensitive Groups
aq_43,"Makindye, Lukuli Makindye",0.2714,32.5917,2026-08-01 09:00:00,-0.09390663,31.558022,11.604206,51.511837,Moderate
aq_43,"Makindye, Lukuli Makindye",0.2714,32.5917,2026-08-01 10:00:00,-0.44332358,21.647276,1.6934605,41.60109,Moderate
aq_43,"Makindye, Lukuli Makindye",0.2714,32.5917,2026-08-01 11:00:00,-0.56038094,18.3271,0.0,38.280914,Moderate
aq_43,"Makindye, Lukuli Makindye",0.2714,32.5917,2026-08-01 12:00:00,-0.51260173,19.682293,0.0,39.63611,Moderate
aq_43,"Makindye, Lukuli Makindye",0.2714,32.5917,2026-08-01 13:00:00,-0.4902123,20.31734,0.3635254,40.271156,Moderate
aq_43,"Makindye, Lukuli Makindye",0.2714,32.5917,2026-08-01 14:00:00,-0.4765336,20.705318,0.751503,40.659134,Moderate
aq_43,"Makindye, Lukuli Makindye",0.2714,32.5917,2026-08-01 15:00:00,-0.5382752,18.954102,0.0,38.907917,Moderate
aq_43,"Makindye, Lukuli Makindye",0.2714,32.5917,2026-08-01 16:00:00,-0.4993782,20.057362,0.10354614,40.011177,Moderate
aq_43,"Makindye, Lukuli Makindye",0.2714,32.5917,2026-08-01 17:00:00,-0.46764916,20.957314,1.0034981,40.91113,Moderate
aq_43,"Makindye, Lukuli Makindye",0.2714,32.5917,2026-08-01 18:00:00,-0.35436943,24.170341,4.216526,44.124157,Moderate
aq_43,"Makindye, Lukuli Makindye",0.2714,32.5917,2026-08-01 19:00:00,-0.13987063,30.254314,10.300499,50.20813,Moderate
aq_43,"Makindye, Lukuli Makindye",0.2714,32.5917,2026-08-01 20:00:00,-0.12457376,30.688189,10.734373,50.642006,Moderate
aq_43,"Makindye, Lukuli Makindye",0.2714,32.5917,2026-08-01 21:00:00,0.012770302,34.58377,14.629955,54.537586,Moderate
aq_43,"Makindye, Lukuli Makindye",0.2714,32.5917,2026-08-01 22:00:00,0.03339931,35.168884,15.215069,55.1227,Moderate
aq_43,"Makindye, Lukuli Makindye",0.2714,32.5917,2026-08-01 23:00:00,0.04008236,35.35844,15.404625,55.312256,Moderate
aq_44,"Naguru II, Nakawa",0.3412,32.602,2026-08-01 00:00:00,-0.36674798,23.81924,3.865425,43.773056,Moderate
aq_44,"Naguru II, Nakawa",0.3412,32.602,2026-08-01 01:00:00,-0.47360936,20.788261,0.83444595,40.742077,Moderate
aq_44,"Naguru II, Nakawa",0.3412,32.602,2026-08-01 02:00:00,-0.49676907,20.131367,0.17755127,40.085182,Moderate
aq_44,"Naguru II, Nakawa",0.3412,32.602,2026-08-01 03:00:00,-0.46765503,20.957146,1.0033302,40.91096,Moderate
aq_44,"Naguru II, Nakawa",0.3412,32.602,2026-08-01 04:00:00,-0.4449267,21.601807,1.6479912,41.555622,Moderate
aq_44,"Naguru II, Nakawa",0.3412,32.602,2026-08-01 05:00:00,-0.42849162,22.067965,2.114149,42.021782,Moderate
aq_44,"Naguru II, Nakawa",0.3412,32.602,2026-08-01 06:00:00,-0.3231416,25.056078,5.1022625,45.009895,Moderate
aq_44,"Naguru II, Nakawa",0.3412,32.602,2026-08-01 07:00:00,-0.08361119,31.850039,11.896223,51.803856,Moderate
aq_44,"Naguru II, Nakawa",0.3412,32.602,2026-08-01 08:00:00,-0.18877998,28.867065,8.91325,48.82088,Moderate
aq_44,"Naguru II, Nakawa",0.3412,32.602,2026-08-01 09:00:00,-0.27340308,26.466845,6.513029,46.420662,Moderate
aq_44,"Naguru II, Nakawa",0.3412,32.602,2026-08-01 10:00:00,-0.4008274,22.852623,2.8988075,42.80644,Moderate
aq_44,"Naguru II, Nakawa",0.3412,32.602,2026-08-01 11:00:00,-0.38295472,23.359558,3.4057426,43.313374,Moderate
aq_44,"Naguru II, Nakawa",0.3412,32.602,2026-08-01 12:00:00,-0.64317816,15.978668,0.0,35.932484,Moderate
aq_44,"Naguru II, Nakawa",0.3412,32.602,2026-08-01 13:00:00,-0.6542336,15.665096,0.0,35.61891,Moderate
aq_44,"Naguru II, Nakawa",0.3412,32.602,2026-08-01 14:00:00,-0.62686044,16.441498,0.0,36.395313,Moderate
aq_44,"Naguru II, Nakawa",0.3412,32.602,2026-08-01 15:00:00,-0.6092703,16.94042,0.0,36.894234,Moderate
aq_44,"Naguru II, Nakawa",0.3412,32.602,2026-08-01 16:00:00,-0.5819053,17.71659,0.0,37.670406,Moderate
aq_44,"Naguru II, Nakawa",0.3412,32.602,2026-08-01 17:00:00,-0.57709223,17.853107,0.0,37.806923,Moderate
aq_44,"Naguru II, Nakawa",0.3412,32.602,2026-08-01 18:00:00,-0.3998243,22.881077,2.9272614,42.834892,Moderate
aq_44,"Naguru II, Nakawa",0.3412,32.602,2026-08-01 19:00:00,-0.2010145,28.52005,8.566235,48.473866,Moderate
aq_44,"Naguru II, Nakawa",0.3412,32.602,2026-08-01 20:00:00,-0.10592189,31.217224,11.263409,51.17104,Moderate
aq_44,"Naguru II, Nakawa",0.3412,32.602,2026-08-01 21:00:00,-0.07366287,32.13221,12.178394,52.086025,Moderate
aq_44,"Naguru II, Nakawa",0.3412,32.602,2026-08-01 22:00:00,-0.16169363,29.635334,9.681519,49.58915,Moderate
aq_44,"Naguru II, Nakawa",0.3412,32.602,2026-08-01 23:00:00,-0.23658118,27.51125,7.557434,47.465065,Moderate
aq_46,ACCACIA ACADEMY MUYENGA,0.29883542949999997,32.614945075,2026-08-01 00:00:00,-0.112445585,31.032188,11.078373,50.986004,Moderate
aq_46,ACCACIA ACADEMY MUYENGA,0.29883542949999997,32.614945075,2026-08-01 01:00:00,-0.2922308,25.93282,5.979004,45.886635,Moderate
aq_46,ACCACIA ACADEMY MUYENGA,0.29883542949999997,32.614945075,2026-08-01 02:00:00,-0.3923239,23.093815,3.1399994,43.04763,Moderate
aq_46,ACCACIA ACADEMY MUYENGA,0.29883542949999997,32.614945075,2026-08-01 03:00:00,-0.26776245,26.626833,6.6730175,46.58065,Moderate
aq_46,ACCACIA ACADEMY MUYENGA,0.29883542949999997,32.614945075,2026-08-01 04:00:00,0.04324982,35.44828,15.494465,55.402096,Moderate
aq_46,ACCACIA ACADEMY MUYENGA,0.29883542949999997,32.614945075,2026-08-01 05:00:00,0.07954628,36.477783,16.523968,56.4316,Unhealthy for Sensitive Groups
aq_46,ACCACIA ACADEMY MUYENGA,0.29883542949999997,32.614945075,2026-08-01 06:00:00,0.25917792,41.572792,21.618977,61.526608,Unhealthy for Sensitive Groups
aq_46,ACCACIA ACADEMY MUYENGA,0.29883542949999997,32.614945075,2026-08-01 07:00:00,0.4290413,46.39074,26.436924,66.34456,Unhealthy for Sensitive Groups
aq_46,ACCACIA ACADEMY MUYENGA,0.29883542949999997,32.614945075,2026-08-01 08:00:00,0.47090787,47.57823,27.624416,67.53204,Unhealthy for Sensitive Groups
aq_46,ACCACIA ACADEMY MUYENGA,0.29883542949999997,32.614945075,2026-08-01 09:00:00,0.0898914,36.771206,16.81739,56.72502,Unhealthy for Sensitive Groups
aq_46,ACCACIA ACADEMY MUYENGA,0.29883542949999997,32.614945075,2026-08-01 10:00:00,-0.31834424,25.192148,5.2383327,45.145966,Moderate
aq_46,ACCACIA ACADEMY MUYENGA,0.29883542949999997,32.614945075,2026-08-01 11:00:00,-0.392176,23.09801,3.1441936,43.051826,Moderate
aq_46,ACCACIA ACADEMY MUYENGA,0.29883542949999997,32.614945075,2026-08-01 12:00:00,-0.39129987,23.12286,3.1690445,43.076675,Moderate
aq_46,ACCACIA ACADEMY MUYENGA,0.29883542949999997,32.614945075,2026-08-01 13:00:00,-0.39374402,23.053535,3.09972,43.00735,Moderate
aq_46,ACCACIA ACADEMY MUYENGA,0.29883542949999997,32.614945075,2026-08-01 14:00:00,-0.37274837,23.649048,3.6952324,43.602863,Moderate
aq_46,ACCACIA ACADEMY MUYENGA,0.29883542949999997,32.614945075,2026-08-01 15:00:00,-0.35736075,24.085497,4.1316814,44.039314,Moderate
aq_46,ACCACIA ACADEMY MUYENGA,0.29883542949999997,32.614945075,2026-08-01 16:00:00,-0.27803838,26.33537,6.3815536,46.289185,Moderate
aq_46,ACCACIA ACADEMY MUYENGA,0.29883542949999997,32.614945075,2026-08-01 17:00:00,-0.2853882,26.126904,6.173088,46.08072,Moderate
aq_46,ACCACIA ACADEMY MUYENGA,0.29883542949999997,32.614945075,2026-08-01 18:00:00,-0.14585336,30.084621,10.130806,50.038437,Moderate
aq_46,ACCACIA ACADEMY MUYENGA,0.29883542949999997,32.614945075,2026-08-01 19:00:00,0.05728024,35.846233,15.892418,55.80005,Unhealthy for Sensitive Groups
aq_46,ACCACIA ACADEMY MUYENGA,0.29883542949999997,32.614945075,2026-08-01 20:00:00,0.19768424,39.828606,19.87479,59.78242,Unhealthy for Sensitive Groups
aq_46,ACCACIA ACADEMY MUYENGA,0.29883542949999997,32.614945075,2026-08-01 21:00:00,0.15747407,38.6881,18.734283,58.641914,Unhealthy for Sensitive Groups
aq_46,ACCACIA ACADEMY MUYENGA,0.29883542949999997,32.614945075,2026-08-01 22:00:00,0.24342704,41.12604,21.172226,61.079857,Unhealthy for Sensitive Groups
aq_46,ACCACIA ACADEMY MUYENGA,0.29883542949999997,32.614945075,2026-08-01 23:00:00,0.18831645,39.562904,19.609089,59.51672,Unhealthy for Sensitive Groups
aq_47,"Bukoto I, Kawempe",0.351653051,32.59122984,2026-08-01 00:00:00,0.027138343,34.9913,15.037483,54.945114,Moderate
aq_47,"Bukoto I, Kawempe",0.351653051,32.59122984,2026-08-01 01:00:00,-0.06281823,32.439804,12.485989,52.39362,Moderate
aq_47,"Bukoto I, Kawempe",0.351653051,32.59122984,2026-08-01 02:00:00,-0.14060424,30.233505,10.27969,50.18732,Moderate
aq_47,"Bukoto I, Kawempe",0.351653051,32.59122984,2026-08-01 03:00:00,-0.1484909,30.009811,10.055996,49.963627,Moderate
aq_47,"Bukoto I, Kawempe",0.351653051,32.59122984,2026-08-01 04:00:00,0.18328184,39.4201,19.466286,59.373917,Unhealthy for Sensitive Groups
aq_47,"Bukoto I, Kawempe",0.351653051,32.59122984,2026-08-01 05:00:00,-0.033924576,33.25933,13.305515,53.213146,Moderate
aq_47,"Bukoto I, Kawempe",0.351653051,32.59122984,2026-08-01 06:00:00,-0.05017132,32.798515,12.8447,52.75233,Moderate
aq_47,"Bukoto I, Kawempe",0.351653051,32.59122984,2026-08-01 07:00:00,0.10840177,37.29623,17.342415,57.250046,Unhealthy for Sensitive Groups
aq_47,"Bukoto I, Kawempe",0.351653051,32.59122984,2026-08-01 08:00:00,0.38185418,45.05234,25.098526,65.00616,Unhealthy for Sensitive Groups
aq_47,"Bukoto I, Kawempe",0.351653051,32.59122984,2026-08-01 09:00:00,0.43683192,46.61171,26.657894,66.56552,Unhealthy for Sensitive Groups
aq_47,"Bukoto I, Kawempe",0.351653051,32.59122984,2026-08-01 10:00:00,-0.08929502,31.688824,11.735008,51.64264,Moderate
aq_47,"Bukoto I, Kawempe",0.351653051,32.59122984,2026-08-01 11:00:00,-0.34239364,24.51002,4.556204,44.463837,Moderate
aq_47,"Bukoto I, Kawempe",0.351653051,32.59122984,2026-08-01 12:00:00,-0.34047985,24.5643,4.610485,44.518116,Moderate
aq_47,"Bukoto I, Kawempe",0.351653051,32.59122984,2026-08-01 13:00:00,-0.41410148,22.476122,2.5223064,42.42994,Moderate
aq_47,"Bukoto I, Kawempe",0.351653051,32.59122984,2026-08-01 14:00:00,-0.31096354,25.401493,5.4476776,45.35531,Moderate
aq_47,"Bukoto I, Kawempe",0.351653051,32.59122984,2026-08-01 15:00:00,-0.16552828,29.52657,9.572754,49.480385,Moderate
aq_47,"Bukoto I, Kawempe",0.351653051,32.59122984,2026-08-01 16:00:00,-0.14800921,30.023474,10.069658,49.977287,Moderate
aq_47,"Bukoto I, Kawempe",0.351653051,32.59122984,2026-08-01 17:00:00,0.0065263323,34.40667,14.452854,54.360485,Moderate
aq_47,"Bukoto I, Kawempe",0.351653051,32.59122984,2026-08-01 18:00:00,0.027850954,35.011513,15.057697,54.96533,Moderate
aq_47,"Bukoto I, Kawempe",0.351653051,32.59122984,2026-08-01 19:00:00,0.22625647,40.63902,20.685204,60.592834,Unhealthy for Sensitive Groups
aq_47,"Bukoto I, Kawempe",0.351653051,32.59122984,2026-08-01 20:00:00,0.287119,42.365303,22.411488,62.31912,Unhealthy for Sensitive Groups
aq_47,"Bukoto I, Kawempe",0.351653051,32.59122984,2026-08-01 21:00:00,0.36091268,44.458363,24.504547,64.41218,Unhealthy for Sensitive Groups
aq_47,"Bukoto I, Kawempe",0.351653051,32.59122984,2026-08-01 22:00:00,0.33209935,43.641113,23.687298,63.59493,Unhealthy for Sensitive Groups
aq_47,"Bukoto I, Kawempe",0.351653051,32.59122984,2026-08-01 23:00:00,0.17844151,39.282814,19.328999,59.23663,Unhealthy for Sensitive Groups
aq_48,"Seguku, Makindye-Ssabagabo",0.233637228,32.563469475000005,2026-08-01 00:00:00,0.056957148,35.83707,15.883255,55.790886,Unhealthy for Sensitive Groups
aq_48,"Seguku, Makindye-Ssabagabo",0.233637228,32.563469475000005,2026-08-01 01:00:00,0.07419802,36.326084,16.372269,56.2799,Unhealthy for Sensitive Groups
aq_48,"Seguku, Makindye-Ssabagabo",0.233637228,32.563469475000005,2026-08-01 02:00:00,0.02045922,34.801857,14.848042,54.755672,Moderate
aq_48,"Seguku, Makindye-Ssabagabo",0.233637228,32.563469475000005,2026-08-01 03:00:00,0.07728451,36.413628,16.459812,56.367443,Unhealthy for Sensitive Groups
aq_48,"Seguku, Makindye-Ssabagabo",0.233637228,32.563469475000005,2026-08-01 04:00:00,-0.0038395876,34.11265,14.158836,54.066467,Moderate
aq_48,"Seguku, Makindye-Ssabagabo",0.233637228,32.563469475000005,2026-08-01 05:00:00,0.0043326397,34.344448,14.390633,54.298264,Moderate
aq_48,"Seguku, Makindye-Ssabagabo",0.233637228,32.563469475000005,2026-08-01 06:00:00,-0.02942875,33.386852,13.433037,53.340668,Moderate
aq_48,"Seguku, Makindye-Ssabagabo",0.233637228,32.563469475000005,2026-08-01 07:00:00,0.29937133,42.712826,22.75901,62.66664,Unhealthy for Sensitive Groups
aq_48,"Seguku, Makindye-Ssabagabo",0.233637228,32.563469475000005,2026-08-01 08:00:00,0.09400487,36.88788,16.934063,56.841694,Unhealthy for Sensitive Groups
aq_48,"Seguku, Makindye-Ssabagabo",0.233637228,32.563469475000005,2026-08-01 09:00:00,-0.32041234,25.13349,5.179674,45.087303,Moderate
aq_48,"Seguku, Makindye-Ssabagabo",0.233637228,32.563469475000005,2026-08-01 10:00:00,-0.3525765,24.221195,4.2673798,44.17501,Moderate
aq_48,"Seguku, Makindye-Ssabagabo",0.233637228,32.563469475000005,2026-08-01 11:00:00,-0.54389054,18.794828,0.0,38.748642,Moderate
aq_48,"Seguku, Makindye-Ssabagabo",0.233637228,32.563469475000005,2026-08-01 12:00:00,-0.6116155,16.873901,0.0,36.827717,Moderate
aq_48,"Seguku, Makindye-Ssabagabo",0.233637228,32.563469475000005,2026-08-01 13:00:00,-0.59502447,17.344482,0.0,37.298298,Moderate
aq_48,"Seguku, Makindye-Ssabagabo",0.233637228,32.563469475000005,2026-08-01 14:00:00,-0.599609,17.214449,0.0,37.168266,Moderate
aq_48,"Seguku, Makindye-Ssabagabo",0.233637228,32.563469475000005,2026-08-01 15:00:00,-0.36171028,23.962128,4.008312,43.915943,Moderate
aq_48,"Seguku, Makindye-Ssabagabo",0.233637228,32.563469475000005,2026-08-01 16:00:00,-0.32395458,25.033018,5.0792027,44.98683,Moderate
aq_48,"Seguku, Makindye-Ssabagabo",0.233637228,32.563469475000005,2026-08-01 17:00:00,-0.4352715,21.875664,1.9218483,41.82948,Moderate
aq_48,"Seguku, Makindye-Ssabagabo",0.233637228,32.563469475000005,2026-08-01 18:00:00,-0.12607348,30.645653,10.691837,50.59947,Moderate
aq_48,"Seguku, Makindye-Ssabagabo",0.233637228,32.563469475000005,2026-08-01 19:00:00,0.38490748,45.138947,25.185131,65.09276,Unhealthy for Sensitive Groups
aq_48,"Seguku, Makindye-Ssabagabo",0.233637228,32.563469475000005,2026-08-01 20:00:00,0.5316936,49.302338,29.348522,69.25615,Unhealthy for Sensitive Groups
aq_48,"Seguku, Makindye-Ssabagabo",0.233637228,32.563469475000005,2026-08-01 21:00:00,0.5188995,48.93945,28.985634,68.893265,Unhealthy for Sensitive Groups
aq_48,"Seguku, Makindye-Ssabagabo",0.233637228,32.563469475000005,2026-08-01 22:00:00,0.48826653,48.070587,28.116772,68.0244,Unhealthy for Sensitive Groups
aq_48,"Seguku, Makindye-Ssabagabo",0.233637228,32.563469475000005,2026-08-01 23:00:00,0.32766455,43.515327,23.561512,63.469143,Unhealthy for Sensitive Groups
aq_54,"Kalerwe, Kawempe",0.3536,32.5672,2026-08-01 00:00:00,0.19399863,39.724068,19.770252,59.677883,Unhealthy for Sensitive Groups
aq_54,"Kalerwe, Kawempe",0.3536,32.5672,2026-08-01 01:00:00,0.039185386,35.333,15.379185,55.286816,Moderate
aq_54,"Kalerwe, Kawempe",0.3536,32.5672,2026-08-01 02:00:00,-0.074956305,32.095524,12.141708,52.04934,Moderate
aq_54,"Kalerwe, Kawempe",0.3536,32.5672,2026-08-01 03:00:00,-0.008040821,33.993492,14.039677,53.947308,Moderate
aq_54,"Kalerwe, Kawempe",0.3536,32.5672,2026-08-01 04:00:00,0.55532914,49.972725,30.01891,69.926544,Unhealthy for Sensitive Groups
aq_54,"Kalerwe, Kawempe",0.3536,32.5672,2026-08-01 05:00:00,0.5855061,50.828655,30.87484,70.78247,Unhealthy for Sensitive Groups
aq_54,"Kalerwe, Kawempe",0.3536,32.5672,2026-08-01 06:00:00,0.6856952,53.670387,33.71657,73.62421,Unhealthy for Sensitive Groups
aq_54,"Kalerwe, Kawempe",0.3536,32.5672,2026-08-01 07:00:00,1.0284784,63.392975,43.43916,83.34679,Unhealthy
aq_54,"Kalerwe, Kawempe",0.3536,32.5672,2026-08-01 08:00:00,1.0248607,63.290363,43.336548,83.24418,Unhealthy
aq_54,"Kalerwe, Kawempe",0.3536,32.5672,2026-08-01 09:00:00,0.27801302,42.107025,22.15321,62.06084,Unhealthy for Sensitive Groups
aq_54,"Kalerwe, Kawempe",0.3536,32.5672,2026-08-01 10:00:00,0.010049982,34.50661,14.552795,54.460426,Moderate
aq_54,"Kalerwe, Kawempe",0.3536,32.5672,2026-08-01 11:00:00,-0.18833123,28.879793,8.925978,48.83361,Moderate
aq_54,"Kalerwe, Kawempe",0.3536,32.5672,2026-08-01 12:00:00,-0.34104744,24.548203,4.594387,44.502018,Moderate
aq_54,"Kalerwe, Kawempe",0.3536,32.5672,2026-08-01 13:00:00,-0.3260159,24.974552,5.0207367,44.928368,Moderate
aq_54,"Kalerwe, Kawempe",0.3536,32.5672,2026-08-01 14:00:00,-0.2290188,27.725746,7.7719307,47.67956,Moderate
aq_54,"Kalerwe, Kawempe",0.3536,32.5672,2026-08-01 15:00:00,-0.20457281,28.419123,8.465307,48.37294,Moderate
aq_54,"Kalerwe, Kawempe",0.3536,32.5672,2026-08-01 16:00:00,-0.10476208,31.250122,11.296307,51.203938,Moderate
aq_54,"Kalerwe, Kawempe",0.3536,32.5672,2026-08-01 17:00:00,-0.07814216,32.00516,12.051346,51.958977,Moderate
aq_54,"Kalerwe, Kawempe",0.3536,32.5672,2026-08-01 18:00:00,0.036482073,35.256325,15.302509,55.21014,Moderate
aq_54,"Kalerwe, Kawempe",0.3536,32.5672,2026-08-01 19:00:00,0.2602082,41.602016,21.648201,61.555832,Unhealthy for Sensitive Groups
aq_54,"Kalerwe, Kawempe",0.3536,32.5672,2026-08-01 20:00:00,0.40499443,45.708683,25.754868,65.6625,Unhealthy for Sensitive Groups
aq_54,"Kalerwe, Kawempe",0.3536,32.5672,2026-08-01 21:00:00,0.41027278,45.8584,25.904583,65.81221,Unhealthy for Sensitive Groups
aq_54,"Kalerwe, Kawempe",0.3536,32.5672,2026-08-01 22:00:00,0.4344412,46.543903,26.590088,66.49772,Unhealthy for Sensitive Groups
aq_54,"Kalerwe, Kawempe",0.3536,32.5672,2026-08-01 23:00:00,0.490339,48.129368,28.175552,68.08318,Unhealthy for Sensitive Groups
aq_58,"Nansana east ward, Wakiso",0.375733,32.52758,2026-08-01 00:00:00,-0.24394774,27.302305,7.3484898,47.25612,Moderate
aq_58,"Nansana east ward, Wakiso",0.375733,32.52758,2026-08-01 01:00:00,-0.2767413,26.37216,6.4183445,46.325974,Moderate
aq_58,"Nansana east ward, Wakiso",0.375733,32.52758,2026-08-01 02:00:00,-0.2650888,26.702667,6.748852,46.656483,Moderate
aq_58,"Nansana east ward, Wakiso",0.375733,32.52758,2026-08-01 03:00:00,-0.24153572,27.37072,7.4169044,47.324535,Moderate
aq_58,"Nansana east ward, Wakiso",0.375733,32.52758,2026-08-01 04:00:00,-0.21151368,28.222254,8.268438,48.17607,Moderate
aq_58,"Nansana east ward, Wakiso",0.375733,32.52758,2026-08-01 05:00:00,-0.18198508,29.059793,9.105978,49.01361,Moderate
aq_58,"Nansana east ward, Wakiso",0.375733,32.52758,2026-08-01 06:00:00,-0.025123995,33.50895,13.555134,53.462765,Moderate
aq_58,"Nansana east ward, Wakiso",0.375733,32.52758,2026-08-01 07:00:00,0.12244344,37.694504,17.740688,57.64832,Unhealthy for Sensitive Groups
aq_58,"Nansana east ward, Wakiso",0.375733,32.52758,2026-08-01 08:00:00,0.103165776,37.147717,17.193901,57.101532,Unhealthy for Sensitive Groups
aq_58,"Nansana east ward, Wakiso",0.375733,32.52758,2026-08-01 09:00:00,0.04980798,35.634293,15.680477,55.588108,Unhealthy for Sensitive Groups
aq_58,"Nansana east ward, Wakiso",0.375733,32.52758,2026-08-01 10:00:00,-0.60937166,16.937544,0.0,36.891357,Moderate
aq_58,"Nansana east ward, Wakiso",0.375733,32.52758,2026-08-01 11:00:00,-0.66897833,15.24688,0.0,35.200695,Moderate
aq_58,"Nansana east ward, Wakiso",0.375733,32.52758,2026-08-01 12:00:00,-0.68556994,14.776281,0.0,34.730095,Moderate
aq_58,"Nansana east ward, Wakiso",0.375733,32.52758,2026-08-01 13:00:00,-0.68967855,14.659746,0.0,34.613564,Moderate
aq_58,"Nansana east ward, Wakiso",0.375733,32.52758,2026-08-01 14:00:00,-0.67925805,14.955311,0.0,34.909126,Moderate
aq_58,"Nansana east ward, Wakiso",0.375733,32.52758,2026-08-01 15:00:00,-0.6877496,14.714458,0.0,34.668274,Moderate
aq_58,"Nansana east ward, Wakiso",0.375733,32.52758,2026-08-01 16:00:00,-0.6538046,15.677263,0.0,35.63108,Moderate
aq_58,"Nansana east ward, Wakiso",0.375733,32.52758,2026-08-01 17:00:00,-0.6484321,15.829647,0.0,35.783463,Moderate
aq_58,"Nansana east ward, Wakiso",0.375733,32.52758,2026-08-01 18:00:00,-0.5802355,17.763952,0.0,37.717766,Moderate
aq_58,"Nansana east ward, Wakiso",0.375733,32.52758,2026-08-01 19:00:00,-0.28826582,26.045282,6.091467,45.9991,Moderate
aq_58,"Nansana east ward, Wakiso",0.375733,32.52758,2026-08-01 20:00:00,-0.1650945,29.538872,9.585056,49.492687,Moderate
aq_58,"Nansana east ward, Wakiso",0.375733,32.52758,2026-08-01 21:00:00,-0.07561879,32.076733,12.122917,52.03055,Moderate
aq_58,"Nansana east ward, Wakiso",0.375733,32.52758,2026-08-01 22:00:00,-0.15048487,29.953255,9.999439,49.90707,Moderate
aq_58,"Nansana east ward, Wakiso",0.375733,32.52758,2026-08-01 23:00:00,-0.17677672,29.207521,9.253706,49.16134,Moderate
aq_59,"Kyaliwajala, Kira Municipality",0.38,32.65,2026-08-01 00:00:00,-0.08895524,31.698462,11.744646,51.652275,Moderate
aq_59,"Kyaliwajala, Kira Municipality",0.38,32.65,2026-08-01 01:00:00,-0.19022807,28.825993,8.872177,48.779808,Moderate
aq_59,"Kyaliwajala, Kira Municipality",0.38,32.65,2026-08-01 02:00:00,-0.24160749,27.368683,7.4148674,47.3225,Moderate
aq_59,"Kyaliwajala, Kira Municipality",0.38,32.65,2026-08-01 03:00:00,-0.20861381,28.304504,8.350689,48.25832,Moderate
aq_59,"Kyaliwajala, Kira Municipality",0.38,32.65,2026-08-01 04:00:00,-0.15616749,29.792076,9.838261,49.74589,Moderate
aq_59,"Kyaliwajala, Kira Municipality",0.38,32.65,2026-08-01 05:00:00,-0.11790206,30.877422,10.923607,50.831238,Moderate
aq_59,"Kyaliwajala, Kira Municipality",0.38,32.65,2026-08-01 06:00:00,-0.0060297516,34.050533,14.096718,54.00435,Moderate
aq_59,"Kyaliwajala, Kira Municipality",0.38,32.65,2026-08-01 07:00:00,0.25659734,41.4996,21.545784,61.453415,Unhealthy for Sensitive Groups
aq_59,"Kyaliwajala, Kira Municipality",0.38,32.65,2026-08-01 08:00:00,0.29745743,42.65854,22.704723,62.612354,Unhealthy for Sensitive Groups
aq_59,"Kyaliwajala, Kira Municipality",0.38,32.65,2026-08-01 09:00:00,-0.026419494,33.472202,13.518387,53.426018,Moderate
aq_59,"Kyaliwajala, Kira Municipality",0.38,32.65,2026-08-01 10:00:00,-0.2934293,25.898827,5.945011,45.852642,Moderate
aq_59,"Kyaliwajala, Kira Municipality",0.38,32.65,2026-08-01 11:00:00,-0.42214704,22.247921,2.2941055,42.201736,Moderate
aq_59,"Kyaliwajala, Kira Municipality",0.38,32.65,2026-08-01 12:00:00,-0.47435907,20.766996,0.8131809,40.72081,Moderate
aq_59,"Kyaliwajala, Kira Municipality",0.38,32.65,2026-08-01 13:00:00,-0.4753885,20.737797,0.7839813,40.691612,Moderate
aq_59,"Kyaliwajala, Kira Municipality",0.38,32.65,2026-08-01 14:00:00,-0.48707834,20.40623,0.45241547,40.360046,Moderate
aq_59,"Kyaliwajala, Kira Municipality",0.38,32.65,2026-08-01 15:00:00,-0.4748285,20.753681,0.7998657,40.707497,Moderate
aq_59,"Kyaliwajala, Kira Municipality",0.38,32.65,2026-08-01 16:00:00,-0.48588347,20.44012,0.48630524,40.393936,Moderate
aq_59,"Kyaliwajala, Kira Municipality",0.38,32.65,2026-08-01 17:00:00,-0.4753355,20.7393,0.7854843,40.693115,Moderate
aq_59,"Kyaliwajala, Kira Municipality",0.38,32.65,2026-08-01 18:00:00,-0.30767637,25.494728,5.5409126,45.448544,Moderate
aq_59,"Kyaliwajala, Kira Municipality",0.38,32.65,2026-08-01 19:00:00,-0.0697108,32.244305,12.290489,52.19812,Moderate
aq_59,"Kyaliwajala, Kira Municipality",0.38,32.65,2026-08-01 20:00:00,-0.0077240574,34.002476,14.04866,53.95629,Moderate
aq_59,"Kyaliwajala, Kira Municipality",0.38,32.65,2026-08-01 21:00:00,0.27779213,42.10076,22.146946,62.054577,Unhealthy for Sensitive Groups
aq_59,"Kyaliwajala, Kira Municipality",0.38,32.65,2026-08-01 22:00:00,0.3012598,42.766388,22.812572,62.720203,Unhealthy for Sensitive Groups
aq_59,"Kyaliwajala, Kira Municipality",0.38,32.65,2026-08-01 23:00:00,0.3687527,44.680737,24.726921,64.63455,Unhealthy for Sensitive Groups
aq_60,"Butabika, Nakawa",0.30778,32.651449,2026-08-01 00:00:00,-0.15053259,29.951902,9.998087,49.905716,Moderate
aq_60,"Butabika, Nakawa",0.30778,32.651449,2026-08-01 01:00:00,-0.39795363,22.934135,2.98032,42.88795,Moderate
aq_60,"Butabika, Nakawa",0.30778,32.651449,2026-08-01 02:00:00,-0.46839154,20.936256,0.98244095,40.89007,Moderate
aq_60,"Butabika, Nakawa",0.30778,32.651449,2026-08-01 03:00:00,-0.42156756,22.264357,2.3105412,42.21817,Moderate
aq_60,"Butabika, Nakawa",0.30778,32.651449,2026-08-01 04:00:00,-0.41643417,22.409958,2.4561424,42.363773,Moderate
aq_60,"Butabika, Nakawa",0.30778,32.651449,2026-08-01 05:00:00,-0.4470334,21.542053,1.5882378,41.49587,Moderate
aq_60,"Butabika, Nakawa",0.30778,32.651449,2026-08-01 06:00:00,-0.32360712,25.042873,5.089058,44.99669,Moderate
aq_60,"Butabika, Nakawa",0.30778,32.651449,2026-08-01 07:00:00,-0.21285765,28.184135,8.23032,48.13795,Moderate
aq_60,"Butabika, Nakawa",0.30778,32.651449,2026-08-01 08:00:00,-0.21675009,28.07373,8.119915,48.027546,Moderate
aq_60,"Butabika, Nakawa",0.30778,32.651449,2026-08-01 09:00:00,-0.05017068,32.798534,12.844719,52.75235,Moderate
aq_60,"Butabika, Nakawa",0.30778,32.651449,2026-08-01 10:00:00,-0.28838888,26.041792,6.0879765,45.995605,Moderate
aq_60,"Butabika, Nakawa",0.30778,32.651449,2026-08-01 11:00:00,-0.6322351,16.289053,0.0,36.242867,Moderate
aq_60,"Butabika, Nakawa",0.30778,32.651449,2026-08-01 12:00:00,-0.6675161,15.288355,0.0,35.242172,Moderate
aq_60,"Butabika, Nakawa",0.30778,32.651449,2026-08-01 13:00:00,-0.6564786,15.601419,0.0,35.555237,Moderate
aq_60,"Butabika, Nakawa",0.30778,32.651449,2026-08-01 14:00:00,-0.6286793,16.38991,0.0,36.343727,Moderate
aq_60,"Butabika, Nakawa",0.30778,32.651449,2026-08-01 15:00:00,-0.60069996,17.183506,0.0,37.13732,Moderate
aq_60,"Butabika, Nakawa",0.30778,32.651449,2026-08-01 16:00:00,-0.26324335,26.755013,6.801197,46.708828,Moderate
aq_60,"Butabika, Nakawa",0.30778,32.651449,2026-08-01 17:00:00,-0.37421116,23.607557,3.6537418,43.56137,Moderate
aq_60,"Butabika, Nakawa",0.30778,32.651449,2026-08-01 18:00:00,-0.31989858,25.148062,5.1942463,45.101875,Moderate
aq_60,"Butabika, Nakawa",0.30778,32.651449,2026-08-01 19:00:00,-0.15431274,29.844683,9.890867,49.7985,Moderate
aq_60,"Butabika, Nakawa",0.30778,32.651449,2026-08-01 20:00:00,-0.103806295,31.277231,11.323416,51.23105,Moderate
aq_60,"Butabika, Nakawa",0.30778,32.651449,2026-08-01 21:00:00,-0.091578335,31.62406,11.670244,51.577873,Moderate
aq_60,"Butabika, Nakawa",0.30778,32.651449,2026-08-01 22:00:00,-0.10506973,31.241396,11.2875805,51.195213,Moderate
aq_60,"Butabika, Nakawa",0.30778,32.651449,2026-08-01 23:00:00,-0.07199472,32.179523,12.225708,52.13334,Moderate
aq_62,"Makerere University_01, Kawempe",0.3323,32.5698,2026-08-01 00:00:00,0.0037325518,34.327427,14.373611,54.281242,Moderate
aq_62,"Makerere University_01, Kawempe",0.3323,32.5698,2026-08-01 01:00:00,-0.08110708,31.921064,11.967249,51.874878,Moderate
aq_62,"Makerere University_01, Kawempe",0.3323,32.5698,2026-08-01 02:00:00,-0.1817989,29.065075,9.111259,49.01889,Moderate
aq_62,"Makerere University_01, Kawempe",0.3323,32.5698,2026-08-01 03:00:00,-0.12526198,30.668669,10.714853,50.622482,Moderate
aq_62,"Makerere University_01, Kawempe",0.3323,32.5698,2026-08-01 04:00:00,0.04653267,35.541393,15.587578,55.49521,Unhealthy for Sensitive Groups
aq_62,"Makerere University_01, Kawempe",0.3323,32.5698,2026-08-01 05:00:00,0.13120961,37.943142,17.989326,57.896957,Unhealthy for Sensitive Groups
aq_62,"Makerere University_01, Kawempe",0.3323,32.5698,2026-08-01 06:00:00,0.33045343,43.59443,23.640614,63.548244,Unhealthy for Sensitive Groups
aq_62,"Makerere University_01, Kawempe",0.3323,32.5698,2026-08-01 07:00:00,0.47105852,47.582504,27.628689,67.536316,Unhealthy for Sensitive Groups
aq_62,"Makerere University_01, Kawempe",0.3323,32.5698,2026-08-01 08:00:00,0.53237104,49.321552,29.367737,69.27537,Unhealthy for Sensitive Groups
aq_62,"Makerere University_01, Kawempe",0.3323,32.5698,2026-08-01 09:00:00,0.08638637,36.67179,16.717976,56.625607,Unhealthy for Sensitive Groups
aq_62,"Makerere University_01, Kawempe",0.3323,32.5698,2026-08-01 10:00:00,-0.3208257,25.121765,5.1679497,45.07558,Moderate
aq_62,"Makerere University_01, Kawempe",0.3323,32.5698,2026-08-01 11:00:00,-0.49794477,20.098019,0.14420319,40.051834,Moderate
aq_62,"Makerere University_01, Kawempe",0.3323,32.5698,2026-08-01 12:00:00,-0.5953868,17.334206,0.0,37.28802,Moderate
aq_62,"Makerere University_01, Kawempe",0.3323,32.5698,2026-08-01 13:00:00,-0.4667984,20.981445,1.0276299,40.93526,Moderate
aq_62,"Makerere University_01, Kawempe",0.3323,32.5698,2026-08-01 14:00:00,-0.5118617,19.703285,0.0,39.6571,Moderate
aq_62,"Makerere University_01, Kawempe",0.3323,32.5698,2026-08-01 15:00:00,-0.50386304,19.930157,0.0,39.883972,Moderate
aq_62,"Makerere University_01, Kawempe",0.3323,32.5698,2026-08-01 16:00:00,-0.4310605,21.995102,2.0412865,41.948917,Moderate
aq_62,"Makerere University_01, Kawempe",0.3323,32.5698,2026-08-01 17:00:00,-0.37576526,23.563477,3.609661,43.517292,Moderate
aq_62,"Makerere University_01, Kawempe",0.3323,32.5698,2026-08-01 18:00:00,-0.15267937,29.89101,9.937195,49.844826,Moderate
aq_62,"Makerere University_01, Kawempe",0.3323,32.5698,2026-08-01 19:00:00,0.016240727,34.682205,14.72839,54.63602,Moderate
aq_62,"Makerere University_01, Kawempe",0.3323,32.5698,2026-08-01 20:00:00,0.058236398,35.873356,15.91954,55.82717,Unhealthy for Sensitive Groups
aq_62,"Makerere University_01, Kawempe",0.3323,32.5698,2026-08-01 21:00:00,0.17657354,39.22983,19.276016,59.183647,Unhealthy for Sensitive Groups
aq_62,"Makerere University_01, Kawempe",0.3323,32.5698,2026-08-01 22:00:00,0.19668446,39.80025,19.846436,59.754066,Unhealthy for Sensitive Groups
aq_62,"Makerere University_01, Kawempe",0.3323,32.5698,2026-08-01 23:00:00,0.20191428,39.948586,19.99477,59.9024,Unhealthy for Sensitive Groups
aq_66,"Nakasero II, Kampala 66",0.322308611,32.57575189,2026-08-01 00:00:00,-0.13526647,30.384905,10.431089,50.338722,Moderate
aq_66,"Nakasero II, Kampala 66",0.322308611,32.57575189,2026-08-01 01:00:00,-0.14188711,30.197119,10.243303,50.150932,Moderate
aq_66,"Nakasero II, Kampala 66",0.322308611,32.57575189,2026-08-01 02:00:00,-0.22083426,27.95789,8.004074,47.911705,Moderate
aq_66,"Nakasero II, Kampala 66",0.322308611,32.57575189,2026-08-01 03:00:00,-0.21664913,28.076595,8.12278,48.03041,Moderate
aq_66,"Nakasero II, Kampala 66",0.322308611,32.57575189,2026-08-01 04:00:00,-0.1439845,30.13763,10.183815,50.091446,Moderate
aq_66,"Nakasero II, Kampala 66",0.322308611,32.57575189,2026-08-01 05:00:00,-0.12503308,30.675161,10.721346,50.628975,Moderate
aq_66,"Nakasero II, Kampala 66",0.322308611,32.57575189,2026-08-01 06:00:00,-0.029405463,33.387512,13.433697,53.341328,Moderate
aq_66,"Nakasero II, Kampala 66",0.322308611,32.57575189,2026-08-01 07:00:00,0.134992,38.050426,18.096611,58.004242,Unhealthy for Sensitive Groups
aq_66,"Nakasero II, Kampala 66",0.322308611,32.57575189,2026-08-01 08:00:00,0.17789905,39.267426,19.31361,59.22124,Unhealthy for Sensitive Groups
aq_66,"Nakasero II, Kampala 66",0.322308611,32.57575189,2026-08-01 09:00:00,0.27094597,41.906578,21.952763,61.860394,Unhealthy for Sensitive Groups
aq_66,"Nakasero II, Kampala 66",0.322308611,32.57575189,2026-08-01 10:00:00,-0.28543243,26.125648,6.171833,46.079464,Moderate
aq_66,"Nakasero II, Kampala 66",0.322308611,32.57575189,2026-08-01 11:00:00,-0.63976425,16.075499,0.0,36.029312,Moderate
aq_66,"Nakasero II, Kampala 66",0.322308611,32.57575189,2026-08-01 12:00:00,-0.6671288,15.299339,0.0,35.253155,Moderate
aq_66,"Nakasero II, Kampala 66",0.322308611,32.57575189,2026-08-01 13:00:00,-0.67094857,15.190998,0.0,35.144814,Moderate
aq_66,"Nakasero II, Kampala 66",0.322308611,32.57575189,2026-08-01 14:00:00,-0.61040515,16.90823,0.0,36.862045,Moderate
aq_66,"Nakasero II, Kampala 66",0.322308611,32.57575189,2026-08-01 15:00:00,-0.5985899,17.243355,0.0,37.19717,Moderate
aq_66,"Nakasero II, Kampala 66",0.322308611,32.57575189,2026-08-01 16:00:00,-0.5171456,19.553413,0.0,39.50723,Moderate
aq_66,"Nakasero II, Kampala 66",0.322308611,32.57575189,2026-08-01 17:00:00,-0.2810767,26.249191,6.295376,46.203007,Moderate
aq_66,"Nakasero II, Kampala 66",0.322308611,32.57575189,2026-08-01 18:00:00,-0.2939902,25.88292,5.929104,45.836735,Moderate
aq_66,"Nakasero II, Kampala 66",0.322308611,32.57575189,2026-08-01 19:00:00,-0.11012576,31.097988,11.144173,51.051804,Moderate
aq_66,"Nakasero II, Kampala 66",0.322308611,32.57575189,2026-08-01 20:00:00,-0.05978792,32.525753,12.571938,52.47957,Moderate
aq_66,"Nakasero II, Kampala 66",0.322308611,32.57575189,2026-08-01 21:00:00,0.033633307,35.17552,15.221706,55.129337,Moderate
aq_66,"Nakasero II, Kampala 66",0.322308611,32.57575189,2026-08-01 22:00:00,0.02897988,35.043533,15.089718,54.99735,Moderate
aq_66,"Nakasero II, Kampala 66",0.322308611,32.57575189,2026-08-01 23:00:00,-0.026506852,33.469727,13.515911,53.423542,Moderate
aq_69,"Ntinda Junction, Kampala Uganda",0.397005,32.602325,2026-08-01 00:00:00,-0.19970918,28.557074,8.603258,48.510887,Moderate
aq_69,"Ntinda Junction, Kampala Uganda",0.397005,32.602325,2026-08-01 01:00:00,-0.30611324,25.539064,5.585249,45.49288,Moderate
aq_69,"Ntinda Junction, Kampala Uganda",0.397005,32.602325,2026-08-01 02:00:00,-0.39109424,23.128693,3.1748772,43.082508,Moderate
aq_69,"Ntinda Junction, Kampala Uganda",0.397005,32.602325,2026-08-01 03:00:00,-0.463957,21.062037,1.108221,41.015854,Moderate
aq_69,"Ntinda Junction, Kampala Uganda",0.397005,32.602325,2026-08-01 04:00:00,-0.45269206,21.381552,1.4277363,41.335365,Moderate
aq_69,"Ntinda Junction, Kampala Uganda",0.397005,32.602325,2026-08-01 05:00:00,-0.42418373,22.190153,2.2363377,42.143967,Moderate
aq_69,"Ntinda Junction, Kampala Uganda",0.397005,32.602325,2026-08-01 06:00:00,-0.3463209,24.398628,4.444813,44.352444,Moderate
aq_69,"Ntinda Junction, Kampala Uganda",0.397005,32.602325,2026-08-01 07:00:00,-0.10313787,31.29619,11.342375,51.250008,Moderate
aq_69,"Ntinda Junction, Kampala Uganda",0.397005,32.602325,2026-08-01 08:00:00,0.013528624,34.605278,14.651463,54.559093,Moderate
aq_69,"Ntinda Junction, Kampala Uganda",0.397005,32.602325,2026-08-01 09:00:00,-0.2621463,26.786129,6.8323135,46.739944,Moderate
aq_69,"Ntinda Junction, Kampala Uganda",0.397005,32.602325,2026-08-01 10:00:00,-0.61006176,16.91797,0.0,36.871788,Moderate
aq_69,"Ntinda Junction, Kampala Uganda",0.397005,32.602325,2026-08-01 11:00:00,-0.6846668,14.801897,0.0,34.755714,Moderate
aq_69,"Ntinda Junction, Kampala Uganda",0.397005,32.602325,2026-08-01 12:00:00,-0.6961441,14.47636,0.0,34.430176,Moderate
aq_69,"Ntinda Junction, Kampala Uganda",0.397005,32.602325,2026-08-01 13:00:00,-0.69270205,14.573988,0.0,34.5278,Moderate
aq_69,"Ntinda Junction, Kampala Uganda",0.397005,32.602325,2026-08-01 14:00:00,-0.6803662,14.923878,0.0,34.877693,Moderate
aq_69,"Ntinda Junction, Kampala Uganda",0.397005,32.602325,2026-08-01 15:00:00,-0.6900954,14.6479225,0.0,34.601738,Moderate
aq_69,"Ntinda Junction, Kampala Uganda",0.397005,32.602325,2026-08-01 16:00:00,-0.6451308,15.923285,0.0,35.877098,Moderate
aq_69,"Ntinda Junction, Kampala Uganda",0.397005,32.602325,2026-08-01 17:00:00,-0.61989105,16.639175,0.0,36.59299,Moderate
aq_69,"Ntinda Junction, Kampala Uganda",0.397005,32.602325,2026-08-01 18:00:00,-0.4710144,20.861862,0.9080467,40.815678,Moderate
aq_69,"Ntinda Junction, Kampala Uganda",0.397005,32.602325,2026-08-01 19:00:00,-0.23687586,27.50289,7.549074,47.456703,Moderate
aq_69,"Ntinda Junction, Kampala Uganda",0.397005,32.602325,2026-08-01 20:00:00,-0.103390194,31.289032,11.3352165,51.242847,Moderate
aq_69,"Ntinda Junction, Kampala Uganda",0.397005,32.602325,2026-08-01 21:00:00,-0.02274982,33.57629,13.622475,53.530106,Moderate
aq_69,"Ntinda Junction, Kampala Uganda",0.397005,32.602325,2026-08-01 22:00:00,0.008555836,34.464233,14.510418,54.41805,Moderate
aq_69,"Ntinda Junction, Kampala Uganda",0.397005,32.602325,2026-08-01 23:00:00,0.06979993,36.20134,16.247524,56.155155,Unhealthy for Sensitive Groups
aq_70,"Kasenge, Wakiso",0.29250801,32.508542289999994,2026-08-01 00:00:00,0.12363055,37.728172,17.774357,57.681988,Unhealthy for Sensitive Groups
aq_70,"Kasenge, Wakiso",0.29250801,32.508542289999994,2026-08-01 01:00:00,-0.036701202,33.180576,13.226761,53.13439,Moderate
aq_70,"Kasenge, Wakiso",0.29250801,32.508542289999994,2026-08-01 02:00:00,-0.0955467,31.511503,11.557688,51.465317,Moderate
aq_70,"Kasenge, Wakiso",0.29250801,32.508542289999994,2026-08-01 03:00:00,0.0017572884,34.2714,14.317585,54.225216,Moderate
aq_70,"Kasenge, Wakiso",0.29250801,32.508542289999994,2026-08-01 04:00:00,0.23308142,40.8326,20.878784,60.786415,Unhealthy for Sensitive Groups
aq_70,"Kasenge, Wakiso",0.29250801,32.508542289999994,2026-08-01 05:00:00,0.26845723,41.835987,21.882172,61.789803,Unhealthy for Sensitive Groups
aq_70,"Kasenge, Wakiso",0.29250801,32.508542289999994,2026-08-01 06:00:00,0.4497925,46.97932,27.025505,66.933136,Unhealthy for Sensitive Groups
aq_70,"Kasenge, Wakiso",0.29250801,32.508542289999994,2026-08-01 07:00:00,0.65305406,52.744564,32.79075,72.69838,Unhealthy for Sensitive Groups
aq_70,"Kasenge, Wakiso",0.29250801,32.508542289999994,2026-08-01 08:00:00,0.6746895,53.358223,33.404408,73.31204,Unhealthy for Sensitive Groups
aq_70,"Kasenge, Wakiso",0.29250801,32.508542289999994,2026-08-01 09:00:00,0.26999873,41.87971,21.925896,61.833527,Unhealthy for Sensitive Groups
aq_70,"Kasenge, Wakiso",0.29250801,32.508542289999994,2026-08-01 10:00:00,-0.045488976,32.931324,12.977509,52.88514,Moderate
aq_70,"Kasenge, Wakiso",0.29250801,32.508542289999994,2026-08-01 11:00:00,-0.20129703,28.512035,8.55822,48.46585,Moderate
aq_70,"Kasenge, Wakiso",0.29250801,32.508542289999994,2026-08-01 12:00:00,-0.3166697,25.239643,5.2858276,45.19346,Moderate
aq_70,"Kasenge, Wakiso",0.29250801,32.508542289999994,2026-08-01 13:00:00,-0.3061956,25.536728,5.5829124,45.490543,Moderate
aq_70,"Kasenge, Wakiso",0.29250801,32.508542289999994,2026-08-01 14:00:00,-0.24286407,27.333042,7.3792267,47.286858,Moderate
aq_70,"Kasenge, Wakiso",0.29250801,32.508542289999994,2026-08-01 15:00:00,-0.2271244,27.779478,7.8256626,47.73329,Moderate
aq_70,"Kasenge, Wakiso",0.29250801,32.508542289999994,2026-08-01 16:00:00,-0.10328529,31.292007,11.338192,51.245823,Moderate
aq_70,"Kasenge, Wakiso",0.29250801,32.508542289999994,2026-08-01 17:00:00,-0.13124155,30.499065,10.54525,50.45288,Moderate
aq_70,"Kasenge, Wakiso",0.29250801,32.508542289999994,2026-08-01 18:00:00,0.037279148,35.27893,15.325115,55.232746,Moderate
aq_70,"Kasenge, Wakiso",0.29250801,32.508542289999994,2026-08-01 19:00:00,0.23712978,40.947426,20.99361,60.90124,Unhealthy for Sensitive Groups
aq_70,"Kasenge, Wakiso",0.29250801,32.508542289999994,2026-08-01 20:00:00,0.31347883,43.112965,23.15915,63.06678,Unhealthy for Sensitive Groups
aq_70,"Kasenge, Wakiso",0.29250801,32.508542289999994,2026-08-01 21:00:00,0.29249072,42.517666,22.56385,62.47148,Unhealthy for Sensitive Groups
aq_70,"Kasenge, Wakiso",0.29250801,32.508542289999994,2026-08-01 22:00:00,0.33850488,43.822796,23.86898,63.77661,Unhealthy for Sensitive Groups
aq_70,"Kasenge, Wakiso",0.29250801,32.508542289999994,2026-08-01 23:00:00,0.36264575,44.50752,24.553703,64.461334,Unhealthy for Sensitive Groups
aq_71,"Mbalwa, Kira Municipality",0.36549365,32.646835,2026-08-01 00:00:00,0.14076182,38.214077,18.260262,58.167892,Unhealthy for Sensitive Groups
aq_71,"Mbalwa, Kira Municipality",0.36549365,32.646835,2026-08-01 01:00:00,0.29743096,42.65779,22.703976,62.611607,Unhealthy for Sensitive Groups
aq_71,"Mbalwa, Kira Municipality",0.36549365,32.646835,2026-08-01 02:00:00,0.21985671,40.4575,20.503685,60.411316,Unhealthy for Sensitive Groups
aq_71,"Mbalwa, Kira Municipality",0.36549365,32.646835,2026-08-01 03:00:00,0.10517653,37.20475,17.250935,57.158566,Unhealthy for Sensitive Groups
aq_71,"Mbalwa, Kira Municipality",0.36549365,32.646835,2026-08-01 04:00:00,0.055874623,35.806366,15.8525505,55.76018,Unhealthy for Sensitive Groups
aq_71,"Mbalwa, Kira Municipality",0.36549365,32.646835,2026-08-01 05:00:00,0.15480506,38.612396,18.65858,58.56621,Unhealthy for Sensitive Groups
aq_71,"Mbalwa, Kira Municipality",0.36549365,32.646835,2026-08-01 06:00:00,0.21386603,40.287582,20.333767,60.241398,Unhealthy for Sensitive Groups
aq_71,"Mbalwa, Kira Municipality",0.36549365,32.646835,2026-08-01 07:00:00,0.41601694,46.021324,26.067509,65.97514,Unhealthy for Sensitive Groups
aq_71,"Mbalwa, Kira Municipality",0.36549365,32.646835,2026-08-01 08:00:00,0.57360184,50.49101,30.537193,70.444824,Unhealthy for Sensitive Groups
aq_71,"Mbalwa, Kira Municipality",0.36549365,32.646835,2026-08-01 09:00:00,0.4401515,46.705868,26.752052,66.65968,Unhealthy for Sensitive Groups
aq_71,"Mbalwa, Kira Municipality",0.36549365,32.646835,2026-08-01 10:00:00,0.01125543,34.540802,14.586987,54.494617,Moderate
aq_71,"Mbalwa, Kira Municipality",0.36549365,32.646835,2026-08-01 11:00:00,-0.016004324,33.767616,13.813801,53.72143,Moderate
aq_71,"Mbalwa, Kira Municipality",0.36549365,32.646835,2026-08-01 12:00:00,-0.07970011,31.96097,12.007154,51.914787,Moderate
aq_71,"Mbalwa, Kira Municipality",0.36549365,32.646835,2026-08-01 13:00:00,-0.069262065,32.25703,12.303215,52.210846,Moderate
aq_71,"Mbalwa, Kira Municipality",0.36549365,32.646835,2026-08-01 14:00:00,-0.12340562,30.721321,10.767506,50.675137,Moderate
aq_71,"Mbalwa, Kira Municipality",0.36549365,32.646835,2026-08-01 15:00:00,-0.34045184,24.565096,4.6112804,44.518913,Moderate
aq_71,"Mbalwa, Kira Municipality",0.36549365,32.646835,2026-08-01 16:00:00,-0.40531483,22.725344,2.7715282,42.67916,Moderate
aq_71,"Mbalwa, Kira Municipality",0.36549365,32.646835,2026-08-01 17:00:00,-0.28106079,26.249643,6.295828,46.20346,Moderate
aq_71,"Mbalwa, Kira Municipality",0.36549365,32.646835,2026-08-01 18:00:00,-0.45666564,21.268847,1.315031,41.222664,Moderate
aq_71,"Mbalwa, Kira Municipality",0.36549365,32.646835,2026-08-01 19:00:00,0.10423817,37.178135,17.22432,57.13195,Unhealthy for Sensitive Groups
aq_71,"Mbalwa, Kira Municipality",0.36549365,32.646835,2026-08-01 20:00:00,0.11026186,37.348988,17.395172,57.302803,Unhealthy for Sensitive Groups
aq_71,"Mbalwa, Kira Municipality",0.36549365,32.646835,2026-08-01 21:00:00,0.41387218,45.960487,26.006672,65.91431,Unhealthy for Sensitive Groups
aq_71,"Mbalwa, Kira Municipality",0.36549365,32.646835,2026-08-01 22:00:00,0.5156674,48.847775,28.893959,68.80159,Unhealthy for Sensitive Groups
aq_71,"Mbalwa, Kira Municipality",0.36549365,32.646835,2026-08-01 23:00:00,0.34757653,44.0801,24.126286,64.03392,Unhealthy for Sensitive Groups
aq_72,"Luwafu, Makindye",0.2689,32.588,2026-08-01 00:00:00,-0.04503301,32.944256,12.99044,52.89807,Moderate
aq_72,"Luwafu, Makindye",0.2689,32.588,2026-08-01 01:00:00,-0.21213323,28.204681,8.250866,48.158497,Moderate
aq_72,"Luwafu, Makindye",0.2689,32.588,2026-08-01 02:00:00,-0.26247665,26.776758,6.8229427,46.730576,Moderate
aq_72,"Luwafu, Makindye",0.2689,32.588,2026-08-01 03:00:00,-0.1800248,29.115395,9.161579,49.06921,Moderate
aq_72,"Luwafu, Makindye",0.2689,32.588,2026-08-01 04:00:00,-0.15633784,29.787243,9.833427,49.74106,Moderate
aq_72,"Luwafu, Makindye",0.2689,32.588,2026-08-01 05:00:00,0.08397223,36.603317,16.649502,56.557133,Unhealthy for Sensitive Groups
aq_72,"Luwafu, Makindye",0.2689,32.588,2026-08-01 06:00:00,0.18688945,39.522427,19.568611,59.476242,Unhealthy for Sensitive Groups
aq_72,"Luwafu, Makindye",0.2689,32.588,2026-08-01 07:00:00,0.11111467,37.373177,17.419361,57.326992,Unhealthy for Sensitive Groups
aq_72,"Luwafu, Makindye",0.2689,32.588,2026-08-01 08:00:00,0.33706513,43.78196,23.828144,63.735775,Unhealthy for Sensitive Groups
aq_72,"Luwafu, Makindye",0.2689,32.588,2026-08-01 09:00:00,0.20242088,39.962955,20.00914,59.91677,Unhealthy for Sensitive Groups
aq_72,"Luwafu, Makindye",0.2689,32.588,2026-08-01 10:00:00,-0.23652868,27.512737,7.558922,47.466553,Moderate
aq_72,"Luwafu, Makindye",0.2689,32.588,2026-08-01 11:00:00,-0.5471466,18.702475,0.0,38.65629,Moderate
aq_72,"Luwafu, Makindye",0.2689,32.588,2026-08-01 12:00:00,-0.6382585,16.118208,0.0,36.07202,Moderate
aq_72,"Luwafu, Makindye",0.2689,32.588,2026-08-01 13:00:00,-0.6443855,15.944424,0.0,35.89824,Moderate
aq_72,"Luwafu, Makindye",0.2689,32.588,2026-08-01 14:00:00,-0.6425254,15.997183,0.0,35.950996,Moderate
aq_72,"Luwafu, Makindye",0.2689,32.588,2026-08-01 15:00:00,-0.59963113,17.213821,0.0,37.167637,Moderate
aq_72,"Luwafu, Makindye",0.2689,32.588,2026-08-01 16:00:00,-0.5179843,19.529625,0.0,39.48344,Moderate
aq_72,"Luwafu, Makindye",0.2689,32.588,2026-08-01 17:00:00,-0.26635656,26.66671,6.7128944,46.620525,Moderate
aq_72,"Luwafu, Makindye",0.2689,32.588,2026-08-01 18:00:00,-0.18038312,29.105232,9.151417,49.059048,Moderate
aq_72,"Luwafu, Makindye",0.2689,32.588,2026-08-01 19:00:00,-0.06544514,32.365295,12.41148,52.31911,Moderate
aq_72,"Luwafu, Makindye",0.2689,32.588,2026-08-01 20:00:00,-0.032373033,33.30334,13.349525,53.257156,Moderate
aq_72,"Luwafu, Makindye",0.2689,32.588,2026-08-01 21:00:00,-0.00013876893,34.21762,14.263805,54.171436,Moderate
aq_72,"Luwafu, Makindye",0.2689,32.588,2026-08-01 22:00:00,0.010958035,34.532368,14.578552,54.486183,Moderate
aq_72,"Luwafu, Makindye",0.2689,32.588,2026-08-01 23:00:00,0.0066401903,34.409897,14.456081,54.363712,Moderate
aq_78,"Lubanga Road, Mubende",0.55967,31.3883,2026-08-01 00:00:00,-0.34424368,24.457546,4.503731,44.41136,Moderate
aq_78,"Lubanga Road, Mubende",0.55967,31.3883,2026-08-01 01:00:00,-0.3647659,23.87546,3.9216442,43.829277,Moderate
aq_78,"Lubanga Road, Mubende",0.55967,31.3883,2026-08-01 02:00:00,-0.35341477,24.197418,4.2436028,44.151234,Moderate
aq_78,"Lubanga Road, Mubende",0.55967,31.3883,2026-08-01 03:00:00,-0.42146227,22.267344,2.313528,42.22116,Moderate
aq_78,"Lubanga Road, Mubende",0.55967,31.3883,2026-08-01 04:00:00,-0.43201384,21.968063,2.014248,41.92188,Moderate
aq_78,"Lubanga Road, Mubende",0.55967,31.3883,2026-08-01 05:00:00,-0.43175074,21.975525,2.0217094,41.92934,Moderate
aq_78,"Lubanga Road, Mubende",0.55967,31.3883,2026-08-01 06:00:00,-0.387312,23.23597,3.282154,43.189785,Moderate
aq_78,"Lubanga Road, Mubende",0.55967,31.3883,2026-08-01 07:00:00,-0.3672843,23.804028,3.850212,43.757843,Moderate
aq_78,"Lubanga Road, Mubende",0.55967,31.3883,2026-08-01 08:00:00,-0.36441967,23.88528,3.9314651,43.839096,Moderate
aq_78,"Lubanga Road, Mubende",0.55967,31.3883,2026-08-01 09:00:00,-0.5256212,19.313015,0.0,39.26683,Moderate
aq_78,"Lubanga Road, Mubende",0.55967,31.3883,2026-08-01 10:00:00,-0.49912632,20.064507,0.11069107,40.018322,Moderate
aq_78,"Lubanga Road, Mubende",0.55967,31.3883,2026-08-01 11:00:00,-0.67429173,15.096172,0.0,35.049988,Moderate
aq_78,"Lubanga Road, Mubende",0.55967,31.3883,2026-08-01 12:00:00,-0.63770527,16.1339,0.0,36.087715,Moderate
aq_78,"Lubanga Road, Mubende",0.55967,31.3883,2026-08-01 13:00:00,-0.6424991,15.997929,0.0,35.951744,Moderate
aq_78,"Lubanga Road, Mubende",0.55967,31.3883,2026-08-01 14:00:00,-0.6835365,14.833958,0.0,34.787773,Moderate
aq_78,"Lubanga Road, Mubende",0.55967,31.3883,2026-08-01 15:00:00,-0.63004905,16.351057,0.0,36.30487,Moderate
aq_78,"Lubanga Road, Mubende",0.55967,31.3883,2026-08-01 16:00:00,-0.6127723,16.84109,0.0,36.794907,Moderate
aq_78,"Lubanga Road, Mubende",0.55967,31.3883,2026-08-01 17:00:00,-0.5778888,17.830513,0.0,37.78433,Moderate
aq_78,"Lubanga Road, Mubende",0.55967,31.3883,2026-08-01 18:00:00,-0.53088474,19.163721,0.0,39.11754,Moderate
aq_78,"Lubanga Road, Mubende",0.55967,31.3883,2026-08-01 19:00:00,-0.38737792,23.2341,3.280285,43.187916,Moderate
aq_78,"Lubanga Road, Mubende",0.55967,31.3883,2026-08-01 20:00:00,-0.29447517,25.869164,5.915348,45.82298,Moderate
aq_78,"Lubanga Road, Mubende",0.55967,31.3883,2026-08-01 21:00:00,-0.28551602,26.123276,6.1694603,46.07709,Moderate
aq_78,"Lubanga Road, Mubende",0.55967,31.3883,2026-08-01 22:00:00,-0.26826054,26.612705,6.65889,46.56652,Moderate
aq_78,"Lubanga Road, Mubende",0.55967,31.3883,2026-08-01 23:00:00,-0.27362782,26.46047,6.5066547,46.414284,Moderate
aq_79,"Ntinda, Nakawa",0.354,32.615,2026-08-01 00:00:00,0.16888334,39.011707,19.057892,58.965523,Unhealthy for Sensitive Groups
aq_79,"Ntinda, Nakawa",0.354,32.615,2026-08-01 01:00:00,0.061393302,35.9629,16.009083,55.916714,Unhealthy for Sensitive Groups
aq_79,"Ntinda, Nakawa",0.354,32.615,2026-08-01 02:00:00,-0.046685934,32.897373,12.943558,52.85119,Moderate
aq_79,"Ntinda, Nakawa",0.354,32.615,2026-08-01 03:00:00,-0.0033311707,34.127075,14.17326,54.08089,Moderate
aq_79,"Ntinda, Nakawa",0.354,32.615,2026-08-01 04:00:00,0.16979164,39.03747,19.083656,58.991287,Unhealthy for Sensitive Groups
aq_79,"Ntinda, Nakawa",0.354,32.615,2026-08-01 05:00:00,0.2548963,41.45135,21.497536,61.405167,Unhealthy for Sensitive Groups
aq_79,"Ntinda, Nakawa",0.354,32.615,2026-08-01 06:00:00,0.39308864,45.37099,25.417175,65.32481,Unhealthy for Sensitive Groups
aq_79,"Ntinda, Nakawa",0.354,32.615,2026-08-01 07:00:00,0.6481212,52.60465,32.650833,72.558464,Unhealthy for Sensitive Groups
aq_79,"Ntinda, Nakawa",0.354,32.615,2026-08-01 08:00:00,0.65913665,52.91709,32.963276,72.87091,Unhealthy for Sensitive Groups
aq_79,"Ntinda, Nakawa",0.354,32.615,2026-08-01 09:00:00,0.2073192,40.10189,20.148075,60.055706,Unhealthy for Sensitive Groups
aq_79,"Ntinda, Nakawa",0.354,32.615,2026-08-01 10:00:00,-0.12956591,30.546593,10.592777,50.50041,Moderate
aq_79,"Ntinda, Nakawa",0.354,32.615,2026-08-01 11:00:00,-0.31614316,25.25458,5.300764,45.208397,Moderate
aq_79,"Ntinda, Nakawa",0.354,32.615,2026-08-01 12:00:00,-0.41411853,22.47564,2.521824,42.429455,Moderate
aq_79,"Ntinda, Nakawa",0.354,32.615,2026-08-01 13:00:00,-0.39598182,22.990063,3.0362473,42.94388,Moderate
aq_79,"Ntinda, Nakawa",0.354,32.615,2026-08-01 14:00:00,-0.3381703,24.62981,4.675995,44.583626,Moderate
aq_79,"Ntinda, Nakawa",0.354,32.615,2026-08-01 15:00:00,-0.30072814,25.691807,5.7379913,45.645622,Moderate
aq_79,"Ntinda, Nakawa",0.354,32.615,2026-08-01 16:00:00,-0.31454787,25.299828,5.346012,45.253643,Moderate
aq_79,"Ntinda, Nakawa",0.354,32.615,2026-08-01 17:00:00,-0.2700999,26.560535,6.60672,46.51435,Moderate
aq_79,"Ntinda, Nakawa",0.354,32.615,2026-08-01 18:00:00,-0.0471418,32.884445,12.93063,52.83826,Moderate
aq_79,"Ntinda, Nakawa",0.354,32.615,2026-08-01 19:00:00,0.15654068,38.661625,18.70781,58.61544,Unhealthy for Sensitive Groups
aq_79,"Ntinda, Nakawa",0.354,32.615,2026-08-01 20:00:00,0.27742872,42.090454,22.136639,62.04427,Unhealthy for Sensitive Groups
aq_79,"Ntinda, Nakawa",0.354,32.615,2026-08-01 21:00:00,0.5164184,48.869076,28.91526,68.82289,Unhealthy for Sensitive Groups
aq_79,"Ntinda, Nakawa",0.354,32.615,2026-08-01 22:00:00,0.5596076,50.09408,30.140266,70.0479,Unhealthy for Sensitive Groups
aq_79,"Ntinda, Nakawa",0.354,32.615,2026-08-01 23:00:00,0.45478666,47.12097,27.167156,67.07478,Unhealthy for Sensitive Groups
aq_82,"Kamwokya, Kira Road, Kampala, Uganda",0.338672,32.585803,2026-08-01 00:00:00,-0.2903303,25.986727,6.0329113,45.940544,Moderate
aq_82,"Kamwokya, Kira Road, Kampala, Uganda",0.338672,32.585803,2026-08-01 01:00:00,-0.35498986,24.152744,4.198929,44.10656,Moderate
aq_82,"Kamwokya, Kira Road, Kampala, Uganda",0.338672,32.585803,2026-08-01 02:00:00,-0.3964216,22.977589,3.0237732,42.931404,Moderate
aq_82,"Kamwokya, Kira Road, Kampala, Uganda",0.338672,32.585803,2026-08-01 03:00:00,-0.36429825,23.888725,3.9349098,43.84254,Moderate
aq_82,"Kamwokya, Kira Road, Kampala, Uganda",0.338672,32.585803,2026-08-01 04:00:00,-0.31821206,25.195896,5.2420807,45.14971,Moderate
aq_82,"Kamwokya, Kira Road, Kampala, Uganda",0.338672,32.585803,2026-08-01 05:00:00,-0.29408014,25.880367,5.926552,45.834183,Moderate
aq_82,"Kamwokya, Kira Road, Kampala, Uganda",0.338672,32.585803,2026-08-01 06:00:00,-0.12174771,30.768347,10.814531,50.72216,Moderate
aq_82,"Kamwokya, Kira Road, Kampala, Uganda",0.338672,32.585803,2026-08-01 07:00:00,-0.013834496,33.82916,13.875343,53.782974,Moderate
aq_82,"Kamwokya, Kira Road, Kampala, Uganda",0.338672,32.585803,2026-08-01 08:00:00,0.14432599,38.31517,18.361355,58.268986,Unhealthy for Sensitive Groups
aq_82,"Kamwokya, Kira Road, Kampala, Uganda",0.338672,32.585803,2026-08-01 09:00:00,0.18541722,39.48067,19.526855,59.434486,Unhealthy for Sensitive Groups
aq_82,"Kamwokya, Kira Road, Kampala, Uganda",0.338672,32.585803,2026-08-01 10:00:00,-0.2691209,26.588303,6.634487,46.542118,Moderate
aq_82,"Kamwokya, Kira Road, Kampala, Uganda",0.338672,32.585803,2026-08-01 11:00:00,-0.6180421,16.691618,0.0,36.64543,Moderate
aq_82,"Kamwokya, Kira Road, Kampala, Uganda",0.338672,32.585803,2026-08-01 12:00:00,-0.65540016,15.632008,0.0,35.585823,Moderate
aq_82,"Kamwokya, Kira Road, Kampala, Uganda",0.338672,32.585803,2026-08-01 13:00:00,-0.6051013,17.058668,0.0,37.01248,Moderate
aq_82,"Kamwokya, Kira Road, Kampala, Uganda",0.338672,32.585803,2026-08-01 14:00:00,-0.60016257,17.198748,0.0,37.152565,Moderate
aq_82,"Kamwokya, Kira Road, Kampala, Uganda",0.338672,32.585803,2026-08-01 15:00:00,-0.40100044,22.847715,2.8939,42.80153,Moderate
aq_82,"Kamwokya, Kira Road, Kampala, Uganda",0.338672,32.585803,2026-08-01 16:00:00,-0.35406715,24.178917,4.2251015,44.132732,Moderate
aq_82,"Kamwokya, Kira Road, Kampala, Uganda",0.338672,32.585803,2026-08-01 17:00:00,-0.34664372,24.389471,4.4356556,44.343285,Moderate
aq_82,"Kamwokya, Kira Road, Kampala, Uganda",0.338672,32.585803,2026-08-01 18:00:00,-0.33061197,24.84419,4.890375,44.798004,Moderate
aq_82,"Kamwokya, Kira Road, Kampala, Uganda",0.338672,32.585803,2026-08-01 19:00:00,-0.18600841,28.945677,8.991861,48.89949,Moderate
aq_82,"Kamwokya, Kira Road, Kampala, Uganda",0.338672,32.585803,2026-08-01 20:00:00,-0.13228652,30.469427,10.515612,50.42324,Moderate
aq_82,"Kamwokya, Kira Road, Kampala, Uganda",0.338672,32.585803,2026-08-01 21:00:00,-0.055303182,32.652958,12.699142,52.606773,Moderate
aq_82,"Kamwokya, Kira Road, Kampala, Uganda",0.338672,32.585803,2026-08-01 22:00:00,-0.118577674,30.858261,10.904446,50.812077,Moderate
aq_82,"Kamwokya, Kira Road, Kampala, Uganda",0.338672,32.585803,2026-08-01 23:00:00,-0.2653977,26.693907,6.7400913,46.64772,Moderate
aq_88,"Makerere, Kawempe",0.333465,32.568531,2026-08-01 00:00:00,-0.18398279,29.003132,9.049316,48.956947,Moderate
aq_88,"Makerere, Kawempe",0.333465,32.568531,2026-08-01 01:00:00,-0.2550654,26.986969,7.0331535,46.940784,Moderate
aq_88,"Makerere, Kawempe",0.333465,32.568531,2026-08-01 02:00:00,-0.3034565,25.61442,5.6606045,45.568237,Moderate
aq_88,"Makerere, Kawempe",0.333465,32.568531,2026-08-01 03:00:00,-0.27211675,26.50333,6.549515,46.457146,Moderate
aq_88,"Makerere, Kawempe",0.333465,32.568531,2026-08-01 04:00:00,-0.22208926,27.922293,7.9684772,47.876106,Moderate
aq_88,"Makerere, Kawempe",0.333465,32.568531,2026-08-01 05:00:00,-0.18870425,28.869213,8.915398,48.82303,Moderate
aq_88,"Makerere, Kawempe",0.333465,32.568531,2026-08-01 06:00:00,0.09272914,36.851696,16.89788,56.80551,Unhealthy for Sensitive Groups
aq_88,"Makerere, Kawempe",0.333465,32.568531,2026-08-01 07:00:00,0.14634967,38.37257,18.418755,58.326385,Unhealthy for Sensitive Groups
aq_88,"Makerere, Kawempe",0.333465,32.568531,2026-08-01 08:00:00,0.16617551,38.934906,18.98109,58.88872,Unhealthy for Sensitive Groups
aq_88,"Makerere, Kawempe",0.333465,32.568531,2026-08-01 09:00:00,-0.16892189,29.430313,9.476498,49.38413,Moderate
aq_88,"Makerere, Kawempe",0.333465,32.568531,2026-08-01 10:00:00,-0.52881455,19.222439,0.0,39.176254,Moderate
aq_88,"Makerere, Kawempe",0.333465,32.568531,2026-08-01 11:00:00,-0.5851476,17.624626,0.0,37.57844,Moderate
aq_88,"Makerere, Kawempe",0.333465,32.568531,2026-08-01 12:00:00,-0.6589242,15.532051,0.0,35.485867,Moderate
aq_88,"Makerere, Kawempe",0.333465,32.568531,2026-08-01 13:00:00,-0.63134086,16.314417,0.0,36.268234,Moderate
aq_88,"Makerere, Kawempe",0.333465,32.568531,2026-08-01 14:00:00,-0.56917185,18.077759,0.0,38.031574,Moderate
aq_88,"Makerere, Kawempe",0.333465,32.568531,2026-08-01 15:00:00,-0.57249963,17.98337,0.0,37.937187,Moderate
aq_88,"Makerere, Kawempe",0.333465,32.568531,2026-08-01 16:00:00,-0.590681,17.46768,0.0,37.421494,Moderate
aq_88,"Makerere, Kawempe",0.333465,32.568531,2026-08-01 17:00:00,-0.58748907,17.558214,0.0,37.51203,Moderate
aq_88,"Makerere, Kawempe",0.333465,32.568531,2026-08-01 18:00:00,-0.56897426,18.083363,0.0,38.037178,Moderate
aq_88,"Makerere, Kawempe",0.333465,32.568531,2026-08-01 19:00:00,-0.26257896,26.773857,6.8200417,46.727673,Moderate
aq_88,"Makerere, Kawempe",0.333465,32.568531,2026-08-01 20:00:00,-0.013644391,33.834553,13.880737,53.78837,Moderate
aq_88,"Makerere, Kawempe",0.333465,32.568531,2026-08-01 21:00:00,0.08355994,36.591625,16.63781,56.54544,Unhealthy for Sensitive Groups
aq_88,"Makerere, Kawempe",0.333465,32.568531,2026-08-01 22:00:00,0.0424339,35.42514,15.471325,55.378956,Moderate
aq_88,"Makerere, Kawempe",0.333465,32.568531,2026-08-01 23:00:00,0.09361105,36.87671,16.922894,56.830524,Unhealthy for Sensitive Groups
aq_93,"Nyendo, Masaka",-0.31907,31.75962,2026-08-01 00:00:00,-0.1995976,28.560238,8.606422,48.514053,Moderate
aq_93,"Nyendo, Masaka",-0.31907,31.75962,2026-08-01 01:00:00,-0.23747134,27.486,7.5321846,47.439816,Moderate
aq_93,"Nyendo, Masaka",-0.31907,31.75962,2026-08-01 02:00:00,-0.24106756,27.383999,7.4301834,47.337814,Moderate
aq_93,"Nyendo, Masaka",-0.31907,31.75962,2026-08-01 03:00:00,-0.25693426,26.93396,6.9801445,46.887775,Moderate
aq_93,"Nyendo, Masaka",-0.31907,31.75962,2026-08-01 04:00:00,-0.2461551,27.239697,7.285881,47.193512,Moderate
aq_93,"Nyendo, Masaka",-0.31907,31.75962,2026-08-01 05:00:00,-0.23973052,27.42192,7.4681053,47.375736,Moderate
aq_93,"Nyendo, Masaka",-0.31907,31.75962,2026-08-01 06:00:00,-0.08532022,31.801563,11.847748,51.75538,Moderate
aq_93,"Nyendo, Masaka",-0.31907,31.75962,2026-08-01 07:00:00,-0.08865981,31.70684,11.753025,51.660656,Moderate
aq_93,"Nyendo, Masaka",-0.31907,31.75962,2026-08-01 08:00:00,-0.10526087,31.235973,11.282158,51.18979,Moderate
aq_93,"Nyendo, Masaka",-0.31907,31.75962,2026-08-01 09:00:00,-0.39594054,22.991234,3.0374184,42.94505,Moderate
aq_93,"Nyendo, Masaka",-0.31907,31.75962,2026-08-01 10:00:00,-0.5075062,19.826822,0.0,39.78064,Moderate
aq_93,"Nyendo, Masaka",-0.31907,31.75962,2026-08-01 11:00:00,-0.5955925,17.328371,0.0,37.28219,Moderate
aq_93,"Nyendo, Masaka",-0.31907,31.75962,2026-08-01 12:00:00,-0.6407522,16.047478,0.0,36.001293,Moderate
aq_93,"Nyendo, Masaka",-0.31907,31.75962,2026-08-01 13:00:00,-0.64827764,15.834028,0.0,35.78784,Moderate
aq_93,"Nyendo, Masaka",-0.31907,31.75962,2026-08-01 14:00:00,-0.6395397,16.081867,0.0,36.035683,Moderate
aq_93,"Nyendo, Masaka",-0.31907,31.75962,2026-08-01 15:00:00,-0.6507812,15.763018,0.0,35.716835,Moderate
aq_93,"Nyendo, Masaka",-0.31907,31.75962,2026-08-01 16:00:00,-0.6197607,16.642874,0.0,36.596687,Moderate
aq_93,"Nyendo, Masaka",-0.31907,31.75962,2026-08-01 17:00:00,-0.63595384,16.183577,0.0,36.13739,Moderate
aq_93,"Nyendo, Masaka",-0.31907,31.75962,2026-08-01 18:00:00,-0.5782005,17.821672,0.0,37.77549,Moderate
aq_93,"Nyendo, Masaka",-0.31907,31.75962,2026-08-01 19:00:00,-0.3414917,24.535603,4.581787,44.489418,Moderate
aq_93,"Nyendo, Masaka",-0.31907,31.75962,2026-08-01 20:00:00,-0.23237646,27.63051,7.676695,47.584328,Moderate
aq_93,"Nyendo, Masaka",-0.31907,31.75962,2026-08-01 21:00:00,-0.15301256,29.881561,9.927746,49.835377,Moderate
aq_93,"Nyendo, Masaka",-0.31907,31.75962,2026-08-01 22:00:00,-0.1446743,30.118065,10.164249,50.07188,Moderate
aq_93,"Nyendo, Masaka",-0.31907,31.75962,2026-08-01 23:00:00,-0.12642987,30.635544,10.681728,50.58936,Moderate
aq_g4_95,"YMCA, Jinja",0.44464,33.2012,2026-08-01 00:00:00,-0.14015546,30.246235,10.292419,50.20005,Moderate
aq_g4_95,"YMCA, Jinja",0.44464,33.2012,2026-08-01 01:00:00,-0.18871376,28.868944,8.915129,48.82276,Moderate
aq_g4_95,"YMCA, Jinja",0.44464,33.2012,2026-08-01 02:00:00,-0.18999973,28.83247,8.8786545,48.786285,Moderate
aq_g4_95,"YMCA, Jinja",0.44464,33.2012,2026-08-01 03:00:00,-0.3192909,25.165298,5.211483,45.119114,Moderate
aq_g4_95,"YMCA, Jinja",0.44464,33.2012,2026-08-01 04:00:00,-0.32817522,24.913307,4.9594917,44.867123,Moderate
aq_g4_95,"YMCA, Jinja",0.44464,33.2012,2026-08-01 05:00:00,-0.35940275,24.027578,4.073763,43.98139,Moderate
aq_g4_95,"YMCA, Jinja",0.44464,33.2012,2026-08-01 06:00:00,-0.39972034,22.884024,2.9302082,42.837837,Moderate
aq_g4_95,"YMCA, Jinja",0.44464,33.2012,2026-08-01 07:00:00,-0.26742733,26.63634,6.6825237,46.590157,Moderate
aq_g4_95,"YMCA, Jinja",0.44464,33.2012,2026-08-01 08:00:00,-0.29744646,25.784885,5.83107,45.7387,Moderate
aq_g4_95,"YMCA, Jinja",0.44464,33.2012,2026-08-01 09:00:00,-0.44538066,21.58893,1.6351147,41.542747,Moderate
aq_g4_95,"YMCA, Jinja",0.44464,33.2012,2026-08-01 10:00:00,-0.2781189,26.333086,6.3792706,46.286903,Moderate
aq_g4_95,"YMCA, Jinja",0.44464,33.2012,2026-08-01 11:00:00,-0.60825634,16.96918,0.0,36.922997,Moderate
aq_g4_95,"YMCA, Jinja",0.44464,33.2012,2026-08-01 12:00:00,-0.7074779,14.15489,0.0,34.108704,Moderate
aq_g4_95,"YMCA, Jinja",0.44464,33.2012,2026-08-01 13:00:00,-0.6866796,14.744808,0.0,34.698624,Moderate
aq_g4_95,"YMCA, Jinja",0.44464,33.2012,2026-08-01 14:00:00,-0.6766236,15.030033,0.0,34.98385,Moderate
aq_g4_95,"YMCA, Jinja",0.44464,33.2012,2026-08-01 15:00:00,-0.6420965,16.009348,0.0,35.963165,Moderate
aq_g4_95,"YMCA, Jinja",0.44464,33.2012,2026-08-01 16:00:00,-0.56028634,18.329784,0.0,38.2836,Moderate
aq_g4_95,"YMCA, Jinja",0.44464,33.2012,2026-08-01 17:00:00,-0.5740893,17.938282,0.0,37.892097,Moderate
aq_g4_95,"YMCA, Jinja",0.44464,33.2012,2026-08-01 18:00:00,-0.51392543,19.644749,0.0,39.598564,Moderate
aq_g4_95,"YMCA, Jinja",0.44464,33.2012,2026-08-01 19:00:00,-0.41231802,22.526707,2.5728912,42.480522,Moderate
aq_g4_95,"YMCA, Jinja",0.44464,33.2012,2026-08-01 20:00:00,-0.20537828,28.396276,8.442461,48.35009,Moderate
aq_g4_95,"YMCA, Jinja",0.44464,33.2012,2026-08-01 21:00:00,-0.15543313,29.812904,9.859089,49.76672,Moderate
aq_g4_95,"YMCA, Jinja",0.44464,33.2012,2026-08-01 22:00:00,-0.099310294,31.404755,11.450939,51.35857,Moderate
aq_g4_95,"YMCA, Jinja",0.44464,33.2012,2026-08-01 23:00:00,-0.029323353,33.38984,13.436024,53.343655,Moderate
aq_g4_99,"Rubaga Ward, Jinja City",0.44296,33.2152,2026-08-01 00:00:00,-0.21399067,28.151999,8.198183,48.105812,Moderate
aq_g4_99,"Rubaga Ward, Jinja City",0.44296,33.2152,2026-08-01 01:00:00,-0.34340823,24.481243,4.5274277,44.43506,Moderate
aq_g4_99,"Rubaga Ward, Jinja City",0.44296,33.2152,2026-08-01 02:00:00,-0.3598556,24.014734,4.060919,43.96855,Moderate
aq_g4_99,"Rubaga Ward, Jinja City",0.44296,33.2152,2026-08-01 03:00:00,-0.3627034,23.93396,3.9801445,43.887775,Moderate
aq_g4_99,"Rubaga Ward, Jinja City",0.44296,33.2152,2026-08-01 04:00:00,-0.3155159,25.27237,5.318554,45.226185,Moderate
aq_g4_99,"Rubaga Ward, Jinja City",0.44296,33.2152,2026-08-01 05:00:00,-0.29403323,25.881699,5.927883,45.835514,Moderate
aq_g4_99,"Rubaga Ward, Jinja City",0.44296,33.2152,2026-08-01 06:00:00,-0.22653829,27.7961,7.842285,47.749916,Moderate
aq_g4_99,"Rubaga Ward, Jinja City",0.44296,33.2152,2026-08-01 07:00:00,-0.13101768,30.505417,10.551601,50.459232,Moderate
aq_g4_99,"Rubaga Ward, Jinja City",0.44296,33.2152,2026-08-01 08:00:00,-0.097911045,31.44444,11.490625,51.398254,Moderate
aq_g4_99,"Rubaga Ward, Jinja City",0.44296,33.2152,2026-08-01 09:00:00,-0.25293687,27.04734,7.093525,47.001156,Moderate
aq_g4_99,"Rubaga Ward, Jinja City",0.44296,33.2152,2026-08-01 10:00:00,-0.48576525,20.443474,0.48965836,40.39729,Moderate
aq_g4_99,"Rubaga Ward, Jinja City",0.44296,33.2152,2026-08-01 11:00:00,-0.5423835,18.837574,0.0,38.79139,Moderate
aq_g4_99,"Rubaga Ward, Jinja City",0.44296,33.2152,2026-08-01 12:00:00,-0.42500007,22.166998,2.2131824,42.12081,Moderate
aq_g4_99,"Rubaga Ward, Jinja City",0.44296,33.2152,2026-08-01 13:00:00,-0.40921584,22.614697,2.660881,42.568512,Moderate
aq_g4_99,"Rubaga Ward, Jinja City",0.44296,33.2152,2026-08-01 14:00:00,-0.43438938,21.900682,1.946867,41.8545,Moderate
aq_g4_99,"Rubaga Ward, Jinja City",0.44296,33.2152,2026-08-01 15:00:00,-0.43084857,22.001114,2.0472984,41.95493,Moderate
aq_g4_99,"Rubaga Ward, Jinja City",0.44296,33.2152,2026-08-01 16:00:00,-0.42935354,22.043518,2.0897026,41.997334,Moderate
aq_g4_99,"Rubaga Ward, Jinja City",0.44296,33.2152,2026-08-01 17:00:00,-0.51029295,19.74778,0.0,39.701595,Moderate
aq_g4_99,"Rubaga Ward, Jinja City",0.44296,33.2152,2026-08-01 18:00:00,-0.39482456,23.022886,3.0690708,42.9767,Moderate
aq_g4_99,"Rubaga Ward, Jinja City",0.44296,33.2152,2026-08-01 19:00:00,-0.18877402,28.867235,8.91342,48.821053,Moderate
aq_g4_99,"Rubaga Ward, Jinja City",0.44296,33.2152,2026-08-01 20:00:00,-0.1350046,30.392332,10.438517,50.346146,Moderate
aq_g4_99,"Rubaga Ward, Jinja City",0.44296,33.2152,2026-08-01 21:00:00,-0.04060889,33.06974,13.115925,53.023556,Moderate
aq_g4_99,"Rubaga Ward, Jinja City",0.44296,33.2152,2026-08-01 22:00:00,0.04385656,35.465492,15.511677,55.419308,Moderate
aq_g4_99,"Rubaga Ward, Jinja City",0.44296,33.2152,2026-08-01 23:00:00,0.041171566,35.389336,15.43552,55.34315,Moderate
aq_g501,Makerere University Weather Station 94,0.33372,32.56873,2026-08-01 00:00:00,-0.31074178,25.407782,5.453966,45.361595,Moderate
aq_g501,Makerere University Weather Station 94,0.33372,32.56873,2026-08-01 01:00:00,-0.38191247,23.38912,3.4353046,43.342934,Moderate
aq_g501,Makerere University Weather Station 94,0.33372,32.56873,2026-08-01 02:00:00,-0.39066485,23.140871,3.1870556,43.09469,Moderate
aq_g501,Makerere University Weather Station 94,0.33372,32.56873,2026-08-01 03:00:00,-0.37014505,23.722887,3.7690716,43.676704,Moderate
aq_g501,Makerere University Weather Station 94,0.33372,32.56873,2026-08-01 04:00:00,-0.34374472,24.471699,4.5178833,44.425514,Moderate
aq_g501,Makerere University Weather Station 94,0.33372,32.56873,2026-08-01 05:00:00,-0.33662075,24.67376,4.719944,44.627575,Moderate
aq_g501,Makerere University Weather Station 94,0.33372,32.56873,2026-08-01 06:00:00,-0.20251259,28.477558,8.523743,48.431374,Moderate
aq_g501,Makerere University Weather Station 94,0.33372,32.56873,2026-08-01 07:00:00,0.0032801698,34.314594,14.360779,54.26841,Moderate
aq_g501,Makerere University Weather Station 94,0.33372,32.56873,2026-08-01 08:00:00,-0.11486518,30.96356,11.009745,50.917374,Moderate
aq_g501,Makerere University Weather Station 94,0.33372,32.56873,2026-08-01 09:00:00,-0.007694211,34.003323,14.049507,53.957138,Moderate
aq_g501,Makerere University Weather Station 94,0.33372,32.56873,2026-08-01 10:00:00,-0.44195062,21.686218,1.7324028,41.640034,Moderate
aq_g501,Makerere University Weather Station 94,0.33372,32.56873,2026-08-01 11:00:00,-0.61373556,16.813768,0.0,36.767586,Moderate
aq_g501,Makerere University Weather Station 94,0.33372,32.56873,2026-08-01 12:00:00,-0.68119675,14.900322,0.0,34.854137,Moderate
aq_g501,Makerere University Weather Station 94,0.33372,32.56873,2026-08-01 13:00:00,-0.6640755,15.385942,0.0,35.33976,Moderate
aq_g501,Makerere University Weather Station 94,0.33372,32.56873,2026-08-01 14:00:00,-0.61625046,16.742435,0.0,36.69625,Moderate
aq_g501,Makerere University Weather Station 94,0.33372,32.56873,2026-08-01 15:00:00,-0.47270894,20.8138,0.85998535,40.767616,Moderate
aq_g501,Makerere University Weather Station 94,0.33372,32.56873,2026-08-01 16:00:00,-0.38687545,23.248352,3.2945366,43.202168,Moderate
aq_g501,Makerere University Weather Station 94,0.33372,32.56873,2026-08-01 17:00:00,-0.3767471,23.53563,3.5818138,43.489445,Moderate
aq_g501,Makerere University Weather Station 94,0.33372,32.56873,2026-08-01 18:00:00,-0.41119605,22.55853,2.6047153,42.512344,Moderate
aq_g501,Makerere University Weather Station 94,0.33372,32.56873,2026-08-01 19:00:00,-0.25119135,27.096851,7.143036,47.050667,Moderate
aq_g501,Makerere University Weather Station 94,0.33372,32.56873,2026-08-01 20:00:00,-0.18989453,28.835453,8.881638,48.78927,Moderate
aq_g501,Makerere University Weather Station 94,0.33372,32.56873,2026-08-01 21:00:00,-0.15939124,29.700638,9.746822,49.654453,Moderate
aq_g501,Makerere University Weather Station 94,0.33372,32.56873,2026-08-01 22:00:00,-0.19976383,28.555523,8.601707,48.50934,Moderate
aq_g501,Makerere University Weather Station 94,0.33372,32.56873,2026-08-01 23:00:00,-0.2522748,27.06612,7.1123047,47.019936,Moderate
aq_g502,"Katende Ward, Jinja",0.47067,33.2351,2026-08-01 00:00:00,0.48949808,48.10552,28.151703,68.05933,Unhealthy for Sensitive Groups
aq_g502,"Katende Ward, Jinja",0.47067,33.2351,2026-08-01 01:00:00,0.2650184,41.73845,21.784634,61.692265,Unhealthy for Sensitive Groups
aq_g502,"Katende Ward, Jinja",0.47067,33.2351,2026-08-01 02:00:00,0.19542167,39.76443,19.810616,59.718246,Unhealthy for Sensitive Groups
aq_g502,"Katende Ward, Jinja",0.47067,33.2351,2026-08-01 03:00:00,-0.42370108,22.203842,2.2500267,42.157658,Moderate
aq_g502,"Katende Ward, Jinja",0.47067,33.2351,2026-08-01 04:00:00,-0.6747929,15.081959,0.0,35.035774,Moderate
aq_g502,"Katende Ward, Jinja",0.47067,33.2351,2026-08-01 05:00:00,-0.67056257,15.201946,0.0,35.15576,Moderate
aq_g502,"Katende Ward, Jinja",0.47067,33.2351,2026-08-01 06:00:00,-0.6095376,16.932838,0.0,36.886654,Moderate
aq_g502,"Katende Ward, Jinja",0.47067,33.2351,2026-08-01 07:00:00,-0.48620448,20.431017,0.47720146,40.384834,Moderate
aq_g502,"Katende Ward, Jinja",0.47067,33.2351,2026-08-01 08:00:00,-0.5595026,18.352013,0.0,38.30583,Moderate
aq_g502,"Katende Ward, Jinja",0.47067,33.2351,2026-08-01 09:00:00,-0.3232338,25.053463,5.0996475,45.00728,Moderate
aq_g502,"Katende Ward, Jinja",0.47067,33.2351,2026-08-01 10:00:00,-0.344165,24.459778,4.5059624,44.413593,Moderate
aq_g502,"Katende Ward, Jinja",0.47067,33.2351,2026-08-01 11:00:00,-0.68917537,14.674019,0.0,34.627834,Moderate
aq_g502,"Katende Ward, Jinja",0.47067,33.2351,2026-08-01 12:00:00,-0.7032815,14.273916,0.0,34.22773,Moderate
aq_g502,"Katende Ward, Jinja",0.47067,33.2351,2026-08-01 13:00:00,-0.6740333,15.103504,0.0,35.05732,Moderate
aq_g502,"Katende Ward, Jinja",0.47067,33.2351,2026-08-01 14:00:00,-0.6971439,14.448002,0.0,34.401817,Moderate
aq_g502,"Katende Ward, Jinja",0.47067,33.2351,2026-08-01 15:00:00,-0.65328735,15.691935,0.0,35.645752,Moderate
aq_g502,"Katende Ward, Jinja",0.47067,33.2351,2026-08-01 16:00:00,-0.47898656,20.635742,0.6819267,40.589558,Moderate
aq_g502,"Katende Ward, Jinja",0.47067,33.2351,2026-08-01 17:00:00,-0.47020563,20.884804,0.9309883,40.83862,Moderate
aq_g502,"Katende Ward, Jinja",0.47067,33.2351,2026-08-01 18:00:00,-0.23208584,27.638752,7.6849365,47.592567,Moderate
aq_g502,"Katende Ward, Jinja",0.47067,33.2351,2026-08-01 19:00:00,0.097993314,37.001007,17.047192,56.954823,Unhealthy for Sensitive Groups
aq_g502,"Katende Ward, Jinja",0.47067,33.2351,2026-08-01 20:00:00,0.18829475,39.562286,19.60847,59.5161,Unhealthy for Sensitive Groups
aq_g502,"Katende Ward, Jinja",0.47067,33.2351,2026-08-01 21:00:00,0.16758054,38.974754,19.020939,58.92857,Unhealthy for Sensitive Groups
aq_g502,"Katende Ward, Jinja",0.47067,33.2351,2026-08-01 22:00:00,0.43164724,46.464653,26.510838,66.41847,Unhealthy for Sensitive Groups
aq_g502,"Katende Ward, Jinja",0.47067,33.2351,2026-08-01 23:00:00,0.5561137,49.99498,30.041164,69.94879,Unhealthy for Sensitive Groups
aq_g503,"Nakawa, KCCA Head Office",0.33181,32.60956,2026-08-01 00:00:00,-0.28201786,26.222498,6.2686825,46.176315,Moderate
aq_g503,"Nakawa, KCCA Head Office",0.33181,32.60956,2026-08-01 01:00:00,-0.37127087,23.690956,3.7371407,43.64477,Moderate
aq_g503,"Nakawa, KCCA Head Office",0.33181,32.60956,2026-08-01 02:00:00,-0.41918248,22.332006,2.378191,42.28582,Moderate
aq_g503,"Nakawa, KCCA Head Office",0.33181,32.60956,2026-08-01 03:00:00,-0.41990283,22.311575,2.3577595,42.26539,Moderate
aq_g503,"Nakawa, KCCA Head Office",0.33181,32.60956,2026-08-01 04:00:00,-0.37385175,23.617752,3.6639366,43.571568,Moderate
aq_g503,"Nakawa, KCCA Head Office",0.33181,32.60956,2026-08-01 05:00:00,-0.3536515,24.190704,4.236889,44.14452,Moderate
aq_g503,"Nakawa, KCCA Head Office",0.33181,32.60956,2026-08-01 06:00:00,-0.2622066,26.784416,6.8306007,46.73823,Moderate
aq_g503,"Nakawa, KCCA Head Office",0.33181,32.60956,2026-08-01 07:00:00,-0.16519372,29.536058,9.582243,49.489876,Moderate
aq_g503,"Nakawa, KCCA Head Office",0.33181,32.60956,2026-08-01 08:00:00,-0.18967625,28.841644,8.887829,48.79546,Moderate
aq_g503,"Nakawa, KCCA Head Office",0.33181,32.60956,2026-08-01 09:00:00,-0.0628687,32.43837,12.484554,52.392185,Moderate
aq_g503,"Nakawa, KCCA Head Office",0.33181,32.60956,2026-08-01 10:00:00,-0.24082074,27.390999,7.4371834,47.344814,Moderate
aq_g503,"Nakawa, KCCA Head Office",0.33181,32.60956,2026-08-01 11:00:00,-0.6430496,15.982315,0.0,35.93613,Moderate
aq_g503,"Nakawa, KCCA Head Office",0.33181,32.60956,2026-08-01 12:00:00,-0.64851254,15.827366,0.0,35.78118,Moderate
aq_g503,"Nakawa, KCCA Head Office",0.33181,32.60956,2026-08-01 13:00:00,-0.636331,16.172878,0.0,36.126694,Moderate
aq_g503,"Nakawa, KCCA Head Office",0.33181,32.60956,2026-08-01 14:00:00,-0.45277873,21.379093,1.4252777,41.33291,Moderate
aq_g503,"Nakawa, KCCA Head Office",0.33181,32.60956,2026-08-01 15:00:00,-0.3484469,24.338326,4.38451,44.29214,Moderate
aq_g503,"Nakawa, KCCA Head Office",0.33181,32.60956,2026-08-01 16:00:00,-0.5697665,18.06089,0.0,38.014706,Moderate
aq_g503,"Nakawa, KCCA Head Office",0.33181,32.60956,2026-08-01 17:00:00,-0.31139535,25.389244,5.4354286,45.34306,Moderate
aq_g503,"Nakawa, KCCA Head Office",0.33181,32.60956,2026-08-01 18:00:00,-0.2972418,25.790691,5.836876,45.744507,Moderate
aq_g503,"Nakawa, KCCA Head Office",0.33181,32.60956,2026-08-01 19:00:00,-0.16004999,29.681953,9.728138,49.63577,Moderate
aq_g503,"Nakawa, KCCA Head Office",0.33181,32.60956,2026-08-01 20:00:00,-0.09304253,31.582531,11.6287155,51.536346,Moderate
aq_g503,"Nakawa, KCCA Head Office",0.33181,32.60956,2026-08-01 21:00:00,0.0018636656,34.274418,14.320602,54.228233,Moderate
aq_g503,"Nakawa, KCCA Head Office",0.33181,32.60956,2026-08-01 22:00:00,-0.07151734,32.19306,12.239246,52.146877,Moderate
aq_g503,"Nakawa, KCCA Head Office",0.33181,32.60956,2026-08-01 23:00:00,-0.21901563,28.009472,8.055656,47.963287,Moderate
aq_g505,Bukasa Kira Municipality Wakiso,0.314236561,32.67571682,2026-08-01 00:00:00,-0.23595311,27.529062,7.575247,47.48288,Moderate
aq_g505,Bukasa Kira Municipality Wakiso,0.314236561,32.67571682,2026-08-01 01:00:00,-0.35694137,24.097393,4.1435776,44.05121,Moderate
aq_g505,Bukasa Kira Municipality Wakiso,0.314236561,32.67571682,2026-08-01 02:00:00,-0.29397598,25.883322,5.9295063,45.837135,Moderate
aq_g505,Bukasa Kira Municipality Wakiso,0.314236561,32.67571682,2026-08-01 03:00:00,-0.29075426,25.9747,6.0208855,45.928516,Moderate
aq_g505,Bukasa Kira Municipality Wakiso,0.314236561,32.67571682,2026-08-01 04:00:00,-0.29220694,25.933498,5.979683,45.887314,Moderate
aq_g505,Bukasa Kira Municipality Wakiso,0.314236561,32.67571682,2026-08-01 05:00:00,-0.3777474,23.507257,3.553442,43.461075,Moderate
aq_g505,Bukasa Kira Municipality Wakiso,0.314236561,32.67571682,2026-08-01 06:00:00,-0.18359824,29.014038,9.060223,48.967854,Moderate
aq_g505,Bukasa Kira Municipality Wakiso,0.314236561,32.67571682,2026-08-01 07:00:00,-0.00022950798,34.21505,14.261234,54.168865,Moderate
aq_g505,Bukasa Kira Municipality Wakiso,0.314236561,32.67571682,2026-08-01 08:00:00,-0.03092446,33.344425,13.39061,53.29824,Moderate
aq_g505,Bukasa Kira Municipality Wakiso,0.314236561,32.67571682,2026-08-01 09:00:00,-0.072084896,32.176964,12.223148,52.13078,Moderate
aq_g505,Bukasa Kira Municipality Wakiso,0.314236561,32.67571682,2026-08-01 10:00:00,-0.33655047,24.675753,4.721937,44.62957,Moderate
aq_g505,Bukasa Kira Municipality Wakiso,0.314236561,32.67571682,2026-08-01 11:00:00,-0.5690015,18.08259,0.0,38.036407,Moderate
aq_g505,Bukasa Kira Municipality Wakiso,0.314236561,32.67571682,2026-08-01 12:00:00,-0.62044275,16.623528,0.0,36.577343,Moderate
aq_g505,Bukasa Kira Municipality Wakiso,0.314236561,32.67571682,2026-08-01 13:00:00,-0.64904654,15.81222,0.0,35.766037,Moderate
aq_g505,Bukasa Kira Municipality Wakiso,0.314236561,32.67571682,2026-08-01 14:00:00,-0.6310107,16.323782,0.0,36.277596,Moderate
aq_g505,Bukasa Kira Municipality Wakiso,0.314236561,32.67571682,2026-08-01 15:00:00,-0.61003655,16.918686,0.0,36.8725,Moderate
aq_g505,Bukasa Kira Municipality Wakiso,0.314236561,32.67571682,2026-08-01 16:00:00,-0.6193511,16.654491,0.0,36.608307,Moderate
aq_g505,Bukasa Kira Municipality Wakiso,0.314236561,32.67571682,2026-08-01 17:00:00,-0.23798147,27.47153,7.5177155,47.425346,Moderate
aq_g505,Bukasa Kira Municipality Wakiso,0.314236561,32.67571682,2026-08-01 18:00:00,-0.4096978,22.601027,2.647211,42.55484,Moderate
aq_g505,Bukasa Kira Municipality Wakiso,0.314236561,32.67571682,2026-08-01 19:00:00,-0.25833458,26.894241,6.940426,46.848057,Moderate
aq_g505,Bukasa Kira Municipality Wakiso,0.314236561,32.67571682,2026-08-01 20:00:00,-0.19758311,28.617376,8.663561,48.57119,Moderate
aq_g505,Bukasa Kira Municipality Wakiso,0.314236561,32.67571682,2026-08-01 21:00:00,-0.05652895,32.61819,12.664375,52.572006,Moderate
aq_g505,Bukasa Kira Municipality Wakiso,0.314236561,32.67571682,2026-08-01 22:00:00,-0.049183253,32.82654,12.872726,52.780357,Moderate
aq_g505,Bukasa Kira Municipality Wakiso,0.314236561,32.67571682,2026-08-01 23:00:00,-0.054318603,32.68088,12.727066,52.634697,Moderate
aq_g507,"Lower Nsooba, Kawempe",0.34963599999999995,32.576486645,2026-08-01 00:00:00,0.04056642,35.37217,15.418354,55.325985,Moderate
aq_g507,"Lower Nsooba, Kawempe",0.34963599999999995,32.576486645,2026-08-01 01:00:00,0.048061375,35.584755,15.6309395,55.53857,Unhealthy for Sensitive Groups
aq_g507,"Lower Nsooba, Kawempe",0.34963599999999995,32.576486645,2026-08-01 02:00:00,-0.039671842,33.096317,13.142502,53.050133,Moderate
aq_g507,"Lower Nsooba, Kawempe",0.34963599999999995,32.576486645,2026-08-01 03:00:00,-0.019352397,33.672653,13.718838,53.62647,Moderate
aq_g507,"Lower Nsooba, Kawempe",0.34963599999999995,32.576486645,2026-08-01 04:00:00,0.016404767,34.686855,14.73304,54.64067,Moderate
aq_g507,"Lower Nsooba, Kawempe",0.34963599999999995,32.576486645,2026-08-01 05:00:00,0.047207993,35.56055,15.606735,55.514366,Unhealthy for Sensitive Groups
aq_g507,"Lower Nsooba, Kawempe",0.34963599999999995,32.576486645,2026-08-01 06:00:00,0.20118913,39.928017,19.974201,59.881832,Unhealthy for Sensitive Groups
aq_g507,"Lower Nsooba, Kawempe",0.34963599999999995,32.576486645,2026-08-01 07:00:00,0.59226197,51.02028,31.066463,70.97409,Unhealthy for Sensitive Groups
aq_g507,"Lower Nsooba, Kawempe",0.34963599999999995,32.576486645,2026-08-01 08:00:00,0.32543397,43.452057,23.498241,63.405872,Unhealthy for Sensitive Groups
aq_g507,"Lower Nsooba, Kawempe",0.34963599999999995,32.576486645,2026-08-01 09:00:00,0.71426266,54.480667,34.52685,74.43448,Unhealthy for Sensitive Groups
aq_g507,"Lower Nsooba, Kawempe",0.34963599999999995,32.576486645,2026-08-01 10:00:00,-0.14424561,30.130224,10.176409,50.084038,Moderate
aq_g507,"Lower Nsooba, Kawempe",0.34963599999999995,32.576486645,2026-08-01 11:00:00,-0.51942027,19.488895,0.0,39.44271,Moderate
aq_g507,"Lower Nsooba, Kawempe",0.34963599999999995,32.576486645,2026-08-01 12:00:00,-0.5380731,18.959831,0.0,38.913647,Moderate
aq_g507,"Lower Nsooba, Kawempe",0.34963599999999995,32.576486645,2026-08-01 13:00:00,-0.5188075,19.506275,0.0,39.46009,Moderate
aq_g507,"Lower Nsooba, Kawempe",0.34963599999999995,32.576486645,2026-08-01 14:00:00,-0.50849056,19.7989,0.0,39.752716,Moderate
aq_g507,"Lower Nsooba, Kawempe",0.34963599999999995,32.576486645,2026-08-01 15:00:00,-0.56695515,18.140633,0.0,38.094448,Moderate
aq_g507,"Lower Nsooba, Kawempe",0.34963599999999995,32.576486645,2026-08-01 16:00:00,-0.16031112,29.674547,9.720732,49.628365,Moderate
aq_g507,"Lower Nsooba, Kawempe",0.34963599999999995,32.576486645,2026-08-01 17:00:00,-0.19958133,28.5607,8.606884,48.514515,Moderate
aq_g507,"Lower Nsooba, Kawempe",0.34963599999999995,32.576486645,2026-08-01 18:00:00,-0.1901022,28.829563,8.875748,48.78338,Moderate
aq_g507,"Lower Nsooba, Kawempe",0.34963599999999995,32.576486645,2026-08-01 19:00:00,0.34079772,43.88783,23.934013,63.841644,Unhealthy for Sensitive Groups
aq_g507,"Lower Nsooba, Kawempe",0.34963599999999995,32.576486645,2026-08-01 20:00:00,0.41935387,46.11597,26.162155,66.069786,Unhealthy for Sensitive Groups
aq_g507,"Lower Nsooba, Kawempe",0.34963599999999995,32.576486645,2026-08-01 21:00:00,0.50747997,48.615547,28.661732,68.56937,Unhealthy for Sensitive Groups
aq_g507,"Lower Nsooba, Kawempe",0.34963599999999995,32.576486645,2026-08-01 22:00:00,0.45619625,47.160957,27.207142,67.11478,Unhealthy for Sensitive Groups
aq_g507,"Lower Nsooba, Kawempe",0.34963599999999995,32.576486645,2026-08-01 23:00:00,0.084508166,36.61852,16.664703,56.572334,Unhealthy for Sensitive Groups
aq_g508,"Bahai, Kawempe",0.36457034,32.58934054,2026-08-01 00:00:00,-0.40368047,22.7717,2.8178844,42.725517,Moderate
aq_g508,"Bahai, Kawempe",0.36457034,32.58934054,2026-08-01 01:00:00,-0.4130054,22.50721,2.5533943,42.461025,Moderate
aq_g508,"Bahai, Kawempe",0.36457034,32.58934054,2026-08-01 02:00:00,-0.4745226,20.762358,0.80854225,40.71617,Moderate
aq_g508,"Bahai, Kawempe",0.36457034,32.58934054,2026-08-01 03:00:00,-0.33161876,24.815636,4.86182,44.76945,Moderate
aq_g508,"Bahai, Kawempe",0.36457034,32.58934054,2026-08-01 04:00:00,-0.32624492,24.968056,5.0142403,44.92187,Moderate
aq_g508,"Bahai, Kawempe",0.36457034,32.58934054,2026-08-01 05:00:00,-0.32532397,24.994179,5.0403633,44.947994,Moderate
aq_g508,"Bahai, Kawempe",0.36457034,32.58934054,2026-08-01 06:00:00,-0.2680948,26.617407,6.6635914,46.57122,Moderate
aq_g508,"Bahai, Kawempe",0.36457034,32.58934054,2026-08-01 07:00:00,0.034222674,35.192238,15.238422,55.146053,Moderate
aq_g508,"Bahai, Kawempe",0.36457034,32.58934054,2026-08-01 08:00:00,0.039425585,35.339813,15.385998,55.29363,Moderate
aq_g508,"Bahai, Kawempe",0.36457034,32.58934054,2026-08-01 09:00:00,-0.16534376,29.531803,9.577988,49.48562,Moderate
aq_g508,"Bahai, Kawempe",0.36457034,32.58934054,2026-08-01 10:00:00,-0.512597,19.682426,0.0,39.636242,Moderate
aq_g508,"Bahai, Kawempe",0.36457034,32.58934054,2026-08-01 11:00:00,-0.6516826,15.73745,0.0,35.691265,Moderate
aq_g508,"Bahai, Kawempe",0.36457034,32.58934054,2026-08-01 12:00:00,-0.741189,13.198721,0.0,33.152534,Moderate
aq_g508,"Bahai, Kawempe",0.36457034,32.58934054,2026-08-01 13:00:00,-0.73914826,13.256605,0.0,33.21042,Moderate
aq_g508,"Bahai, Kawempe",0.36457034,32.58934054,2026-08-01 14:00:00,-0.7090163,14.111256,0.0,34.06507,Moderate
aq_g508,"Bahai, Kawempe",0.36457034,32.58934054,2026-08-01 15:00:00,-0.63922113,16.090904,0.0,36.04472,Moderate
aq_g508,"Bahai, Kawempe",0.36457034,32.58934054,2026-08-01 16:00:00,-0.6315469,16.308573,0.0,36.26239,Moderate
aq_g508,"Bahai, Kawempe",0.36457034,32.58934054,2026-08-01 17:00:00,-0.4790675,20.633448,0.6796322,40.587265,Moderate
aq_g508,"Bahai, Kawempe",0.36457034,32.58934054,2026-08-01 18:00:00,-0.43155444,21.981092,2.027277,41.934906,Moderate
aq_g508,"Bahai, Kawempe",0.36457034,32.58934054,2026-08-01 19:00:00,-0.31238902,25.361061,5.4072456,45.314877,Moderate
aq_g508,"Bahai, Kawempe",0.36457034,32.58934054,2026-08-01 20:00:00,-0.25541666,26.977005,7.0231895,46.93082,Moderate
aq_g508,"Bahai, Kawempe",0.36457034,32.58934054,2026-08-01 21:00:00,-0.20136958,28.50998,8.556164,48.463795,Moderate
aq_g508,"Bahai, Kawempe",0.36457034,32.58934054,2026-08-01 22:00:00,-0.21671826,28.074635,8.120819,48.02845,Moderate
aq_g508,"Bahai, Kawempe",0.36457034,32.58934054,2026-08-01 23:00:00,-0.32203087,25.087582,5.133766,45.041397,Moderate
aq_g510,"Mpererwe, Kawempe",0.3807,32.57656,2026-08-01 00:00:00,-0.20611775,28.375303,8.421488,48.329117,Moderate
aq_g510,"Mpererwe, Kawempe",0.3807,32.57656,2026-08-01 01:00:00,-0.15714957,29.76422,9.810404,49.718033,Moderate
aq_g510,"Mpererwe, Kawempe",0.3807,32.57656,2026-08-01 02:00:00,-0.2804189,26.267849,6.3140335,46.221664,Moderate
aq_g510,"Mpererwe, Kawempe",0.3807,32.57656,2026-08-01 03:00:00,-0.181952,29.060732,9.106916,49.01455,Moderate
aq_g510,"Mpererwe, Kawempe",0.3807,32.57656,2026-08-01 04:00:00,0.08593718,36.65905,16.705235,56.612865,Unhealthy for Sensitive Groups
aq_g510,"Mpererwe, Kawempe",0.3807,32.57656,2026-08-01 05:00:00,-0.024121735,33.537376,13.583561,53.49119,Moderate
aq_g510,"Mpererwe, Kawempe",0.3807,32.57656,2026-08-01 06:00:00,-0.0013860024,34.182247,14.228432,54.136063,Moderate
aq_g510,"Mpererwe, Kawempe",0.3807,32.57656,2026-08-01 07:00:00,0.16224012,38.82328,18.869465,58.777096,Unhealthy for Sensitive Groups
aq_g510,"Mpererwe, Kawempe",0.3807,32.57656,2026-08-01 08:00:00,0.50145113,48.44455,28.490734,68.39836,Unhealthy for Sensitive Groups
aq_g510,"Mpererwe, Kawempe",0.3807,32.57656,2026-08-01 09:00:00,0.47931334,47.816643,27.862827,67.77046,Unhealthy for Sensitive Groups
aq_g510,"Mpererwe, Kawempe",0.3807,32.57656,2026-08-01 10:00:00,-0.11294681,31.017973,11.0641575,50.971786,Moderate
aq_g510,"Mpererwe, Kawempe",0.3807,32.57656,2026-08-01 11:00:00,-0.29135975,25.957527,6.0037117,45.911343,Moderate
aq_g510,"Mpererwe, Kawempe",0.3807,32.57656,2026-08-01 12:00:00,-0.35838807,24.056358,4.102543,44.010174,Moderate
aq_g510,"Mpererwe, Kawempe",0.3807,32.57656,2026-08-01 13:00:00,-0.41749874,22.379765,2.425949,42.33358,Moderate
aq_g510,"Mpererwe, Kawempe",0.3807,32.57656,2026-08-01 14:00:00,-0.43158922,21.980106,2.026291,41.93392,Moderate
aq_g510,"Mpererwe, Kawempe",0.3807,32.57656,2026-08-01 15:00:00,-0.41087985,22.5675,2.6136837,42.521317,Moderate
aq_g510,"Mpererwe, Kawempe",0.3807,32.57656,2026-08-01 16:00:00,-0.40523908,22.727493,2.7736778,42.68131,Moderate
aq_g510,"Mpererwe, Kawempe",0.3807,32.57656,2026-08-01 17:00:00,-0.20338248,28.452885,8.499069,48.4067,Moderate
aq_g510,"Mpererwe, Kawempe",0.3807,32.57656,2026-08-01 18:00:00,-0.2571162,26.9288,6.974985,46.882614,Moderate
aq_g510,"Mpererwe, Kawempe",0.3807,32.57656,2026-08-01 19:00:00,-0.08466131,31.820253,11.866438,51.77407,Moderate
aq_g510,"Mpererwe, Kawempe",0.3807,32.57656,2026-08-01 20:00:00,-0.028462056,33.41427,13.460453,53.368084,Moderate
aq_g510,"Mpererwe, Kawempe",0.3807,32.57656,2026-08-01 21:00:00,0.19410945,39.72721,19.773396,59.681026,Unhealthy for Sensitive Groups
aq_g510,"Mpererwe, Kawempe",0.3807,32.57656,2026-08-01 22:00:00,0.14556497,38.350315,18.3965,58.30413,Unhealthy for Sensitive Groups
aq_g510,"Mpererwe, Kawempe",0.3807,32.57656,2026-08-01 23:00:00,-0.09531008,31.518215,11.5644,51.47203,Moderate
aq_g512,Kawempe,0.3516,32.56223,2026-08-01 00:00:00,-0.19812095,28.602121,8.648306,48.55594,Moderate
aq_g512,Kawempe,0.3516,32.56223,2026-08-01 01:00:00,-0.24062923,27.396431,7.4426155,47.350246,Moderate
aq_g512,Kawempe,0.3516,32.56223,2026-08-01 02:00:00,-0.33360806,24.75921,4.805395,44.713028,Moderate
aq_g512,Kawempe,0.3516,32.56223,2026-08-01 03:00:00,-0.2897732,26.00253,6.0487137,45.956345,Moderate
aq_g512,Kawempe,0.3516,32.56223,2026-08-01 04:00:00,-0.22518875,27.83438,7.8805637,47.788193,Moderate
aq_g512,Kawempe,0.3516,32.56223,2026-08-01 05:00:00,-0.1665576,29.497374,9.543558,49.451187,Moderate
aq_g512,Kawempe,0.3516,32.56223,2026-08-01 06:00:00,-0.047088787,32.88595,12.932133,52.839764,Moderate
aq_g512,Kawempe,0.3516,32.56223,2026-08-01 07:00:00,0.584663,50.80474,30.850925,70.75856,Unhealthy for Sensitive Groups
aq_g512,Kawempe,0.3516,32.56223,2026-08-01 08:00:00,0.4896022,48.10847,28.154655,68.06229,Unhealthy for Sensitive Groups
aq_g512,Kawempe,0.3516,32.56223,2026-08-01 09:00:00,0.35927716,44.411976,24.45816,64.36579,Unhealthy for Sensitive Groups
aq_g512,Kawempe,0.3516,32.56223,2026-08-01 10:00:00,-0.26441807,26.721691,6.7678757,46.675507,Moderate
aq_g512,Kawempe,0.3516,32.56223,2026-08-01 11:00:00,-0.58316344,17.680906,0.0,37.63472,Moderate
aq_g512,Kawempe,0.3516,32.56223,2026-08-01 12:00:00,-0.62759054,16.42079,0.0,36.374603,Moderate
aq_g512,Kawempe,0.3516,32.56223,2026-08-01 13:00:00,-0.60667694,17.013977,0.0,36.967793,Moderate
aq_g512,Kawempe,0.3516,32.56223,2026-08-01 14:00:00,-0.57312906,17.965517,0.0,37.919334,Moderate
aq_g512,Kawempe,0.3516,32.56223,2026-08-01 15:00:00,-0.42476016,22.173801,2.219986,42.127617,Moderate
aq_g512,Kawempe,0.3516,32.56223,2026-08-01 16:00:00,-0.3803559,23.43327,3.479454,43.387085,Moderate
aq_g512,Kawempe,0.3516,32.56223,2026-08-01 17:00:00,-0.38746035,23.231762,3.2779465,43.185577,Moderate
aq_g512,Kawempe,0.3516,32.56223,2026-08-01 18:00:00,-0.3070224,25.513277,5.5594616,45.467094,Moderate
aq_g512,Kawempe,0.3516,32.56223,2026-08-01 19:00:00,-0.006322312,34.042233,14.088417,53.996048,Moderate
aq_g512,Kawempe,0.3516,32.56223,2026-08-01 20:00:00,0.09737732,36.983536,17.02972,56.93735,Unhealthy for Sensitive Groups
aq_g512,Kawempe,0.3516,32.56223,2026-08-01 21:00:00,0.13095091,37.935806,17.98199,57.88962,Unhealthy for Sensitive Groups
aq_g512,Kawempe,0.3516,32.56223,2026-08-01 22:00:00,0.16466445,38.892044,18.938229,58.84586,Unhealthy for Sensitive Groups
aq_g512,Kawempe,0.3516,32.56223,2026-08-01 23:00:00,0.03764205,35.289223,15.335407,55.24304,Moderate
aq_g513,"Nsawo, Kira Municipality",0.39206,32.67292,2026-08-01 00:00:00,-0.36617488,23.835495,3.8816795,43.78931,Moderate
aq_g513,"Nsawo, Kira Municipality",0.39206,32.67292,2026-08-01 01:00:00,-0.35235956,24.227348,4.273533,44.181164,Moderate
aq_g513,"Nsawo, Kira Municipality",0.39206,32.67292,2026-08-01 02:00:00,-0.33111095,24.830036,4.8762207,44.78385,Moderate
aq_g513,"Nsawo, Kira Municipality",0.39206,32.67292,2026-08-01 03:00:00,-0.50631654,19.860565,0.0,39.81438,Moderate
aq_g513,"Nsawo, Kira Municipality",0.39206,32.67292,2026-08-01 04:00:00,-0.531079,19.15821,0.0,39.112026,Moderate
aq_g513,"Nsawo, Kira Municipality",0.39206,32.67292,2026-08-01 05:00:00,-0.4954475,20.16885,0.21503448,40.122665,Moderate
aq_g513,"Nsawo, Kira Municipality",0.39206,32.67292,2026-08-01 06:00:00,-0.44875827,21.49313,1.5393143,41.446945,Moderate
aq_g513,"Nsawo, Kira Municipality",0.39206,32.67292,2026-08-01 07:00:00,-0.20563328,28.389044,8.435228,48.342857,Moderate
aq_g513,"Nsawo, Kira Municipality",0.39206,32.67292,2026-08-01 08:00:00,-0.027337167,33.446175,13.492359,53.39999,Moderate
aq_g513,"Nsawo, Kira Municipality",0.39206,32.67292,2026-08-01 09:00:00,-0.22507086,27.837723,7.8839073,47.79154,Moderate
aq_g513,"Nsawo, Kira Municipality",0.39206,32.67292,2026-08-01 10:00:00,-0.6785083,14.976576,0.0,34.93039,Moderate
aq_g513,"Nsawo, Kira Municipality",0.39206,32.67292,2026-08-01 11:00:00,-0.7592352,12.686865,0.0,32.64068,Moderate
aq_g513,"Nsawo, Kira Municipality",0.39206,32.67292,2026-08-01 12:00:00,-0.7501348,12.944984,0.0,32.8988,Moderate
aq_g513,"Nsawo, Kira Municipality",0.39206,32.67292,2026-08-01 13:00:00,-0.77516776,12.234959,0.0,32.188774,Moderate
aq_g513,"Nsawo, Kira Municipality",0.39206,32.67292,2026-08-01 14:00:00,-0.7738328,12.272823,0.0,32.22664,Moderate
aq_g513,"Nsawo, Kira Municipality",0.39206,32.67292,2026-08-01 15:00:00,-0.71576166,13.919933,0.0,33.87375,Moderate
aq_g513,"Nsawo, Kira Municipality",0.39206,32.67292,2026-08-01 16:00:00,-0.69783986,14.428263,0.0,34.38208,Moderate
aq_g513,"Nsawo, Kira Municipality",0.39206,32.67292,2026-08-01 17:00:00,-0.6860881,14.761585,0.0,34.7154,Moderate
aq_g513,"Nsawo, Kira Municipality",0.39206,32.67292,2026-08-01 18:00:00,-0.6478545,15.846029,0.0,35.799843,Moderate
aq_g513,"Nsawo, Kira Municipality",0.39206,32.67292,2026-08-01 19:00:00,-0.55187523,18.568354,0.0,38.52217,Moderate
aq_g513,"Nsawo, Kira Municipality",0.39206,32.67292,2026-08-01 20:00:00,-0.44321224,21.650434,1.696619,41.604248,Moderate
aq_g513,"Nsawo, Kira Municipality",0.39206,32.67292,2026-08-01 21:00:00,-0.38245523,23.373726,3.4199104,43.32754,Moderate
aq_g513,"Nsawo, Kira Municipality",0.39206,32.67292,2026-08-01 22:00:00,-0.17160371,29.354248,9.400433,49.308064,Moderate
aq_g513,"Nsawo, Kira Municipality",0.39206,32.67292,2026-08-01 23:00:00,-0.18333538,29.021494,9.067678,48.97531,Moderate
aq_g514,"Kitukutwe, Kira Municipality",0.43969,32.65472,2026-08-01 00:00:00,-0.19220202,28.770004,8.816189,48.72382,Moderate
aq_g514,"Kitukutwe, Kira Municipality",0.43969,32.65472,2026-08-01 01:00:00,-0.17012912,29.396072,9.442257,49.349888,Moderate
aq_g514,"Kitukutwe, Kira Municipality",0.43969,32.65472,2026-08-01 02:00:00,-0.1579246,29.742237,9.788422,49.696053,Moderate
aq_g514,"Kitukutwe, Kira Municipality",0.43969,32.65472,2026-08-01 03:00:00,-0.51600194,19.585852,0.0,39.539665,Moderate
aq_g514,"Kitukutwe, Kira Municipality",0.43969,32.65472,2026-08-01 04:00:00,-0.49250793,20.252228,0.29841232,40.206043,Moderate
aq_g514,"Kitukutwe, Kira Municipality",0.43969,32.65472,2026-08-01 05:00:00,-0.43546402,21.870201,1.9163857,41.824017,Moderate
aq_g514,"Kitukutwe, Kira Municipality",0.43969,32.65472,2026-08-01 06:00:00,-0.41327325,22.499615,2.5457993,42.45343,Moderate
aq_g514,"Kitukutwe, Kira Municipality",0.43969,32.65472,2026-08-01 07:00:00,-0.23479612,27.561878,7.6080627,47.515694,Moderate
aq_g514,"Kitukutwe, Kira Municipality",0.43969,32.65472,2026-08-01 08:00:00,-0.18615538,28.94151,8.987694,48.895325,Moderate
aq_g514,"Kitukutwe, Kira Municipality",0.43969,32.65472,2026-08-01 09:00:00,-0.31250894,25.357658,5.403843,45.311474,Moderate
aq_g514,"Kitukutwe, Kira Municipality",0.43969,32.65472,2026-08-01 10:00:00,-0.59294224,17.403543,0.0,37.35736,Moderate
aq_g514,"Kitukutwe, Kira Municipality",0.43969,32.65472,2026-08-01 11:00:00,-0.70077026,14.345144,0.0,34.298958,Moderate
aq_g514,"Kitukutwe, Kira Municipality",0.43969,32.65472,2026-08-01 12:00:00,-0.70854765,14.12455,0.0,34.078365,Moderate
aq_g514,"Kitukutwe, Kira Municipality",0.43969,32.65472,2026-08-01 13:00:00,-0.7066963,14.177061,0.0,34.130875,Moderate
aq_g514,"Kitukutwe, Kira Municipality",0.43969,32.65472,2026-08-01 14:00:00,-0.7091914,14.106291,0.0,34.060104,Moderate
aq_g514,"Kitukutwe, Kira Municipality",0.43969,32.65472,2026-08-01 15:00:00,-0.5995339,17.21658,0.0,37.170395,Moderate
aq_g514,"Kitukutwe, Kira Municipality",0.43969,32.65472,2026-08-01 16:00:00,-0.57514703,17.90828,0.0,37.862095,Moderate
aq_g514,"Kitukutwe, Kira Municipality",0.43969,32.65472,2026-08-01 17:00:00,-0.573646,17.950855,0.0,37.90467,Moderate
aq_g514,"Kitukutwe, Kira Municipality",0.43969,32.65472,2026-08-01 18:00:00,-0.53203315,19.13115,0.0,39.084965,Moderate
aq_g514,"Kitukutwe, Kira Municipality",0.43969,32.65472,2026-08-01 19:00:00,-0.50405544,19.924698,0.0,39.878513,Moderate
aq_g514,"Kitukutwe, Kira Municipality",0.43969,32.65472,2026-08-01 20:00:00,-0.4328169,21.945286,1.9914703,41.8991,Moderate
aq_g514,"Kitukutwe, Kira Municipality",0.43969,32.65472,2026-08-01 21:00:00,-0.4012319,22.84115,2.8873348,42.794968,Moderate
aq_g514,"Kitukutwe, Kira Municipality",0.43969,32.65472,2026-08-01 22:00:00,-0.31793407,25.203781,5.2499657,45.157597,Moderate
aq_g514,"Kitukutwe, Kira Municipality",0.43969,32.65472,2026-08-01 23:00:00,-0.23755823,27.483536,7.5297203,47.43735,Moderate
aq_g515,"City Council, Jinja",0.42224,33.20749,2026-08-01 00:00:00,-0.067411445,32.30952,12.355705,52.263336,Moderate
aq_g515,"City Council, Jinja",0.42224,33.20749,2026-08-01 01:00:00,-0.18157472,29.071434,9.117619,49.02525,Moderate
aq_g515,"City Council, Jinja",0.42224,33.20749,2026-08-01 02:00:00,-0.17827518,29.16502,9.211205,49.118835,Moderate
aq_g515,"City Council, Jinja",0.42224,33.20749,2026-08-01 03:00:00,-0.26436782,26.723118,6.7693024,46.676933,Moderate
aq_g515,"City Council, Jinja",0.42224,33.20749,2026-08-01 04:00:00,-0.2194288,27.997753,8.043938,47.95157,Moderate
aq_g515,"City Council, Jinja",0.42224,33.20749,2026-08-01 05:00:00,-0.37400874,23.6133,3.6594849,43.567116,Moderate
aq_g515,"City Council, Jinja",0.42224,33.20749,2026-08-01 06:00:00,-0.4691477,20.91481,0.9609947,40.868626,Moderate
aq_g515,"City Council, Jinja",0.42224,33.20749,2026-08-01 07:00:00,-0.18803266,28.888262,8.934446,48.84208,Moderate
aq_g515,"City Council, Jinja",0.42224,33.20749,2026-08-01 08:00:00,-0.08258161,31.87924,11.925425,51.833054,Moderate
aq_g515,"City Council, Jinja",0.42224,33.20749,2026-08-01 09:00:00,-0.27984247,26.284199,6.3303833,46.238014,Moderate
aq_g515,"City Council, Jinja",0.42224,33.20749,2026-08-01 10:00:00,-0.38738173,23.233992,3.2801762,43.187805,Moderate
aq_g515,"City Council, Jinja",0.42224,33.20749,2026-08-01 11:00:00,-0.44134805,21.70331,1.7494946,41.657127,Moderate
aq_g515,"City Council, Jinja",0.42224,33.20749,2026-08-01 12:00:00,-0.6097688,16.92628,0.0,36.880096,Moderate
aq_g515,"City Council, Jinja",0.42224,33.20749,2026-08-01 13:00:00,-0.59387964,17.376955,0.0,37.330772,Moderate
aq_g515,"City Council, Jinja",0.42224,33.20749,2026-08-01 14:00:00,-0.600115,17.200096,0.0,37.15391,Moderate
aq_g515,"City Council, Jinja",0.42224,33.20749,2026-08-01 15:00:00,-0.5609415,18.3112,0.0,38.265015,Moderate
aq_g515,"City Council, Jinja",0.42224,33.20749,2026-08-01 16:00:00,-0.49889737,20.071,0.117183685,40.024815,Moderate
aq_g515,"City Council, Jinja",0.42224,33.20749,2026-08-01 17:00:00,-0.49333328,20.228817,0.27500153,40.182632,Moderate
aq_g515,"City Council, Jinja",0.42224,33.20749,2026-08-01 18:00:00,-0.3973769,22.950493,2.9966774,42.90431,Moderate
aq_g515,"City Council, Jinja",0.42224,33.20749,2026-08-01 19:00:00,-0.26728943,26.64025,6.686434,46.594063,Moderate
aq_g515,"City Council, Jinja",0.42224,33.20749,2026-08-01 20:00:00,-0.15152234,29.923828,9.970013,49.877644,Moderate
aq_g515,"City Council, Jinja",0.42224,33.20749,2026-08-01 21:00:00,-0.01935929,33.67246,13.718643,53.626274,Moderate
aq_g515,"City Council, Jinja",0.42224,33.20749,2026-08-01 22:00:00,-0.07680672,32.043037,12.089222,51.996853,Moderate
aq_g515,"City Council, Jinja",0.42224,33.20749,2026-08-01 23:00:00,0.020126447,34.792416,14.8386,54.74623,Moderate
aq_g516,"Bbuto, Kira Municipality",0.391271497,32.67740372,2026-08-01 00:00:00,-0.35718602,24.090454,4.1366386,44.04427,Moderate
aq_g516,"Bbuto, Kira Municipality",0.391271497,32.67740372,2026-08-01 01:00:00,-0.46694985,20.97715,1.0233345,40.930965,Moderate
aq_g516,"Bbuto, Kira Municipality",0.391271497,32.67740372,2026-08-01 02:00:00,-0.47014645,20.886482,0.9326668,40.840298,Moderate
aq_g516,"Bbuto, Kira Municipality",0.391271497,32.67740372,2026-08-01 03:00:00,-0.3803575,23.433224,3.4794083,43.38704,Moderate
aq_g516,"Bbuto, Kira Municipality",0.391271497,32.67740372,2026-08-01 04:00:00,-0.40179142,22.82528,2.8714638,42.779095,Moderate
aq_g516,"Bbuto, Kira Municipality",0.391271497,32.67740372,2026-08-01 05:00:00,-0.39006078,23.158005,3.2041893,43.11182,Moderate
aq_g516,"Bbuto, Kira Municipality",0.391271497,32.67740372,2026-08-01 06:00:00,-0.2919699,25.940222,5.9864063,45.894035,Moderate
aq_g516,"Bbuto, Kira Municipality",0.391271497,32.67740372,2026-08-01 07:00:00,0.19355159,39.71139,19.757576,59.665207,Unhealthy for Sensitive Groups
aq_g516,"Bbuto, Kira Municipality",0.391271497,32.67740372,2026-08-01 08:00:00,0.023084141,34.87631,14.922493,54.830124,Moderate
aq_g516,"Bbuto, Kira Municipality",0.391271497,32.67740372,2026-08-01 09:00:00,-0.22542733,27.827612,7.8737965,47.781425,Moderate
aq_g516,"Bbuto, Kira Municipality",0.391271497,32.67740372,2026-08-01 10:00:00,-0.5467123,18.714794,0.0,38.66861,Moderate
aq_g516,"Bbuto, Kira Municipality",0.391271497,32.67740372,2026-08-01 11:00:00,-0.7468746,13.037458,0.0,32.991272,Moderate
aq_g516,"Bbuto, Kira Municipality",0.391271497,32.67740372,2026-08-01 12:00:00,-0.73323363,13.424364,0.0,33.37818,Moderate
aq_g516,"Bbuto, Kira Municipality",0.391271497,32.67740372,2026-08-01 13:00:00,-0.7074784,14.154877,0.0,34.108692,Moderate
aq_g516,"Bbuto, Kira Municipality",0.391271497,32.67740372,2026-08-01 14:00:00,-0.62405175,16.521164,0.0,36.47498,Moderate
aq_g516,"Bbuto, Kira Municipality",0.391271497,32.67740372,2026-08-01 15:00:00,-0.6581226,15.554789,0.0,35.508606,Moderate
aq_g516,"Bbuto, Kira Municipality",0.391271497,32.67740372,2026-08-01 16:00:00,-0.65274125,15.707424,0.0,35.66124,Moderate
aq_g516,"Bbuto, Kira Municipality",0.391271497,32.67740372,2026-08-01 17:00:00,-0.45154426,21.414108,1.4602928,41.367924,Moderate
aq_g516,"Bbuto, Kira Municipality",0.391271497,32.67740372,2026-08-01 18:00:00,-0.4451232,21.596233,1.6424179,41.55005,Moderate
aq_g516,"Bbuto, Kira Municipality",0.391271497,32.67740372,2026-08-01 19:00:00,-0.19586164,28.666204,8.712389,48.620018,Moderate
aq_g516,"Bbuto, Kira Municipality",0.391271497,32.67740372,2026-08-01 20:00:00,-0.13213739,30.473658,10.519842,50.427475,Moderate
aq_g516,"Bbuto, Kira Municipality",0.391271497,32.67740372,2026-08-01 21:00:00,-0.03819789,33.138126,13.184311,53.09194,Moderate
aq_g516,"Bbuto, Kira Municipality",0.391271497,32.67740372,2026-08-01 22:00:00,0.13187389,37.961983,18.008167,57.9158,Unhealthy for Sensitive Groups
aq_g516,"Bbuto, Kira Municipality",0.391271497,32.67740372,2026-08-01 23:00:00,0.035106726,35.21731,15.263496,55.171127,Moderate
aq_g517,"Walukuba East, Jinja City",0.44267,33.22675,2026-08-01 00:00:00,-0.14739992,30.040756,10.086941,49.99457,Moderate
aq_g517,"Walukuba East, Jinja City",0.44267,33.22675,2026-08-01 01:00:00,-0.20807514,28.319784,8.365969,48.273598,Moderate
aq_g517,"Walukuba East, Jinja City",0.44267,33.22675,2026-08-01 02:00:00,-0.20936112,28.28331,8.329494,48.237125,Moderate
aq_g517,"Walukuba East, Jinja City",0.44267,33.22675,2026-08-01 03:00:00,-0.36796024,23.784857,3.8310413,43.73867,Moderate
aq_g517,"Walukuba East, Jinja City",0.44267,33.22675,2026-08-01 04:00:00,-0.34657222,24.391499,4.437683,44.345314,Moderate
aq_g517,"Walukuba East, Jinja City",0.44267,33.22675,2026-08-01 05:00:00,-0.46162176,21.128273,1.1744576,41.08209,Moderate
aq_g517,"Walukuba East, Jinja City",0.44267,33.22675,2026-08-01 06:00:00,-0.5007964,20.017138,0.06332207,39.970955,Moderate
aq_g517,"Walukuba East, Jinja City",0.44267,33.22675,2026-08-01 07:00:00,-0.315173,25.282097,5.3282814,45.235912,Moderate
aq_g517,"Walukuba East, Jinja City",0.44267,33.22675,2026-08-01 08:00:00,-0.34629944,24.399237,4.445421,44.35305,Moderate
aq_g517,"Walukuba East, Jinja City",0.44267,33.22675,2026-08-01 09:00:00,-0.47008765,20.88815,0.9343338,40.841965,Moderate
aq_g517,"Walukuba East, Jinja City",0.44267,33.22675,2026-08-01 10:00:00,-0.3817028,23.395067,3.4412518,43.348885,Moderate
aq_g517,"Walukuba East, Jinja City",0.44267,33.22675,2026-08-01 11:00:00,-0.624249,16.51557,0.0,36.469383,Moderate
aq_g517,"Walukuba East, Jinja City",0.44267,33.22675,2026-08-01 12:00:00,-0.71665967,13.894463,0.0,33.848278,Moderate
aq_g517,"Walukuba East, Jinja City",0.44267,33.22675,2026-08-01 13:00:00,-0.6897348,14.65815,0.0,34.611965,Moderate
aq_g517,"Walukuba East, Jinja City",0.44267,33.22675,2026-08-01 14:00:00,-0.67787373,14.994574,0.0,34.948387,Moderate
aq_g517,"Walukuba East, Jinja City",0.44267,33.22675,2026-08-01 15:00:00,-0.6416919,16.020823,0.0,35.97464,Moderate
aq_g517,"Walukuba East, Jinja City",0.44267,33.22675,2026-08-01 16:00:00,-0.53953314,18.91842,0.0,38.87224,Moderate
aq_g517,"Walukuba East, Jinja City",0.44267,33.22675,2026-08-01 17:00:00,-0.5554168,18.467901,0.0,38.421715,Moderate
aq_g517,"Walukuba East, Jinja City",0.44267,33.22675,2026-08-01 18:00:00,-0.49311367,20.235046,0.28123093,40.18886,Moderate
aq_g517,"Walukuba East, Jinja City",0.44267,33.22675,2026-08-01 19:00:00,-0.4050563,22.732677,2.778862,42.686493,Moderate
aq_g517,"Walukuba East, Jinja City",0.44267,33.22675,2026-08-01 20:00:00,-0.20627646,28.370802,8.416986,48.324615,Moderate
aq_g517,"Walukuba East, Jinja City",0.44267,33.22675,2026-08-01 21:00:00,-0.15190804,29.91289,9.959074,49.866707,Moderate
aq_g517,"Walukuba East, Jinja City",0.44267,33.22675,2026-08-01 22:00:00,-0.10101222,31.356482,11.402666,51.310295,Moderate
aq_g517,"Walukuba East, Jinja City",0.44267,33.22675,2026-08-01 23:00:00,-0.035934933,33.202312,13.248497,53.156128,Moderate
aq_g518,"Kivubuka Budondo, Jinja",0.5,33.15,2026-08-01 00:00:00,-0.39045244,23.146896,3.193081,43.10071,Moderate
aq_g518,"Kivubuka Budondo, Jinja",0.5,33.15,2026-08-01 01:00:00,-0.47264025,20.815748,0.86193275,40.76956,Moderate
aq_g518,"Kivubuka Budondo, Jinja",0.5,33.15,2026-08-01 02:00:00,-0.5045427,19.910877,0.0,39.864693,Moderate
aq_g518,"Kivubuka Budondo, Jinja",0.5,33.15,2026-08-01 03:00:00,-0.56758946,18.12264,0.0,38.076454,Moderate
aq_g518,"Kivubuka Budondo, Jinja",0.5,33.15,2026-08-01 04:00:00,-0.5669223,18.141563,0.0,38.09538,Moderate
aq_g518,"Kivubuka Budondo, Jinja",0.5,33.15,2026-08-01 05:00:00,-0.5494631,18.63677,0.0,38.590584,Moderate
aq_g518,"Kivubuka Budondo, Jinja",0.5,33.15,2026-08-01 06:00:00,-0.4814377,20.56622,0.61240387,40.520035,Moderate
aq_g518,"Kivubuka Budondo, Jinja",0.5,33.15,2026-08-01 07:00:00,-0.47794768,20.66521,0.71139526,40.619026,Moderate
aq_g518,"Kivubuka Budondo, Jinja",0.5,33.15,2026-08-01 08:00:00,-0.44493645,21.601528,1.6477127,41.555344,Moderate
aq_g518,"Kivubuka Budondo, Jinja",0.5,33.15,2026-08-01 09:00:00,-0.5761038,17.881142,0.0,37.834957,Moderate
aq_g518,"Kivubuka Budondo, Jinja",0.5,33.15,2026-08-01 10:00:00,-0.635499,16.196478,0.0,36.15029,Moderate
aq_g518,"Kivubuka Budondo, Jinja",0.5,33.15,2026-08-01 11:00:00,-0.72595906,13.630699,0.0,33.584515,Moderate
aq_g518,"Kivubuka Budondo, Jinja",0.5,33.15,2026-08-01 12:00:00,-0.7396476,13.242441,0.0,33.19626,Moderate
aq_g518,"Kivubuka Budondo, Jinja",0.5,33.15,2026-08-01 13:00:00,-0.73771375,13.297293,0.0,33.251106,Moderate
aq_g518,"Kivubuka Budondo, Jinja",0.5,33.15,2026-08-01 14:00:00,-0.74740744,13.022345,0.0,32.97616,Moderate
aq_g518,"Kivubuka Budondo, Jinja",0.5,33.15,2026-08-01 15:00:00,-0.756442,12.76609,0.0,32.719906,Moderate
aq_g518,"Kivubuka Budondo, Jinja",0.5,33.15,2026-08-01 16:00:00,-0.717652,13.866316,0.0,33.82013,Moderate
aq_g518,"Kivubuka Budondo, Jinja",0.5,33.15,2026-08-01 17:00:00,-0.69899666,14.395451,0.0,34.349266,Moderate
aq_g518,"Kivubuka Budondo, Jinja",0.5,33.15,2026-08-01 18:00:00,-0.60606986,17.031195,0.0,36.98501,Moderate
aq_g518,"Kivubuka Budondo, Jinja",0.5,33.15,2026-08-01 19:00:00,-0.45960832,21.185383,1.2315674,41.1392,Moderate
aq_g518,"Kivubuka Budondo, Jinja",0.5,33.15,2026-08-01 20:00:00,-0.40650117,22.691694,2.7378788,42.645508,Moderate
aq_g518,"Kivubuka Budondo, Jinja",0.5,33.15,2026-08-01 21:00:00,-0.36439702,23.885921,3.932106,43.839737,Moderate
aq_g518,"Kivubuka Budondo, Jinja",0.5,33.15,2026-08-01 22:00:00,-0.31680542,25.235794,5.2819786,45.18961,Moderate
aq_g518,"Kivubuka Budondo, Jinja",0.5,33.15,2026-08-01 23:00:00,-0.23454152,27.5691,7.615284,47.522915,Moderate
aq_g519,"Kyabirwa Namizzi, Jinja",0.49704,33.15706,2026-08-01 00:00:00,-0.42668465,22.119217,2.1654015,42.073032,Moderate
aq_g519,"Kyabirwa Namizzi, Jinja",0.49704,33.15706,2026-08-01 01:00:00,-0.4870384,20.407364,0.45354843,40.36118,Moderate
aq_g519,"Kyabirwa Namizzi, Jinja",0.49704,33.15706,2026-08-01 02:00:00,-0.4935656,20.222229,0.26841354,40.176044,Moderate
aq_g519,"Kyabirwa Namizzi, Jinja",0.49704,33.15706,2026-08-01 03:00:00,-0.58937407,17.50475,0.0,37.458565,Moderate
aq_g519,"Kyabirwa Namizzi, Jinja",0.49704,33.15706,2026-08-01 04:00:00,-0.6105355,16.904533,0.0,36.85835,Moderate
aq_g519,"Kyabirwa Namizzi, Jinja",0.49704,33.15706,2026-08-01 05:00:00,-0.6761754,15.042746,0.0,34.99656,Moderate
aq_g519,"Kyabirwa Namizzi, Jinja",0.49704,33.15706,2026-08-01 06:00:00,-0.7186664,13.837545,0.0,33.79136,Moderate
aq_g519,"Kyabirwa Namizzi, Jinja",0.49704,33.15706,2026-08-01 07:00:00,-0.64051414,16.05423,0.0,36.008045,Moderate
aq_g519,"Kyabirwa Namizzi, Jinja",0.49704,33.15706,2026-08-01 08:00:00,-0.6338038,16.24456,0.0,36.198376,Moderate
aq_g519,"Kyabirwa Namizzi, Jinja",0.49704,33.15706,2026-08-01 09:00:00,-0.59186304,17.434153,0.0,37.38797,Moderate
aq_g519,"Kyabirwa Namizzi, Jinja",0.49704,33.15706,2026-08-01 10:00:00,-0.5489563,18.651146,0.0,38.60496,Moderate
aq_g519,"Kyabirwa Namizzi, Jinja",0.49704,33.15706,2026-08-01 11:00:00,-0.7420877,13.173231,0.0,33.127045,Moderate
aq_g519,"Kyabirwa Namizzi, Jinja",0.49704,33.15706,2026-08-01 12:00:00,-0.757524,12.735401,0.0,32.689217,Moderate
aq_g519,"Kyabirwa Namizzi, Jinja",0.49704,33.15706,2026-08-01 13:00:00,-0.7270357,13.600161,0.0,33.553978,Moderate
aq_g519,"Kyabirwa Namizzi, Jinja",0.49704,33.15706,2026-08-01 14:00:00,-0.72024083,13.792889,0.0,33.746704,Moderate
aq_g519,"Kyabirwa Namizzi, Jinja",0.49704,33.15706,2026-08-01 15:00:00,-0.6894494,14.6662445,0.0,34.62006,Moderate
aq_g519,"Kyabirwa Namizzi, Jinja",0.49704,33.15706,2026-08-01 16:00:00,-0.611235,16.884693,0.0,36.83851,Moderate
aq_g519,"Kyabirwa Namizzi, Jinja",0.49704,33.15706,2026-08-01 17:00:00,-0.6189443,16.666029,0.0,36.619843,Moderate
aq_g519,"Kyabirwa Namizzi, Jinja",0.49704,33.15706,2026-08-01 18:00:00,-0.6814168,14.894079,0.0,34.847893,Moderate
aq_g519,"Kyabirwa Namizzi, Jinja",0.49704,33.15706,2026-08-01 19:00:00,-0.5796836,17.779606,0.0,37.73342,Moderate
aq_g519,"Kyabirwa Namizzi, Jinja",0.49704,33.15706,2026-08-01 20:00:00,-0.42632252,22.12949,2.1756744,42.083305,Moderate
aq_g519,"Kyabirwa Namizzi, Jinja",0.49704,33.15706,2026-08-01 21:00:00,-0.3469444,24.380943,4.427128,44.33476,Moderate
aq_g519,"Kyabirwa Namizzi, Jinja",0.49704,33.15706,2026-08-01 22:00:00,-0.37130472,23.689995,3.7361794,43.64381,Moderate
aq_g519,"Kyabirwa Namizzi, Jinja",0.49704,33.15706,2026-08-01 23:00:00,-0.33645204,24.678545,4.7247295,44.632362,Moderate
aq_g520,wabigalo,0.30991,32.60045,2026-08-01 00:00:00,-0.32145444,25.103931,5.150116,45.057747,Moderate
aq_g520,wabigalo,0.30991,32.60045,2026-08-01 01:00:00,-0.41304716,22.506027,2.5522118,42.459843,Moderate
aq_g520,wabigalo,0.30991,32.60045,2026-08-01 02:00:00,-0.4555228,21.301262,1.3474464,41.255077,Moderate
aq_g520,wabigalo,0.30991,32.60045,2026-08-01 03:00:00,-0.41222987,22.52921,2.5753937,42.483025,Moderate
aq_g520,wabigalo,0.30991,32.60045,2026-08-01 04:00:00,-0.3808672,23.418768,3.4649525,43.37258,Moderate
aq_g520,wabigalo,0.30991,32.60045,2026-08-01 05:00:00,0.08912093,36.749355,16.79554,56.70317,Unhealthy for Sensitive Groups
aq_g520,wabigalo,0.30991,32.60045,2026-08-01 06:00:00,0.078139536,36.43788,16.484066,56.391697,Unhealthy for Sensitive Groups
aq_g520,wabigalo,0.30991,32.60045,2026-08-01 07:00:00,-0.13868919,30.287825,10.334009,50.24164,Moderate
aq_g520,wabigalo,0.30991,32.60045,2026-08-01 08:00:00,0.19482958,39.74764,19.793823,59.701454,Unhealthy for Sensitive Groups
aq_g520,wabigalo,0.30991,32.60045,2026-08-01 09:00:00,0.19913466,39.869747,19.915932,59.823563,Unhealthy for Sensitive Groups
aq_g520,wabigalo,0.30991,32.60045,2026-08-01 10:00:00,-0.23662195,27.510092,7.5562763,47.463905,Moderate
aq_g520,wabigalo,0.30991,32.60045,2026-08-01 11:00:00,-0.62013584,16.632233,0.0,36.58605,Moderate
aq_g520,wabigalo,0.30991,32.60045,2026-08-01 12:00:00,-0.6861614,14.759506,0.0,34.71332,Moderate
aq_g520,wabigalo,0.30991,32.60045,2026-08-01 13:00:00,-0.69266707,14.574982,0.0,34.528797,Moderate
aq_g520,wabigalo,0.30991,32.60045,2026-08-01 14:00:00,-0.65933204,15.520485,0.0,35.4743,Moderate
aq_g520,wabigalo,0.30991,32.60045,2026-08-01 15:00:00,-0.6642639,15.380598,0.0,35.33441,Moderate
aq_g520,wabigalo,0.30991,32.60045,2026-08-01 16:00:00,-0.5931913,17.396479,0.0,37.350296,Moderate
aq_g520,wabigalo,0.30991,32.60045,2026-08-01 17:00:00,-0.30053565,25.697266,5.74345,45.65108,Moderate
aq_g520,wabigalo,0.30991,32.60045,2026-08-01 18:00:00,-0.3275426,24.931248,4.9774323,44.885063,Moderate
aq_g520,wabigalo,0.30991,32.60045,2026-08-01 19:00:00,-0.16886768,29.43185,9.478035,49.385666,Moderate
aq_g520,wabigalo,0.30991,32.60045,2026-08-01 20:00:00,-0.11520318,30.953974,11.000158,50.90779,Moderate
aq_g520,wabigalo,0.30991,32.60045,2026-08-01 21:00:00,0.011942083,34.56028,14.606464,54.514095,Moderate
aq_g520,wabigalo,0.30991,32.60045,2026-08-01 22:00:00,-0.08271517,31.875452,11.921637,51.82927,Moderate
aq_g520,wabigalo,0.30991,32.60045,2026-08-01 23:00:00,-0.24547644,27.258945,7.30513,47.21276,Moderate
aq_g522,"Kirinya, Kira Municipality",0.33993,32.66562,2026-08-01 00:00:00,-0.19580632,28.667772,8.713957,48.62159,Moderate
aq_g522,"Kirinya, Kira Municipality",0.33993,32.66562,2026-08-01 01:00:00,-0.22431001,27.859303,7.905487,47.813118,Moderate
aq_g522,"Kirinya, Kira Municipality",0.33993,32.66562,2026-08-01 02:00:00,-0.21410379,28.148788,8.194973,48.102604,Moderate
aq_g522,"Kirinya, Kira Municipality",0.33993,32.66562,2026-08-01 03:00:00,-0.4035451,22.77554,2.821724,42.729355,Moderate
aq_g522,"Kirinya, Kira Municipality",0.33993,32.66562,2026-08-01 04:00:00,-0.47471237,20.756975,0.8031597,40.710793,Moderate
aq_g522,"Kirinya, Kira Municipality",0.33993,32.66562,2026-08-01 05:00:00,-0.35815328,24.063019,4.1092033,44.016834,Moderate
aq_g522,"Kirinya, Kira Municipality",0.33993,32.66562,2026-08-01 06:00:00,-0.23061395,27.6805,7.7266846,47.634315,Moderate
aq_g522,"Kirinya, Kira Municipality",0.33993,32.66562,2026-08-01 07:00:00,0.05833203,35.87607,15.922253,55.829884,Unhealthy for Sensitive Groups
aq_g522,"Kirinya, Kira Municipality",0.33993,32.66562,2026-08-01 08:00:00,-0.09681746,31.47546,11.521645,51.429276,Moderate
aq_g522,"Kirinya, Kira Municipality",0.33993,32.66562,2026-08-01 09:00:00,-0.21800534,28.038128,8.084312,47.991943,Moderate
aq_g522,"Kirinya, Kira Municipality",0.33993,32.66562,2026-08-01 10:00:00,-0.58011967,17.767239,0.0,37.721054,Moderate
aq_g522,"Kirinya, Kira Municipality",0.33993,32.66562,2026-08-01 11:00:00,-0.667722,15.282515,0.0,35.23633,Moderate
aq_g522,"Kirinya, Kira Municipality",0.33993,32.66562,2026-08-01 12:00:00,-0.6779832,14.991468,0.0,34.945282,Moderate
aq_g522,"Kirinya, Kira Municipality",0.33993,32.66562,2026-08-01 13:00:00,-0.6898196,14.655746,0.0,34.609562,Moderate
aq_g522,"Kirinya, Kira Municipality",0.33993,32.66562,2026-08-01 14:00:00,-0.6834588,14.836161,0.0,34.789978,Moderate
aq_g522,"Kirinya, Kira Municipality",0.33993,32.66562,2026-08-01 15:00:00,-0.6819556,14.878798,0.0,34.83261,Moderate
aq_g522,"Kirinya, Kira Municipality",0.33993,32.66562,2026-08-01 16:00:00,-0.6675122,15.2884655,0.0,35.24228,Moderate
aq_g522,"Kirinya, Kira Municipality",0.33993,32.66562,2026-08-01 17:00:00,-0.6508834,15.76012,0.0,35.713936,Moderate
aq_g522,"Kirinya, Kira Municipality",0.33993,32.66562,2026-08-01 18:00:00,-0.6176219,16.703537,0.0,36.657352,Moderate
aq_g522,"Kirinya, Kira Municipality",0.33993,32.66562,2026-08-01 19:00:00,-0.45104855,21.428167,1.4743519,41.38198,Moderate
aq_g522,"Kirinya, Kira Municipality",0.33993,32.66562,2026-08-01 20:00:00,-0.40413213,22.758888,2.8050728,42.712704,Moderate
aq_g522,"Kirinya, Kira Municipality",0.33993,32.66562,2026-08-01 21:00:00,-0.0865741,31.765999,11.812183,51.719814,Moderate
aq_g522,"Kirinya, Kira Municipality",0.33993,32.66562,2026-08-01 22:00:00,-0.10573737,31.222458,11.268642,51.176273,Moderate
aq_g522,"Kirinya, Kira Municipality",0.33993,32.66562,2026-08-01 23:00:00,-0.08026121,31.945055,11.99124,51.898872,Moderate
aq_g523,"Buwate, Kira Municipality",0.40533,32.62032,2026-08-01 00:00:00,-0.40743062,22.665333,2.7115173,42.61915,Moderate
aq_g523,"Buwate, Kira Municipality",0.40533,32.62032,2026-08-01 01:00:00,-0.55226946,18.55717,0.0,38.510986,Moderate
aq_g523,"Buwate, Kira Municipality",0.40533,32.62032,2026-08-01 02:00:00,-0.58258045,17.697441,0.0,37.651257,Moderate
aq_g523,"Buwate, Kira Municipality",0.40533,32.62032,2026-08-01 03:00:00,-0.57726336,17.848253,0.0,37.80207,Moderate
aq_g523,"Buwate, Kira Municipality",0.40533,32.62032,2026-08-01 04:00:00,-0.54398954,18.79202,0.0,38.745834,Moderate
aq_g523,"Buwate, Kira Municipality",0.40533,32.62032,2026-08-01 05:00:00,-0.5536075,18.519218,0.0,38.473034,Moderate
aq_g523,"Buwate, Kira Municipality",0.40533,32.62032,2026-08-01 06:00:00,-0.5258874,19.305462,0.0,39.259277,Moderate
aq_g523,"Buwate, Kira Municipality",0.40533,32.62032,2026-08-01 07:00:00,-0.30762476,25.496193,5.5423775,45.45001,Moderate
aq_g523,"Buwate, Kira Municipality",0.40533,32.62032,2026-08-01 08:00:00,-0.30641574,25.530483,5.576668,45.4843,Moderate
aq_g523,"Buwate, Kira Municipality",0.40533,32.62032,2026-08-01 09:00:00,-0.39228928,23.094795,3.1409798,43.04861,Moderate
aq_g523,"Buwate, Kira Municipality",0.40533,32.62032,2026-08-01 10:00:00,-0.5808325,17.74702,0.0,37.700836,Moderate
aq_g523,"Buwate, Kira Municipality",0.40533,32.62032,2026-08-01 11:00:00,-0.7101216,14.079908,0.0,34.033722,Moderate
aq_g523,"Buwate, Kira Municipality",0.40533,32.62032,2026-08-01 12:00:00,-0.76791906,12.440559,0.0,32.394375,Moderate
aq_g523,"Buwate, Kira Municipality",0.40533,32.62032,2026-08-01 13:00:00,-0.7591415,12.689522,0.0,32.643337,Moderate
aq_g523,"Buwate, Kira Municipality",0.40533,32.62032,2026-08-01 14:00:00,-0.7237917,13.692173,0.0,33.64599,Moderate
aq_g523,"Buwate, Kira Municipality",0.40533,32.62032,2026-08-01 15:00:00,-0.6971361,14.448223,0.0,34.40204,Moderate
aq_g523,"Buwate, Kira Municipality",0.40533,32.62032,2026-08-01 16:00:00,-0.66659915,15.3143635,0.0,35.26818,Moderate
aq_g523,"Buwate, Kira Municipality",0.40533,32.62032,2026-08-01 17:00:00,-0.5315349,19.145279,0.0,39.099094,Moderate
aq_g523,"Buwate, Kira Municipality",0.40533,32.62032,2026-08-01 18:00:00,-0.5200336,19.4715,0.0,39.425316,Moderate
aq_g523,"Buwate, Kira Municipality",0.40533,32.62032,2026-08-01 19:00:00,-0.3770378,23.527384,3.5735683,43.4812,Moderate
aq_g523,"Buwate, Kira Municipality",0.40533,32.62032,2026-08-01 20:00:00,-0.26571023,26.685041,6.731226,46.638855,Moderate
aq_g523,"Buwate, Kira Municipality",0.40533,32.62032,2026-08-01 21:00:00,-0.2126164,28.190977,8.237162,48.14479,Moderate
aq_g523,"Buwate, Kira Municipality",0.40533,32.62032,2026-08-01 22:00:00,-0.16336972,29.587793,9.633978,49.54161,Moderate
aq_g523,"Buwate, Kira Municipality",0.40533,32.62032,2026-08-01 23:00:00,-0.20558882,28.390305,8.436489,48.34412,Moderate
aq_g524,"Municipal Council, Kira Municipality",0.3975,32.6411,2026-08-01 00:00:00,-0.41223556,22.529045,2.5752296,42.48286,Moderate
aq_g524,"Municipal Council, Kira Municipality",0.3975,32.6411,2026-08-01 01:00:00,-0.5058159,19.874763,0.0,39.82858,Moderate
aq_g524,"Municipal Council, Kira Municipality",0.3975,32.6411,2026-08-01 02:00:00,-0.5916393,17.4405,0.0,37.394318,Moderate
aq_g524,"Municipal Council, Kira Municipality",0.3975,32.6411,2026-08-01 03:00:00,-0.6156366,16.759848,0.0,36.71366,Moderate
aq_g524,"Municipal Council, Kira Municipality",0.3975,32.6411,2026-08-01 04:00:00,-0.6091383,16.944162,0.0,36.89798,Moderate
aq_g524,"Municipal Council, Kira Municipality",0.3975,32.6411,2026-08-01 05:00:00,-0.5706784,18.035027,0.0,37.988842,Moderate
aq_g524,"Municipal Council, Kira Municipality",0.3975,32.6411,2026-08-01 06:00:00,-0.3902186,23.153528,3.1997128,43.107346,Moderate
aq_g524,"Municipal Council, Kira Municipality",0.3975,32.6411,2026-08-01 07:00:00,-0.23674595,27.506575,7.552759,47.46039,Moderate
aq_g524,"Municipal Council, Kira Municipality",0.3975,32.6411,2026-08-01 08:00:00,-0.19714113,28.629913,8.676098,48.58373,Moderate
aq_g524,"Municipal Council, Kira Municipality",0.3975,32.6411,2026-08-01 09:00:00,-0.36547956,23.855217,3.9014015,43.809032,Moderate
aq_g524,"Municipal Council, Kira Municipality",0.3975,32.6411,2026-08-01 10:00:00,-0.6685617,15.2586975,0.0,35.212513,Moderate
aq_g524,"Municipal Council, Kira Municipality",0.3975,32.6411,2026-08-01 11:00:00,-0.74321634,13.141218,0.0,33.09503,Moderate
aq_g524,"Municipal Council, Kira Municipality",0.3975,32.6411,2026-08-01 12:00:00,-0.74433976,13.109354,0.0,33.06317,Moderate
aq_g524,"Municipal Council, Kira Municipality",0.3975,32.6411,2026-08-01 13:00:00,-0.6757146,15.055815,0.0,35.00963,Moderate
aq_g524,"Municipal Council, Kira Municipality",0.3975,32.6411,2026-08-01 14:00:00,-0.60925686,16.9408,0.0,36.894615,Moderate
aq_g524,"Municipal Council, Kira Municipality",0.3975,32.6411,2026-08-01 15:00:00,-0.7388176,13.265984,0.0,33.2198,Moderate
aq_g524,"Municipal Council, Kira Municipality",0.3975,32.6411,2026-08-01 16:00:00,-0.70625526,14.189569,0.0,34.143387,Moderate
aq_g524,"Municipal Council, Kira Municipality",0.3975,32.6411,2026-08-01 17:00:00,-0.72449803,13.672138,0.0,33.625954,Moderate
aq_g524,"Municipal Council, Kira Municipality",0.3975,32.6411,2026-08-01 18:00:00,-0.68751454,14.721127,0.0,34.674942,Moderate
aq_g524,"Municipal Council, Kira Municipality",0.3975,32.6411,2026-08-01 19:00:00,-0.5522704,18.557144,0.0,38.51096,Moderate
aq_g524,"Municipal Council, Kira Municipality",0.3975,32.6411,2026-08-01 20:00:00,-0.45049095,21.443983,1.4901676,41.397797,Moderate
aq_g524,"Municipal Council, Kira Municipality",0.3975,32.6411,2026-08-01 21:00:00,-0.41136762,22.553665,2.5998497,42.50748,Moderate
aq_g524,"Municipal Council, Kira Municipality",0.3975,32.6411,2026-08-01 22:00:00,-0.29051676,25.981438,6.027622,45.935253,Moderate
aq_g524,"Municipal Council, Kira Municipality",0.3975,32.6411,2026-08-01 23:00:00,-0.311237,25.393736,5.4399204,45.34755,Moderate
aq_g526,"Kasusu, Fort Portal",0.6237,30.25565,2026-08-01 00:00:00,-0.27284175,26.482765,6.5289497,46.43658,Moderate
aq_g526,"Kasusu, Fort Portal",0.6237,30.25565,2026-08-01 01:00:00,-0.33643788,24.678947,4.725132,44.632763,Moderate
aq_g526,"Kasusu, Fort Portal",0.6237,30.25565,2026-08-01 02:00:00,-0.32626647,24.967445,5.01363,44.92126,Moderate
aq_g526,"Kasusu, Fort Portal",0.6237,30.25565,2026-08-01 03:00:00,-0.4271895,22.104897,2.151081,42.058712,Moderate
aq_g526,"Kasusu, Fort Portal",0.6237,30.25565,2026-08-01 04:00:00,-0.44946432,21.473103,1.5192871,41.426918,Moderate
aq_g526,"Kasusu, Fort Portal",0.6237,30.25565,2026-08-01 05:00:00,-0.45433593,21.334927,1.3811111,41.288742,Moderate
aq_g526,"Kasusu, Fort Portal",0.6237,30.25565,2026-08-01 06:00:00,-0.37063915,23.708874,3.7550583,43.66269,Moderate
aq_g526,"Kasusu, Fort Portal",0.6237,30.25565,2026-08-01 07:00:00,-0.3345079,24.733688,4.779873,44.687504,Moderate
aq_g526,"Kasusu, Fort Portal",0.6237,30.25565,2026-08-01 08:00:00,-0.3330199,24.775892,4.822077,44.729706,Moderate
aq_g526,"Kasusu, Fort Portal",0.6237,30.25565,2026-08-01 09:00:00,-0.44123167,21.706612,1.7527962,41.660427,Moderate
aq_g526,"Kasusu, Fort Portal",0.6237,30.25565,2026-08-01 10:00:00,-0.43481764,21.888535,1.9347191,41.84235,Moderate
aq_g526,"Kasusu, Fort Portal",0.6237,30.25565,2026-08-01 11:00:00,-0.45179367,21.407034,1.4532185,41.360847,Moderate
aq_g526,"Kasusu, Fort Portal",0.6237,30.25565,2026-08-01 12:00:00,-0.48209897,20.547464,0.5936489,40.50128,Moderate
aq_g526,"Kasusu, Fort Portal",0.6237,30.25565,2026-08-01 13:00:00,-0.49407098,20.207893,0.2540779,40.16171,Moderate
aq_g526,"Kasusu, Fort Portal",0.6237,30.25565,2026-08-01 14:00:00,-0.5291044,19.214218,0.0,39.168034,Moderate
aq_g526,"Kasusu, Fort Portal",0.6237,30.25565,2026-08-01 15:00:00,-0.5402143,18.899101,0.0,38.852917,Moderate
aq_g526,"Kasusu, Fort Portal",0.6237,30.25565,2026-08-01 16:00:00,-0.48314792,20.517712,0.5638962,40.471527,Moderate
aq_g526,"Kasusu, Fort Portal",0.6237,30.25565,2026-08-01 17:00:00,-0.4100635,22.590652,2.636837,42.544468,Moderate
aq_g526,"Kasusu, Fort Portal",0.6237,30.25565,2026-08-01 18:00:00,-0.25315124,27.04126,7.0874443,46.995075,Moderate
aq_g526,"Kasusu, Fort Portal",0.6237,30.25565,2026-08-01 19:00:00,-0.005400843,34.06837,14.114555,54.022186,Moderate
aq_g526,"Kasusu, Fort Portal",0.6237,30.25565,2026-08-01 20:00:00,-0.13692836,30.337767,10.383951,50.29158,Moderate
aq_g526,"Kasusu, Fort Portal",0.6237,30.25565,2026-08-01 21:00:00,-0.18371801,29.010641,9.056826,48.964455,Moderate
aq_g526,"Kasusu, Fort Portal",0.6237,30.25565,2026-08-01 22:00:00,-0.23263414,27.623201,7.669386,47.57702,Moderate
aq_g526,"Kasusu, Fort Portal",0.6237,30.25565,2026-08-01 23:00:00,-0.2690017,26.591684,6.637869,46.5455,Moderate
aq_g530,"Mpanga, Fort Portal",0.6569,30.27896,2026-08-01 00:00:00,-0.4662507,20.996979,1.0431633,40.950794,Moderate
aq_g530,"Mpanga, Fort Portal",0.6569,30.27896,2026-08-01 01:00:00,-0.49550837,20.167126,0.21331024,40.12094,Moderate
aq_g530,"Mpanga, Fort Portal",0.6569,30.27896,2026-08-01 02:00:00,-0.49481913,20.186672,0.23285675,40.140488,Moderate
aq_g530,"Mpanga, Fort Portal",0.6569,30.27896,2026-08-01 03:00:00,-0.51126677,19.720158,0.0,39.673973,Moderate
aq_g530,"Mpanga, Fort Portal",0.6569,30.27896,2026-08-01 04:00:00,-0.49913242,20.064333,0.1105175,40.01815,Moderate
aq_g530,"Mpanga, Fort Portal",0.6569,30.27896,2026-08-01 05:00:00,-0.4794751,20.621887,0.66807175,40.575703,Moderate
aq_g530,"Mpanga, Fort Portal",0.6569,30.27896,2026-08-01 06:00:00,-0.40766925,22.658564,2.7047482,42.61238,Moderate
aq_g530,"Mpanga, Fort Portal",0.6569,30.27896,2026-08-01 07:00:00,-0.4187422,22.344494,2.3906784,42.29831,Moderate
aq_g530,"Mpanga, Fort Portal",0.6569,30.27896,2026-08-01 08:00:00,-0.3810368,23.413958,3.4601421,43.367775,Moderate
aq_g530,"Mpanga, Fort Portal",0.6569,30.27896,2026-08-01 09:00:00,-0.5088628,19.788345,0.0,39.74216,Moderate
aq_g530,"Mpanga, Fort Portal",0.6569,30.27896,2026-08-01 10:00:00,-0.5739419,17.942463,0.0,37.89628,Moderate
aq_g530,"Mpanga, Fort Portal",0.6569,30.27896,2026-08-01 11:00:00,-0.592992,17.402132,0.0,37.35595,Moderate
aq_g530,"Mpanga, Fort Portal",0.6569,30.27896,2026-08-01 12:00:00,-0.60671955,17.012768,0.0,36.966583,Moderate
aq_g530,"Mpanga, Fort Portal",0.6569,30.27896,2026-08-01 13:00:00,-0.60816395,16.9718,0.0,36.925613,Moderate
aq_g530,"Mpanga, Fort Portal",0.6569,30.27896,2026-08-01 14:00:00,-0.6414806,16.026815,0.0,35.98063,Moderate
aq_g530,"Mpanga, Fort Portal",0.6569,30.27896,2026-08-01 15:00:00,-0.6497267,15.792927,0.0,35.746742,Moderate
aq_g530,"Mpanga, Fort Portal",0.6569,30.27896,2026-08-01 16:00:00,-0.6417254,16.019873,0.0,35.973686,Moderate
aq_g530,"Mpanga, Fort Portal",0.6569,30.27896,2026-08-01 17:00:00,-0.6301305,16.348747,0.0,36.302563,Moderate
aq_g530,"Mpanga, Fort Portal",0.6569,30.27896,2026-08-01 18:00:00,-0.4675409,20.960384,1.0065689,40.9142,Moderate
aq_g530,"Mpanga, Fort Portal",0.6569,30.27896,2026-08-01 19:00:00,-0.4354664,21.870134,1.9163189,41.82395,Moderate
aq_g530,"Mpanga, Fort Portal",0.6569,30.27896,2026-08-01 20:00:00,-0.44971013,21.46613,1.5123138,41.419945,Moderate
aq_g530,"Mpanga, Fort Portal",0.6569,30.27896,2026-08-01 21:00:00,-0.4586224,21.213345,1.2595291,41.16716,Moderate
aq_g530,"Mpanga, Fort Portal",0.6569,30.27896,2026-08-01 22:00:00,-0.45698744,21.25972,1.3059044,41.213535,Moderate
aq_g530,"Mpanga, Fort Portal",0.6569,30.27896,2026-08-01 23:00:00,-0.441567,21.6971,1.7432842,41.650917,Moderate
aq_g532,"Mpumudde, Jinja",0.46146,33.2103,2026-08-01 00:00:00,-0.4630395,21.088062,1.1342468,41.041878,Moderate
aq_g532,"Mpumudde, Jinja",0.46146,33.2103,2026-08-01 01:00:00,-0.5350068,19.046803,0.0,39.000618,Moderate
aq_g532,"Mpumudde, Jinja",0.46146,33.2103,2026-08-01 02:00:00,-0.58350676,17.671167,0.0,37.624985,Moderate
aq_g532,"Mpumudde, Jinja",0.46146,33.2103,2026-08-01 03:00:00,-0.647401,15.858894,0.0,35.81271,Moderate
aq_g532,"Mpumudde, Jinja",0.46146,33.2103,2026-08-01 04:00:00,-0.65178126,15.734653,0.0,35.68847,Moderate
aq_g532,"Mpumudde, Jinja",0.46146,33.2103,2026-08-01 05:00:00,-0.61677474,16.727566,0.0,36.68138,Moderate
aq_g532,"Mpumudde, Jinja",0.46146,33.2103,2026-08-01 06:00:00,-0.6142189,16.800058,0.0,36.753876,Moderate
aq_g532,"Mpumudde, Jinja",0.46146,33.2103,2026-08-01 07:00:00,-0.62483305,16.499002,0.0,36.45282,Moderate
aq_g532,"Mpumudde, Jinja",0.46146,33.2103,2026-08-01 08:00:00,-0.5751075,17.9094,0.0,37.863216,Moderate
aq_g532,"Mpumudde, Jinja",0.46146,33.2103,2026-08-01 09:00:00,-0.5565986,18.434381,0.0,38.3882,Moderate
aq_g532,"Mpumudde, Jinja",0.46146,33.2103,2026-08-01 10:00:00,-0.5707463,18.0331,0.0,37.986916,Moderate
aq_g532,"Mpumudde, Jinja",0.46146,33.2103,2026-08-01 11:00:00,-0.71473116,13.949163,0.0,33.902977,Moderate
aq_g532,"Mpumudde, Jinja",0.46146,33.2103,2026-08-01 12:00:00,-0.7447293,13.098307,0.0,33.052124,Moderate
aq_g532,"Mpumudde, Jinja",0.46146,33.2103,2026-08-01 13:00:00,-0.70191014,14.312815,0.0,34.266632,Moderate
aq_g532,"Mpumudde, Jinja",0.46146,33.2103,2026-08-01 14:00:00,-0.7055762,14.208832,0.0,34.162647,Moderate
aq_g532,"Mpumudde, Jinja",0.46146,33.2103,2026-08-01 15:00:00,-0.66712475,15.299456,0.0,35.253273,Moderate
aq_g532,"Mpumudde, Jinja",0.46146,33.2103,2026-08-01 16:00:00,-0.5663713,18.157192,0.0,38.111008,Moderate
aq_g532,"Mpumudde, Jinja",0.46146,33.2103,2026-08-01 17:00:00,-0.57065356,18.035732,0.0,37.989548,Moderate
aq_g532,"Mpumudde, Jinja",0.46146,33.2103,2026-08-01 18:00:00,-0.5889872,17.515722,0.0,37.469536,Moderate
aq_g532,"Mpumudde, Jinja",0.46146,33.2103,2026-08-01 19:00:00,-0.49321786,20.232092,0.27827644,40.185905,Moderate
aq_g532,"Mpumudde, Jinja",0.46146,33.2103,2026-08-01 20:00:00,-0.364312,23.888334,3.9345188,43.842148,Moderate
aq_g532,"Mpumudde, Jinja",0.46146,33.2103,2026-08-01 21:00:00,-0.31194827,25.373562,5.4197464,45.327377,Moderate
aq_g532,"Mpumudde, Jinja",0.46146,33.2103,2026-08-01 22:00:00,-0.33242738,24.792698,4.8388824,44.746513,Moderate
aq_g532,"Mpumudde, Jinja",0.46146,33.2103,2026-08-01 23:00:00,-0.39383253,23.051023,3.097208,43.004837,Moderate
aq_g534,"Kinyamasika, Fort Portal",0.6301,30.2734,2026-08-01 00:00:00,-0.52618146,19.297123,0.0,39.25094,Moderate
aq_g534,"Kinyamasika, Fort Portal",0.6301,30.2734,2026-08-01 01:00:00,-0.56141996,18.29763,0.0,38.251446,Moderate
aq_g534,"Kinyamasika, Fort Portal",0.6301,30.2734,2026-08-01 02:00:00,-0.5596967,18.346508,0.0,38.300323,Moderate
aq_g534,"Kinyamasika, Fort Portal",0.6301,30.2734,2026-08-01 03:00:00,-0.6110182,16.890842,0.0,36.844658,Moderate
aq_g534,"Kinyamasika, Fort Portal",0.6301,30.2734,2026-08-01 04:00:00,-0.61512256,16.774427,0.0,36.72824,Moderate
aq_g534,"Kinyamasika, Fort Portal",0.6301,30.2734,2026-08-01 05:00:00,-0.6207218,16.615612,0.0,36.569427,Moderate
aq_g534,"Kinyamasika, Fort Portal",0.6301,30.2734,2026-08-01 06:00:00,-0.5711721,18.021023,0.0,37.97484,Moderate
aq_g534,"Kinyamasika, Fort Portal",0.6301,30.2734,2026-08-01 07:00:00,-0.573354,17.959137,0.0,37.912952,Moderate
aq_g534,"Kinyamasika, Fort Portal",0.6301,30.2734,2026-08-01 08:00:00,-0.52024835,19.465408,0.0,39.419224,Moderate
aq_g534,"Kinyamasika, Fort Portal",0.6301,30.2734,2026-08-01 09:00:00,-0.6337088,16.247255,0.0,36.201073,Moderate
aq_g534,"Kinyamasika, Fort Portal",0.6301,30.2734,2026-08-01 10:00:00,-0.6526887,15.708914,0.0,35.662727,Moderate
aq_g534,"Kinyamasika, Fort Portal",0.6301,30.2734,2026-08-01 11:00:00,-0.6662295,15.324848,0.0,35.278664,Moderate
aq_g534,"Kinyamasika, Fort Portal",0.6301,30.2734,2026-08-01 12:00:00,-0.66636956,15.320875,0.0,35.27469,Moderate
aq_g534,"Kinyamasika, Fort Portal",0.6301,30.2734,2026-08-01 13:00:00,-0.664112,15.384909,0.0,35.338722,Moderate
aq_g534,"Kinyamasika, Fort Portal",0.6301,30.2734,2026-08-01 14:00:00,-0.67442346,15.092438,0.0,35.046253,Moderate
aq_g534,"Kinyamasika, Fort Portal",0.6301,30.2734,2026-08-01 15:00:00,-0.67292064,15.135061,0.0,35.088875,Moderate
aq_g534,"Kinyamasika, Fort Portal",0.6301,30.2734,2026-08-01 16:00:00,-0.65809435,15.55559,0.0,35.509407,Moderate
aq_g534,"Kinyamasika, Fort Portal",0.6301,30.2734,2026-08-01 17:00:00,-0.6439032,15.958103,0.0,35.91192,Moderate
aq_g534,"Kinyamasika, Fort Portal",0.6301,30.2734,2026-08-01 18:00:00,-0.48958537,20.335121,0.3813057,40.288937,Moderate
aq_g534,"Kinyamasika, Fort Portal",0.6301,30.2734,2026-08-01 19:00:00,-0.46165872,21.127224,1.1734085,41.08104,Moderate
aq_g534,"Kinyamasika, Fort Portal",0.6301,30.2734,2026-08-01 20:00:00,-0.4740232,20.776524,0.82270813,40.73034,Moderate
aq_g534,"Kinyamasika, Fort Portal",0.6301,30.2734,2026-08-01 21:00:00,-0.48765326,20.389923,0.43610764,40.34374,Moderate
aq_g534,"Kinyamasika, Fort Portal",0.6301,30.2734,2026-08-01 22:00:00,-0.46941745,20.907158,0.95334244,40.860973,Moderate
aq_g534,"Kinyamasika, Fort Portal",0.6301,30.2734,2026-08-01 23:00:00,-0.48401982,20.492981,0.5391655,40.446796,Moderate
aq_g535,"Mountains of the Moon University, Fort Portal",0.68736,30.24734,2026-08-01 00:00:00,-0.2990239,25.740143,5.7863274,45.69396,Moderate
aq_g535,"Mountains of the Moon University, Fort Portal",0.68736,30.24734,2026-08-01 01:00:00,-0.3358325,24.696117,4.742302,44.649933,Moderate
aq_g535,"Mountains of the Moon University, Fort Portal",0.68736,30.24734,2026-08-01 02:00:00,-0.31927803,25.165663,5.2118473,45.119476,Moderate
aq_g535,"Mountains of the Moon University, Fort Portal",0.68736,30.24734,2026-08-01 03:00:00,-0.43947634,21.756397,1.8025818,41.710213,Moderate
aq_g535,"Mountains of the Moon University, Fort Portal",0.68736,30.24734,2026-08-01 04:00:00,-0.4528679,21.376564,1.4227486,41.33038,Moderate
aq_g535,"Mountains of the Moon University, Fort Portal",0.68736,30.24734,2026-08-01 05:00:00,-0.46217743,21.112513,1.1586971,41.06633,Moderate
aq_g535,"Mountains of the Moon University, Fort Portal",0.68736,30.24734,2026-08-01 06:00:00,-0.38805753,23.214825,3.2610092,43.16864,Moderate
aq_g535,"Mountains of the Moon University, Fort Portal",0.68736,30.24734,2026-08-01 07:00:00,-0.3898766,23.163227,3.2094116,43.117043,Moderate
aq_g535,"Mountains of the Moon University, Fort Portal",0.68736,30.24734,2026-08-01 08:00:00,-0.3782675,23.492504,3.5386887,43.44632,Moderate
aq_g535,"Mountains of the Moon University, Fort Portal",0.68736,30.24734,2026-08-01 09:00:00,-0.5055038,19.883617,0.0,39.837433,Moderate
aq_g535,"Mountains of the Moon University, Fort Portal",0.68736,30.24734,2026-08-01 10:00:00,-0.49299225,20.238491,0.2846756,40.192307,Moderate
aq_g535,"Mountains of the Moon University, Fort Portal",0.68736,30.24734,2026-08-01 11:00:00,-0.47835517,20.653652,0.69983673,40.607468,Moderate
aq_g535,"Mountains of the Moon University, Fort Portal",0.68736,30.24734,2026-08-01 12:00:00,-0.51255876,19.683514,0.0,39.63733,Moderate
aq_g535,"Mountains of the Moon University, Fort Portal",0.68736,30.24734,2026-08-01 13:00:00,-0.53831506,18.952969,0.0,38.906784,Moderate
aq_g535,"Mountains of the Moon University, Fort Portal",0.68736,30.24734,2026-08-01 14:00:00,-0.56305456,18.251266,0.0,38.205082,Moderate
aq_g535,"Mountains of the Moon University, Fort Portal",0.68736,30.24734,2026-08-01 15:00:00,-0.5736316,17.951263,0.0,37.90508,Moderate
aq_g535,"Mountains of the Moon University, Fort Portal",0.68736,30.24734,2026-08-01 16:00:00,-0.51452816,19.627653,0.0,39.581467,Moderate
aq_g535,"Mountains of the Moon University, Fort Portal",0.68736,30.24734,2026-08-01 17:00:00,-0.46008864,21.171757,1.2179413,41.125572,Moderate
aq_g535,"Mountains of the Moon University, Fort Portal",0.68736,30.24734,2026-08-01 18:00:00,-0.36225358,23.946718,3.9929028,43.900536,Moderate
aq_g535,"Mountains of the Moon University, Fort Portal",0.68736,30.24734,2026-08-01 19:00:00,-0.28631872,26.10051,6.146694,46.054325,Moderate
aq_g535,"Mountains of the Moon University, Fort Portal",0.68736,30.24734,2026-08-01 20:00:00,-0.34365976,24.474108,4.5202923,44.427925,Moderate
aq_g535,"Mountains of the Moon University, Fort Portal",0.68736,30.24734,2026-08-01 21:00:00,-0.32695243,24.947989,4.994173,44.901802,Moderate
aq_g535,"Mountains of the Moon University, Fort Portal",0.68736,30.24734,2026-08-01 22:00:00,-0.26239005,26.779215,6.8253994,46.733032,Moderate
aq_g535,"Mountains of the Moon University, Fort Portal",0.68736,30.24734,2026-08-01 23:00:00,-0.28962445,26.006748,6.0529327,45.960564,Moderate
aq_g5_100,"Kabusu, Natete Road, Kampala, Uganda",0.294732,32.55165367,2026-08-01 00:00:00,-0.29872906,25.748507,5.794691,45.702324,Moderate
aq_g5_100,"Kabusu, Natete Road, Kampala, Uganda",0.294732,32.55165367,2026-08-01 01:00:00,-0.36850274,23.76947,3.8156548,43.723286,Moderate
aq_g5_100,"Kabusu, Natete Road, Kampala, Uganda",0.294732,32.55165367,2026-08-01 02:00:00,-0.38328436,23.350208,3.3963928,43.304024,Moderate
aq_g5_100,"Kabusu, Natete Road, Kampala, Uganda",0.294732,32.55165367,2026-08-01 03:00:00,-0.3587455,24.04622,4.0924053,44.00004,Moderate
aq_g5_100,"Kabusu, Natete Road, Kampala, Uganda",0.294732,32.55165367,2026-08-01 04:00:00,-0.3130294,25.342896,5.38908,45.29671,Moderate
aq_g5_100,"Kabusu, Natete Road, Kampala, Uganda",0.294732,32.55165367,2026-08-01 05:00:00,-0.23372857,27.59216,7.638344,47.545975,Moderate
aq_g5_100,"Kabusu, Natete Road, Kampala, Uganda",0.294732,32.55165367,2026-08-01 06:00:00,-0.16249253,29.612675,9.658859,49.56649,Moderate
aq_g5_100,"Kabusu, Natete Road, Kampala, Uganda",0.294732,32.55165367,2026-08-01 07:00:00,0.20369531,39.999104,20.045288,59.95292,Unhealthy for Sensitive Groups
aq_g5_100,"Kabusu, Natete Road, Kampala, Uganda",0.294732,32.55165367,2026-08-01 08:00:00,0.112629615,37.416145,17.46233,57.36996,Unhealthy for Sensitive Groups
aq_g5_100,"Kabusu, Natete Road, Kampala, Uganda",0.294732,32.55165367,2026-08-01 09:00:00,0.19721483,39.815292,19.861477,59.769108,Unhealthy for Sensitive Groups
aq_g5_100,"Kabusu, Natete Road, Kampala, Uganda",0.294732,32.55165367,2026-08-01 10:00:00,-0.4494194,21.474377,1.5205612,41.428192,Moderate
aq_g5_100,"Kabusu, Natete Road, Kampala, Uganda",0.294732,32.55165367,2026-08-01 11:00:00,-0.6173308,16.711794,0.0,36.66561,Moderate
aq_g5_100,"Kabusu, Natete Road, Kampala, Uganda",0.294732,32.55165367,2026-08-01 12:00:00,-0.7103805,14.072563,0.0,34.02638,Moderate
aq_g5_100,"Kabusu, Natete Road, Kampala, Uganda",0.294732,32.55165367,2026-08-01 13:00:00,-0.7315038,13.473429,0.0,33.427246,Moderate
aq_g5_100,"Kabusu, Natete Road, Kampala, Uganda",0.294732,32.55165367,2026-08-01 14:00:00,-0.67398965,15.104742,0.0,35.058556,Moderate
aq_g5_100,"Kabusu, Natete Road, Kampala, Uganda",0.294732,32.55165367,2026-08-01 15:00:00,-0.6577237,15.566103,0.0,35.51992,Moderate
aq_g5_100,"Kabusu, Natete Road, Kampala, Uganda",0.294732,32.55165367,2026-08-01 16:00:00,-0.54991627,18.623917,0.0,38.577732,Moderate
aq_g5_100,"Kabusu, Natete Road, Kampala, Uganda",0.294732,32.55165367,2026-08-01 17:00:00,-0.42750597,22.09592,2.142105,42.049736,Moderate
aq_g5_100,"Kabusu, Natete Road, Kampala, Uganda",0.294732,32.55165367,2026-08-01 18:00:00,-0.42299613,22.223837,2.2700214,42.17765,Moderate
aq_g5_100,"Kabusu, Natete Road, Kampala, Uganda",0.294732,32.55165367,2026-08-01 19:00:00,-0.24849652,27.173286,7.219471,47.1271,Moderate
aq_g5_100,"Kabusu, Natete Road, Kampala, Uganda",0.294732,32.55165367,2026-08-01 20:00:00,-0.2217215,27.932724,7.9789085,47.88654,Moderate
aq_g5_100,"Kabusu, Natete Road, Kampala, Uganda",0.294732,32.55165367,2026-08-01 21:00:00,-0.1908544,28.808228,8.854412,48.762043,Moderate
aq_g5_100,"Kabusu, Natete Road, Kampala, Uganda",0.294732,32.55165367,2026-08-01 22:00:00,-0.21227227,28.200737,8.246922,48.154552,Moderate
aq_g5_100,"Kabusu, Natete Road, Kampala, Uganda",0.294732,32.55165367,2026-08-01 23:00:00,-0.226081,27.809072,7.855257,47.762886,Moderate
aq_g5_101,"Water and Environment House, Luzira",0.298265,32.649906,2026-08-01 00:00:00,-0.4455229,21.584896,1.6310806,41.53871,Moderate
aq_g5_101,"Water and Environment House, Luzira",0.298265,32.649906,2026-08-01 01:00:00,-0.6402916,16.060543,0.0,36.01436,Moderate
aq_g5_101,"Water and Environment House, Luzira",0.298265,32.649906,2026-08-01 02:00:00,-0.6343251,16.229774,0.0,36.18359,Moderate
aq_g5_101,"Water and Environment House, Luzira",0.298265,32.649906,2026-08-01 03:00:00,-0.645224,15.920641,0.0,35.87446,Moderate
aq_g5_101,"Water and Environment House, Luzira",0.298265,32.649906,2026-08-01 04:00:00,-0.6414098,16.028824,0.0,35.98264,Moderate
aq_g5_101,"Water and Environment House, Luzira",0.298265,32.649906,2026-08-01 05:00:00,-0.62025,16.628996,0.0,36.58281,Moderate
aq_g5_101,"Water and Environment House, Luzira",0.298265,32.649906,2026-08-01 06:00:00,-0.48856896,20.363953,0.41013718,40.31777,Moderate
aq_g5_101,"Water and Environment House, Luzira",0.298265,32.649906,2026-08-01 07:00:00,-0.37795654,23.501324,3.5475082,43.45514,Moderate
aq_g5_101,"Water and Environment House, Luzira",0.298265,32.649906,2026-08-01 08:00:00,-0.32933104,24.880524,4.926708,44.83434,Moderate
aq_g5_101,"Water and Environment House, Luzira",0.298265,32.649906,2026-08-01 09:00:00,-0.35732856,24.08641,4.132595,44.040226,Moderate
aq_g5_101,"Water and Environment House, Luzira",0.298265,32.649906,2026-08-01 10:00:00,-0.49336132,20.228024,0.27420807,40.18184,Moderate
aq_g5_101,"Water and Environment House, Luzira",0.298265,32.649906,2026-08-01 11:00:00,-0.7102131,14.077311,0.0,34.031128,Moderate
aq_g5_101,"Water and Environment House, Luzira",0.298265,32.649906,2026-08-01 12:00:00,-0.71372354,13.977743,0.0,33.931557,Moderate
aq_g5_101,"Water and Environment House, Luzira",0.298265,32.649906,2026-08-01 13:00:00,-0.7322087,13.453434,0.0,33.40725,Moderate
aq_g5_101,"Water and Environment House, Luzira",0.298265,32.649906,2026-08-01 14:00:00,-0.59835154,17.250114,0.0,37.20393,Moderate
aq_g5_101,"Water and Environment House, Luzira",0.298265,32.649906,2026-08-01 15:00:00,-0.6842928,14.812506,0.0,34.76632,Moderate
aq_g5_101,"Water and Environment House, Luzira",0.298265,32.649906,2026-08-01 16:00:00,-0.50031614,20.030758,0.076942444,39.984573,Moderate
aq_g5_101,"Water and Environment House, Luzira",0.298265,32.649906,2026-08-01 17:00:00,-0.5154724,19.600872,0.0,39.554688,Moderate
aq_g5_101,"Water and Environment House, Luzira",0.298265,32.649906,2026-08-01 18:00:00,-0.5044879,19.912434,0.0,39.86625,Moderate
aq_g5_101,"Water and Environment House, Luzira",0.298265,32.649906,2026-08-01 19:00:00,-0.37495464,23.58647,3.6326542,43.540283,Moderate
aq_g5_101,"Water and Environment House, Luzira",0.298265,32.649906,2026-08-01 20:00:00,-0.31721544,25.224165,5.2703495,45.17798,Moderate
aq_g5_101,"Water and Environment House, Luzira",0.298265,32.649906,2026-08-01 21:00:00,-0.31514627,25.282856,5.3290405,45.23667,Moderate
aq_g5_101,"Water and Environment House, Luzira",0.298265,32.649906,2026-08-01 22:00:00,-0.34436202,24.45419,4.500374,44.408005,Moderate
aq_g5_101,"Water and Environment House, Luzira",0.298265,32.649906,2026-08-01 23:00:00,-0.32012874,25.141533,5.1877174,45.09535,Moderate
aq_g5_114,Layibi Gulu,2.745678,32.292271,2026-08-01 00:00:00,-0.60060704,17.186142,0.0,37.139957,Moderate
aq_g5_114,Layibi Gulu,2.745678,32.292271,2026-08-01 01:00:00,-0.61726385,16.713694,0.0,36.66751,Moderate
aq_g5_114,Layibi Gulu,2.745678,32.292271,2026-08-01 02:00:00,-0.6053061,17.052858,0.0,37.006676,Moderate
aq_g5_114,Layibi Gulu,2.745678,32.292271,2026-08-01 03:00:00,-0.69652647,14.465515,0.0,34.41933,Moderate
aq_g5_114,Layibi Gulu,2.745678,32.292271,2026-08-01 04:00:00,-0.80204976,11.4724865,0.0,31.426302,Moderate
aq_g5_114,Layibi Gulu,2.745678,32.292271,2026-08-01 05:00:00,-0.7958496,11.648346,0.0,31.602161,Moderate
aq_g5_114,Layibi Gulu,2.745678,32.292271,2026-08-01 06:00:00,-0.68377894,14.827082,0.0,34.7809,Moderate
aq_g5_114,Layibi Gulu,2.745678,32.292271,2026-08-01 07:00:00,-0.6429556,15.98498,0.0,35.938797,Moderate
aq_g5_114,Layibi Gulu,2.745678,32.292271,2026-08-01 08:00:00,-0.4784197,20.651821,0.6980057,40.605637,Moderate
aq_g5_114,Layibi Gulu,2.745678,32.292271,2026-08-01 09:00:00,-0.667872,15.278259,0.0,35.232075,Moderate
aq_g5_114,Layibi Gulu,2.745678,32.292271,2026-08-01 10:00:00,-0.71414775,13.96571,0.0,33.919525,Moderate
aq_g5_114,Layibi Gulu,2.745678,32.292271,2026-08-01 11:00:00,-0.7760192,12.21081,0.0,32.164627,Moderate
aq_g5_114,Layibi Gulu,2.745678,32.292271,2026-08-01 12:00:00,-0.7770076,12.1827755,0.0,32.13659,Moderate
aq_g5_114,Layibi Gulu,2.745678,32.292271,2026-08-01 13:00:00,-0.77556723,12.223629,0.0,32.177444,Moderate
aq_g5_114,Layibi Gulu,2.745678,32.292271,2026-08-01 14:00:00,-0.77047324,12.368113,0.0,32.32193,Moderate
aq_g5_114,Layibi Gulu,2.745678,32.292271,2026-08-01 15:00:00,-0.7630372,12.579027,0.0,32.532845,Moderate
aq_g5_114,Layibi Gulu,2.745678,32.292271,2026-08-01 16:00:00,-0.71776986,13.862974,0.0,33.816788,Moderate
aq_g5_114,Layibi Gulu,2.745678,32.292271,2026-08-01 17:00:00,-0.695039,14.507706,0.0,34.46152,Moderate
aq_g5_114,Layibi Gulu,2.745678,32.292271,2026-08-01 18:00:00,-0.63985306,16.07298,0.0,36.026794,Moderate
aq_g5_114,Layibi Gulu,2.745678,32.292271,2026-08-01 19:00:00,-0.54185164,18.85266,0.0,38.806473,Moderate
aq_g5_114,Layibi Gulu,2.745678,32.292271,2026-08-01 20:00:00,-0.4348128,21.888672,1.9348564,41.842487,Moderate
aq_g5_114,Layibi Gulu,2.745678,32.292271,2026-08-01 21:00:00,-0.42663813,22.120537,2.1667213,42.074352,Moderate
aq_g5_114,Layibi Gulu,2.745678,32.292271,2026-08-01 22:00:00,-0.42375842,22.202217,2.2484016,42.156033,Moderate
aq_g5_114,Layibi Gulu,2.745678,32.292271,2026-08-01 23:00:00,-0.48465312,20.47502,0.521204,40.428833,Moderate
aq_g5_117,Mary Queen of Peace P/s Gulu,2.792297,32.366577,2026-08-01 00:00:00,-0.6234879,16.537157,0.0,36.490974,Moderate
aq_g5_117,Mary Queen of Peace P/s Gulu,2.792297,32.366577,2026-08-01 01:00:00,-0.64501333,15.926617,0.0,35.880432,Moderate
aq_g5_117,Mary Queen of Peace P/s Gulu,2.792297,32.366577,2026-08-01 02:00:00,-0.68959814,14.662027,0.0,34.615845,Moderate
aq_g5_117,Mary Queen of Peace P/s Gulu,2.792297,32.366577,2026-08-01 03:00:00,-0.7163358,13.90365,0.0,33.857468,Moderate
aq_g5_117,Mary Queen of Peace P/s Gulu,2.792297,32.366577,2026-08-01 04:00:00,-0.755171,12.802141,0.0,32.75596,Moderate
aq_g5_117,Mary Queen of Peace P/s Gulu,2.792297,32.366577,2026-08-01 05:00:00,-0.7605523,12.6495075,0.0,32.603325,Moderate
aq_g5_117,Mary Queen of Peace P/s Gulu,2.792297,32.366577,2026-08-01 06:00:00,-0.71276116,14.005039,0.0,33.958855,Moderate
aq_g5_117,Mary Queen of Peace P/s Gulu,2.792297,32.366577,2026-08-01 07:00:00,-0.6939598,14.538315,0.0,34.49213,Moderate
aq_g5_117,Mary Queen of Peace P/s Gulu,2.792297,32.366577,2026-08-01 08:00:00,-0.6519067,15.731094,0.0,35.68491,Moderate
aq_g5_117,Mary Queen of Peace P/s Gulu,2.792297,32.366577,2026-08-01 09:00:00,-0.71219903,14.020983,0.0,33.9748,Moderate
aq_g5_117,Mary Queen of Peace P/s Gulu,2.792297,32.366577,2026-08-01 10:00:00,-0.7418029,13.181311,0.0,33.135124,Moderate
aq_g5_117,Mary Queen of Peace P/s Gulu,2.792297,32.366577,2026-08-01 11:00:00,-0.7960368,11.643038,0.0,31.596853,Moderate
aq_g5_117,Mary Queen of Peace P/s Gulu,2.792297,32.366577,2026-08-01 12:00:00,-0.8106725,11.227915,0.0,31.18173,Moderate
aq_g5_117,Mary Queen of Peace P/s Gulu,2.792297,32.366577,2026-08-01 13:00:00,-0.8079583,11.304899,0.0,31.258715,Moderate
aq_g5_117,Mary Queen of Peace P/s Gulu,2.792297,32.366577,2026-08-01 14:00:00,-0.802445,11.461277,0.0,31.415092,Moderate
aq_g5_117,Mary Queen of Peace P/s Gulu,2.792297,32.366577,2026-08-01 15:00:00,-0.7982578,11.58004,0.0,31.533855,Moderate
aq_g5_117,Mary Queen of Peace P/s Gulu,2.792297,32.366577,2026-08-01 16:00:00,-0.7526274,12.874287,0.0,32.828102,Moderate
aq_g5_117,Mary Queen of Peace P/s Gulu,2.792297,32.366577,2026-08-01 17:00:00,-0.73001856,13.515556,0.0,33.46937,Moderate
aq_g5_117,Mary Queen of Peace P/s Gulu,2.792297,32.366577,2026-08-01 18:00:00,-0.66550624,15.345362,0.0,35.29918,Moderate
aq_g5_117,Mary Queen of Peace P/s Gulu,2.792297,32.366577,2026-08-01 19:00:00,-0.5722676,17.989952,0.0,37.943768,Moderate
aq_g5_117,Mary Queen of Peace P/s Gulu,2.792297,32.366577,2026-08-01 20:00:00,-0.5062651,19.862024,0.0,39.81584,Moderate
aq_g5_117,Mary Queen of Peace P/s Gulu,2.792297,32.366577,2026-08-01 21:00:00,-0.5029257,19.956741,0.0029258728,39.910557,Moderate
aq_g5_117,Mary Queen of Peace P/s Gulu,2.792297,32.366577,2026-08-01 22:00:00,-0.5198632,19.476334,0.0,39.43015,Moderate
aq_g5_117,Mary Queen of Peace P/s Gulu,2.792297,32.366577,2026-08-01 23:00:00,-0.5198167,19.477652,0.0,39.431465,Moderate
aq_g5_127,Nyakasura school Fortportal,0.675445391,30.22262427,2026-08-01 00:00:00,-0.33139372,24.822018,4.868202,44.775833,Moderate
aq_g5_127,Nyakasura school Fortportal,0.675445391,30.22262427,2026-08-01 01:00:00,-0.3840487,23.32853,3.374714,43.282345,Moderate
aq_g5_127,Nyakasura school Fortportal,0.675445391,30.22262427,2026-08-01 02:00:00,-0.3675879,23.795418,3.8416023,43.749233,Moderate
aq_g5_127,Nyakasura school Fortportal,0.675445391,30.22262427,2026-08-01 03:00:00,-0.76419127,12.546293,0.0,32.500107,Moderate
aq_g5_127,Nyakasura school Fortportal,0.675445391,30.22262427,2026-08-01 04:00:00,-0.7513606,12.910217,0.0,32.864033,Moderate
aq_g5_127,Nyakasura school Fortportal,0.675445391,30.22262427,2026-08-01 05:00:00,-0.76801723,12.437775,0.0,32.39159,Moderate
aq_g5_127,Nyakasura school Fortportal,0.675445391,30.22262427,2026-08-01 06:00:00,-0.7571824,12.745089,0.0,32.698906,Moderate
aq_g5_127,Nyakasura school Fortportal,0.675445391,30.22262427,2026-08-01 07:00:00,-0.73842955,13.276989,0.0,33.230804,Moderate
aq_g5_127,Nyakasura school Fortportal,0.675445391,30.22262427,2026-08-01 08:00:00,-0.71873605,13.835569,0.0,33.789383,Moderate
aq_g5_127,Nyakasura school Fortportal,0.675445391,30.22262427,2026-08-01 09:00:00,-0.61917776,16.659407,0.0,36.61322,Moderate
aq_g5_127,Nyakasura school Fortportal,0.675445391,30.22262427,2026-08-01 10:00:00,-0.75880736,12.698999,0.0,32.652817,Moderate
aq_g5_127,Nyakasura school Fortportal,0.675445391,30.22262427,2026-08-01 11:00:00,-0.79311544,11.725897,0.0,31.679712,Moderate
aq_g5_127,Nyakasura school Fortportal,0.675445391,30.22262427,2026-08-01 12:00:00,-0.8073641,11.321753,0.0,31.275568,Moderate
aq_g5_127,Nyakasura school Fortportal,0.675445391,30.22262427,2026-08-01 13:00:00,-0.8006922,11.510992,0.0,31.464808,Moderate
aq_g5_127,Nyakasura school Fortportal,0.675445391,30.22262427,2026-08-01 14:00:00,-0.792188,11.752203,0.0,31.706018,Moderate
aq_g5_127,Nyakasura school Fortportal,0.675445391,30.22262427,2026-08-01 15:00:00,-0.77594084,12.213032,0.0,32.166847,Moderate
aq_g5_127,Nyakasura school Fortportal,0.675445391,30.22262427,2026-08-01 16:00:00,-0.6891657,14.674292,0.0,34.628105,Moderate
aq_g5_127,Nyakasura school Fortportal,0.675445391,30.22262427,2026-08-01 17:00:00,-0.6414135,16.02872,0.0,35.982536,Moderate
aq_g5_127,Nyakasura school Fortportal,0.675445391,30.22262427,2026-08-01 18:00:00,-0.5146457,19.624321,0.0,39.578136,Moderate
aq_g5_127,Nyakasura school Fortportal,0.675445391,30.22262427,2026-08-01 19:00:00,-0.5916104,17.441319,0.0,37.395134,Moderate
aq_g5_127,Nyakasura school Fortportal,0.675445391,30.22262427,2026-08-01 20:00:00,-0.48926014,20.344347,0.39053154,40.298164,Moderate
aq_g5_127,Nyakasura school Fortportal,0.675445391,30.22262427,2026-08-01 21:00:00,-0.47562006,20.73123,0.7774143,40.685043,Moderate
aq_g5_127,Nyakasura school Fortportal,0.675445391,30.22262427,2026-08-01 22:00:00,-0.24807969,27.185108,7.2312927,47.138924,Moderate
aq_g5_127,Nyakasura school Fortportal,0.675445391,30.22262427,2026-08-01 23:00:00,-0.30759406,25.497063,5.543247,45.45088,Moderate
aq_g5_37,"Civic Centre, Kampala Central",0.319077,32.589951,2026-08-01 00:00:00,-0.20578614,28.384708,8.430893,48.338524,Moderate
aq_g5_37,"Civic Centre, Kampala Central",0.319077,32.589951,2026-08-01 01:00:00,-0.28577077,26.11605,6.1622353,46.069866,Moderate
aq_g5_37,"Civic Centre, Kampala Central",0.319077,32.589951,2026-08-01 02:00:00,-0.33764017,24.644844,4.6910286,44.59866,Moderate
aq_g5_37,"Civic Centre, Kampala Central",0.319077,32.589951,2026-08-01 03:00:00,-0.31302074,25.343143,5.389328,45.29696,Moderate
aq_g5_37,"Civic Centre, Kampala Central",0.319077,32.589951,2026-08-01 04:00:00,-0.094487235,31.541553,11.587738,51.49537,Moderate
aq_g5_37,"Civic Centre, Kampala Central",0.319077,32.589951,2026-08-01 05:00:00,0.29239708,42.51501,22.561195,62.468826,Unhealthy for Sensitive Groups
aq_g5_37,"Civic Centre, Kampala Central",0.319077,32.589951,2026-08-01 06:00:00,0.3812904,45.03635,25.082535,64.990166,Unhealthy for Sensitive Groups
aq_g5_37,"Civic Centre, Kampala Central",0.319077,32.589951,2026-08-01 07:00:00,0.16797625,38.98598,19.032166,58.939796,Unhealthy for Sensitive Groups
aq_g5_37,"Civic Centre, Kampala Central",0.319077,32.589951,2026-08-01 08:00:00,0.3730998,44.804035,24.85022,64.75785,Unhealthy for Sensitive Groups
aq_g5_37,"Civic Centre, Kampala Central",0.319077,32.589951,2026-08-01 09:00:00,0.08406596,36.605976,16.65216,56.55979,Unhealthy for Sensitive Groups
aq_g5_37,"Civic Centre, Kampala Central",0.319077,32.589951,2026-08-01 10:00:00,-0.13663787,30.346006,10.392191,50.29982,Moderate
aq_g5_37,"Civic Centre, Kampala Central",0.319077,32.589951,2026-08-01 11:00:00,-0.59489626,17.34812,0.0,37.301933,Moderate
aq_g5_37,"Civic Centre, Kampala Central",0.319077,32.589951,2026-08-01 12:00:00,-0.72540176,13.646505,0.0,33.60032,Moderate
aq_g5_37,"Civic Centre, Kampala Central",0.319077,32.589951,2026-08-01 13:00:00,-0.73594713,13.347401,0.0,33.301216,Moderate
aq_g5_37,"Civic Centre, Kampala Central",0.319077,32.589951,2026-08-01 14:00:00,-0.4931354,20.23443,0.28061485,40.188248,Moderate
aq_g5_37,"Civic Centre, Kampala Central",0.319077,32.589951,2026-08-01 15:00:00,-0.47353128,20.790474,0.8366585,40.74429,Moderate
aq_g5_37,"Civic Centre, Kampala Central",0.319077,32.589951,2026-08-01 16:00:00,-0.40813145,22.645454,2.691639,42.59927,Moderate
aq_g5_37,"Civic Centre, Kampala Central",0.319077,32.589951,2026-08-01 17:00:00,-0.13811982,30.303974,10.350159,50.25779,Moderate
aq_g5_37,"Civic Centre, Kampala Central",0.319077,32.589951,2026-08-01 18:00:00,-0.26704088,26.6473,6.6934853,46.601116,Moderate
aq_g5_37,"Civic Centre, Kampala Central",0.319077,32.589951,2026-08-01 19:00:00,-0.2008613,28.524395,8.57058,48.47821,Moderate
aq_g5_37,"Civic Centre, Kampala Central",0.319077,32.589951,2026-08-01 20:00:00,-0.10297995,31.300669,11.346853,51.254486,Moderate
aq_g5_37,"Civic Centre, Kampala Central",0.319077,32.589951,2026-08-01 21:00:00,0.12223441,37.688572,17.734756,57.642387,Unhealthy for Sensitive Groups
aq_g5_37,"Civic Centre, Kampala Central",0.319077,32.589951,2026-08-01 22:00:00,0.005615202,34.380825,14.42701,54.33464,Moderate
aq_g5_37,"Civic Centre, Kampala Central",0.319077,32.589951,2026-08-01 23:00:00,-0.15526131,29.817778,9.863962,49.77159,Moderate
aq_g5_4,"Kireka, Kira Municipality",0.351483609,32.64980395,2026-08-01 00:00:00,-0.016430289,33.755535,13.80172,53.70935,Moderate
aq_g5_4,"Kireka, Kira Municipality",0.351483609,32.64980395,2026-08-01 01:00:00,-0.12337638,30.72215,10.768335,50.675964,Moderate
aq_g5_4,"Kireka, Kira Municipality",0.351483609,32.64980395,2026-08-01 02:00:00,-0.18443154,28.990402,9.036587,48.944218,Moderate
aq_g5_4,"Kireka, Kira Municipality",0.351483609,32.64980395,2026-08-01 03:00:00,-0.14760642,30.034899,10.081083,49.988716,Moderate
aq_g5_4,"Kireka, Kira Municipality",0.351483609,32.64980395,2026-08-01 04:00:00,-0.14904968,29.993961,10.040146,49.947777,Moderate
aq_g5_4,"Kireka, Kira Municipality",0.351483609,32.64980395,2026-08-01 05:00:00,-0.1219291,30.7632,10.809385,50.71702,Moderate
aq_g5_4,"Kireka, Kira Municipality",0.351483609,32.64980395,2026-08-01 06:00:00,-0.020294199,33.64594,13.692123,53.599754,Moderate
aq_g5_4,"Kireka, Kira Municipality",0.351483609,32.64980395,2026-08-01 07:00:00,0.21841769,40.416683,20.462868,60.3705,Unhealthy for Sensitive Groups
aq_g5_4,"Kireka, Kira Municipality",0.351483609,32.64980395,2026-08-01 08:00:00,0.23761739,40.961258,21.007442,60.915073,Unhealthy for Sensitive Groups
aq_g5_4,"Kireka, Kira Municipality",0.351483609,32.64980395,2026-08-01 09:00:00,0.23643841,40.92782,20.974003,60.881634,Unhealthy for Sensitive Groups
aq_g5_4,"Kireka, Kira Municipality",0.351483609,32.64980395,2026-08-01 10:00:00,-0.2539424,27.018822,7.0650063,46.972637,Moderate
aq_g5_4,"Kireka, Kira Municipality",0.351483609,32.64980395,2026-08-01 11:00:00,-0.61015695,16.91527,0.0,36.869087,Moderate
aq_g5_4,"Kireka, Kira Municipality",0.351483609,32.64980395,2026-08-01 12:00:00,-0.61849713,16.678713,0.0,36.63253,Moderate
aq_g5_4,"Kireka, Kira Municipality",0.351483609,32.64980395,2026-08-01 13:00:00,-0.6035987,17.101286,0.0,37.0551,Moderate
aq_g5_4,"Kireka, Kira Municipality",0.351483609,32.64980395,2026-08-01 14:00:00,-0.3983746,22.922195,2.96838,42.87601,Moderate
aq_g5_4,"Kireka, Kira Municipality",0.351483609,32.64980395,2026-08-01 15:00:00,-0.3385027,24.62038,4.666565,44.574196,Moderate
aq_g5_4,"Kireka, Kira Municipality",0.351483609,32.64980395,2026-08-01 16:00:00,-0.47666422,20.701614,0.7477989,40.65543,Moderate
aq_g5_4,"Kireka, Kira Municipality",0.351483609,32.64980395,2026-08-01 17:00:00,-0.2554901,26.974922,7.0211067,46.928738,Moderate
aq_g5_4,"Kireka, Kira Municipality",0.351483609,32.64980395,2026-08-01 18:00:00,-0.13700293,30.335651,10.381836,50.289467,Moderate
aq_g5_4,"Kireka, Kira Municipality",0.351483609,32.64980395,2026-08-01 19:00:00,0.7923858,56.696526,36.74271,76.650345,Unhealthy
aq_g5_4,"Kireka, Kira Municipality",0.351483609,32.64980395,2026-08-01 20:00:00,0.874103,59.01432,39.060505,78.96814,Unhealthy
aq_g5_4,"Kireka, Kira Municipality",0.351483609,32.64980395,2026-08-01 21:00:00,0.90969956,60.02397,40.070156,79.97778,Unhealthy
aq_g5_4,"Kireka, Kira Municipality",0.351483609,32.64980395,2026-08-01 22:00:00,0.9353359,60.75111,40.797295,80.704926,Unhealthy
aq_g5_4,"Kireka, Kira Municipality",0.351483609,32.64980395,2026-08-01 23:00:00,0.5112484,48.722435,28.76862,68.676254,Unhealthy for Sensitive Groups
aq_g5_42,"Rugarama Hill, Kabale",-1.25103,29.98955,2026-08-01 00:00:00,-0.32667613,24.955826,5.0020103,44.90964,Moderate
aq_g5_42,"Rugarama Hill, Kabale",-1.25103,29.98955,2026-08-01 01:00:00,-0.41531846,22.441605,2.4877892,42.39542,Moderate
aq_g5_42,"Rugarama Hill, Kabale",-1.25103,29.98955,2026-08-01 02:00:00,-0.3817911,23.392563,3.4387474,43.34638,Moderate
aq_g5_42,"Rugarama Hill, Kabale",-1.25103,29.98955,2026-08-01 03:00:00,-0.43517917,21.87828,1.9244652,41.832096,Moderate
aq_g5_42,"Rugarama Hill, Kabale",-1.25103,29.98955,2026-08-01 04:00:00,-0.4365795,21.838562,1.8847466,41.792377,Moderate
aq_g5_42,"Rugarama Hill, Kabale",-1.25103,29.98955,2026-08-01 05:00:00,-0.46566424,21.013615,1.0597992,40.96743,Moderate
aq_g5_42,"Rugarama Hill, Kabale",-1.25103,29.98955,2026-08-01 06:00:00,-0.45112008,21.42614,1.4723244,41.379955,Moderate
aq_g5_42,"Rugarama Hill, Kabale",-1.25103,29.98955,2026-08-01 07:00:00,-0.367386,23.801144,3.8473282,43.75496,Moderate
aq_g5_42,"Rugarama Hill, Kabale",-1.25103,29.98955,2026-08-01 08:00:00,-0.33069947,24.84171,4.8878937,44.795525,Moderate
aq_g5_42,"Rugarama Hill, Kabale",-1.25103,29.98955,2026-08-01 09:00:00,-0.34610763,24.404676,4.450861,44.35849,Moderate
aq_g5_42,"Rugarama Hill, Kabale",-1.25103,29.98955,2026-08-01 10:00:00,-0.5443535,18.781698,0.0,38.73551,Moderate
aq_g5_42,"Rugarama Hill, Kabale",-1.25103,29.98955,2026-08-01 11:00:00,-0.5874812,17.558437,0.0,37.512253,Moderate
aq_g5_42,"Rugarama Hill, Kabale",-1.25103,29.98955,2026-08-01 12:00:00,-0.6595937,15.513063,0.0,35.46688,Moderate
aq_g5_42,"Rugarama Hill, Kabale",-1.25103,29.98955,2026-08-01 13:00:00,-0.66922235,15.23996,0.0,35.193775,Moderate
aq_g5_42,"Rugarama Hill, Kabale",-1.25103,29.98955,2026-08-01 14:00:00,-0.6102545,16.912502,0.0,36.866318,Moderate
aq_g5_42,"Rugarama Hill, Kabale",-1.25103,29.98955,2026-08-01 15:00:00,-0.5228048,19.392899,0.0,39.346714,Moderate
aq_g5_42,"Rugarama Hill, Kabale",-1.25103,29.98955,2026-08-01 16:00:00,-0.48179483,20.556091,0.60227585,40.509907,Moderate
aq_g5_42,"Rugarama Hill, Kabale",-1.25103,29.98955,2026-08-01 17:00:00,-0.53551894,19.032278,0.0,38.98609,Moderate
aq_g5_42,"Rugarama Hill, Kabale",-1.25103,29.98955,2026-08-01 18:00:00,-0.4859823,20.437319,0.48350334,40.391136,Moderate
aq_g5_42,"Rugarama Hill, Kabale",-1.25103,29.98955,2026-08-01 19:00:00,-0.31607172,25.256605,5.3027897,45.21042,Moderate
aq_g5_42,"Rugarama Hill, Kabale",-1.25103,29.98955,2026-08-01 20:00:00,-0.3272566,24.939362,4.985546,44.893177,Moderate
aq_g5_42,"Rugarama Hill, Kabale",-1.25103,29.98955,2026-08-01 21:00:00,-0.27375507,26.45686,6.503044,46.410675,Moderate
aq_g5_42,"Rugarama Hill, Kabale",-1.25103,29.98955,2026-08-01 22:00:00,-0.23870099,27.451122,7.497307,47.404938,Moderate
aq_g5_42,"Rugarama Hill, Kabale",-1.25103,29.98955,2026-08-01 23:00:00,-0.2247694,27.846273,7.892458,47.800087,Moderate
aq_g5_43,"Katwe 1, Makindye",0.300178,32.579632,2026-08-01 00:00:00,-0.08166973,31.905106,11.95129,51.85892,Moderate
aq_g5_43,"Katwe 1, Makindye",0.300178,32.579632,2026-08-01 01:00:00,-0.06591743,32.3519,12.398083,52.305714,Moderate
aq_g5_43,"Katwe 1, Makindye",0.300178,32.579632,2026-08-01 02:00:00,-0.16786693,29.460236,9.50642,49.41405,Moderate
aq_g5_43,"Katwe 1, Makindye",0.300178,32.579632,2026-08-01 03:00:00,-0.123939365,30.706182,10.752367,50.659996,Moderate
aq_g5_43,"Katwe 1, Makindye",0.300178,32.579632,2026-08-01 04:00:00,-0.08005387,31.950935,11.99712,51.90475,Moderate
aq_g5_43,"Katwe 1, Makindye",0.300178,32.579632,2026-08-01 05:00:00,0.04253441,35.42799,15.4741745,55.381805,Moderate
aq_g5_43,"Katwe 1, Makindye",0.300178,32.579632,2026-08-01 06:00:00,0.41692275,46.047012,26.093197,66.000824,Unhealthy for Sensitive Groups
aq_g5_43,"Katwe 1, Makindye",0.300178,32.579632,2026-08-01 07:00:00,0.12899186,37.88024,17.926426,57.834057,Unhealthy for Sensitive Groups
aq_g5_43,"Katwe 1, Makindye",0.300178,32.579632,2026-08-01 08:00:00,0.30756685,42.945282,22.991467,62.899097,Unhealthy for Sensitive Groups
aq_g5_43,"Katwe 1, Makindye",0.300178,32.579632,2026-08-01 09:00:00,0.22436944,40.585495,20.63168,60.53931,Unhealthy for Sensitive Groups
aq_g5_43,"Katwe 1, Makindye",0.300178,32.579632,2026-08-01 10:00:00,-0.014994894,33.79625,13.842434,53.750065,Moderate
aq_g5_43,"Katwe 1, Makindye",0.300178,32.579632,2026-08-01 11:00:00,-0.5225612,19.399807,0.0,39.353622,Moderate
aq_g5_43,"Katwe 1, Makindye",0.300178,32.579632,2026-08-01 12:00:00,-0.6146148,16.78883,0.0,36.742645,Moderate
aq_g5_43,"Katwe 1, Makindye",0.300178,32.579632,2026-08-01 13:00:00,-0.61219776,16.857386,0.0,36.811203,Moderate
aq_g5_43,"Katwe 1, Makindye",0.300178,32.579632,2026-08-01 14:00:00,-0.5840736,17.65509,0.0,37.608906,Moderate
aq_g5_43,"Katwe 1, Makindye",0.300178,32.579632,2026-08-01 15:00:00,-0.5752533,17.905266,0.0,37.85908,Moderate
aq_g5_43,"Katwe 1, Makindye",0.300178,32.579632,2026-08-01 16:00:00,-0.49396053,20.211027,0.2572117,40.16484,Moderate
aq_g5_43,"Katwe 1, Makindye",0.300178,32.579632,2026-08-01 17:00:00,-0.25917512,26.870401,6.916586,46.82422,Moderate
aq_g5_43,"Katwe 1, Makindye",0.300178,32.579632,2026-08-01 18:00:00,-0.3079503,25.486958,5.533142,45.440773,Moderate
aq_g5_43,"Katwe 1, Makindye",0.300178,32.579632,2026-08-01 19:00:00,-0.08956484,31.681171,11.727356,51.634987,Moderate
aq_g5_43,"Katwe 1, Makindye",0.300178,32.579632,2026-08-01 20:00:00,-0.04754302,32.873062,12.919247,52.826878,Moderate
aq_g5_43,"Katwe 1, Makindye",0.300178,32.579632,2026-08-01 21:00:00,0.121155426,37.65797,17.704155,57.611786,Unhealthy for Sensitive Groups
aq_g5_43,"Katwe 1, Makindye",0.300178,32.579632,2026-08-01 22:00:00,0.12434585,37.748463,17.794647,57.70228,Unhealthy for Sensitive Groups
aq_g5_43,"Katwe 1, Makindye",0.300178,32.579632,2026-08-01 23:00:00,0.041889768,35.409706,15.455891,55.36352,Moderate
aq_g5_46,"Ggaba, Makindye",0.257858556,32.636913,2026-08-01 00:00:00,-0.2983723,25.758625,5.8048096,45.71244,Moderate
aq_g5_46,"Ggaba, Makindye",0.257858556,32.636913,2026-08-01 01:00:00,-0.533494,19.089714,0.0,39.04353,Moderate
aq_g5_46,"Ggaba, Makindye",0.257858556,32.636913,2026-08-01 02:00:00,-0.53926677,18.925976,0.0,38.87979,Moderate
aq_g5_46,"Ggaba, Makindye",0.257858556,32.636913,2026-08-01 03:00:00,-0.5029664,19.955587,0.0017719269,39.9094,Moderate
aq_g5_46,"Ggaba, Makindye",0.257858556,32.636913,2026-08-01 04:00:00,-0.4990461,20.066782,0.11296654,40.0206,Moderate
aq_g5_46,"Ggaba, Makindye",0.257858556,32.636913,2026-08-01 05:00:00,-0.48381037,20.498922,0.5451069,40.452736,Moderate
aq_g5_46,"Ggaba, Makindye",0.257858556,32.636913,2026-08-01 06:00:00,-0.40488148,22.737637,2.783821,42.691452,Moderate
aq_g5_46,"Ggaba, Makindye",0.257858556,32.636913,2026-08-01 07:00:00,-0.28468162,26.146944,6.1931286,46.10076,Moderate
aq_g5_46,"Ggaba, Makindye",0.257858556,32.636913,2026-08-01 08:00:00,-0.27750215,26.35058,6.3967648,46.304398,Moderate
aq_g5_46,"Ggaba, Makindye",0.257858556,32.636913,2026-08-01 09:00:00,-0.23352176,27.598024,7.644209,47.55184,Moderate
aq_g5_46,"Ggaba, Makindye",0.257858556,32.636913,2026-08-01 10:00:00,-0.28107345,26.249285,6.2954693,46.203102,Moderate
aq_g5_46,"Ggaba, Makindye",0.257858556,32.636913,2026-08-01 11:00:00,-0.5117114,19.707546,0.0,39.66136,Moderate
aq_g5_46,"Ggaba, Makindye",0.257858556,32.636913,2026-08-01 12:00:00,-0.53533846,19.037397,0.0,38.99121,Moderate
aq_g5_46,"Ggaba, Makindye",0.257858556,32.636913,2026-08-01 13:00:00,-0.5357846,19.024742,0.0,38.978558,Moderate
aq_g5_46,"Ggaba, Makindye",0.257858556,32.636913,2026-08-01 14:00:00,-0.493012,20.23793,0.28411484,40.191746,Moderate
aq_g5_46,"Ggaba, Makindye",0.257858556,32.636913,2026-08-01 15:00:00,-0.537317,18.98128,0.0,38.935097,Moderate
aq_g5_46,"Ggaba, Makindye",0.257858556,32.636913,2026-08-01 16:00:00,-0.38080013,23.42067,3.466854,43.374485,Moderate
aq_g5_46,"Ggaba, Makindye",0.257858556,32.636913,2026-08-01 17:00:00,-0.43227157,21.96075,2.0069351,41.914566,Moderate
aq_g5_46,"Ggaba, Makindye",0.257858556,32.636913,2026-08-01 18:00:00,-0.39692488,22.963314,3.0094986,42.91713,Moderate
aq_g5_46,"Ggaba, Makindye",0.257858556,32.636913,2026-08-01 19:00:00,-0.21126384,28.229342,8.275526,48.18316,Moderate
aq_g5_46,"Ggaba, Makindye",0.257858556,32.636913,2026-08-01 20:00:00,-0.10495203,31.244734,11.290918,51.198547,Moderate
aq_g5_46,"Ggaba, Makindye",0.257858556,32.636913,2026-08-01 21:00:00,-0.120368935,30.807453,10.853638,50.76127,Moderate
aq_g5_46,"Ggaba, Makindye",0.257858556,32.636913,2026-08-01 22:00:00,-0.15309907,29.879107,9.925291,49.832924,Moderate
aq_g5_46,"Ggaba, Makindye",0.257858556,32.636913,2026-08-01 23:00:00,-0.12103497,30.788563,10.834747,50.74238,Moderate
aq_g5_48,"Kabalagala town, Makindye",0.300454938,32.60469722,2026-08-01 00:00:00,-0.36624256,23.833576,3.8797607,43.78739,Moderate
aq_g5_48,"Kabalagala town, Makindye",0.300454938,32.60469722,2026-08-01 01:00:00,-0.5449686,18.764252,0.0,38.718067,Moderate
aq_g5_48,"Kabalagala town, Makindye",0.300454938,32.60469722,2026-08-01 02:00:00,-0.5476066,18.689428,0.0,38.64324,Moderate
aq_g5_48,"Kabalagala town, Makindye",0.300454938,32.60469722,2026-08-01 03:00:00,-0.5541327,18.504324,0.0,38.458138,Moderate
aq_g5_48,"Kabalagala town, Makindye",0.300454938,32.60469722,2026-08-01 04:00:00,-0.5138114,19.647984,0.0,39.6018,Moderate
aq_g5_48,"Kabalagala town, Makindye",0.300454938,32.60469722,2026-08-01 05:00:00,-0.44064844,21.723152,1.7693367,41.676968,Moderate
aq_g5_48,"Kabalagala town, Makindye",0.300454938,32.60469722,2026-08-01 06:00:00,-0.16720448,29.479027,9.525211,49.432842,Moderate
aq_g5_48,"Kabalagala town, Makindye",0.300454938,32.60469722,2026-08-01 07:00:00,0.026055876,34.960598,15.006783,54.914413,Moderate
aq_g5_48,"Kabalagala town, Makindye",0.300454938,32.60469722,2026-08-01 08:00:00,0.0055435034,34.37879,14.424976,54.332607,Moderate
aq_g5_48,"Kabalagala town, Makindye",0.300454938,32.60469722,2026-08-01 09:00:00,0.06697668,36.12126,16.167446,56.075077,Unhealthy for Sensitive Groups
aq_g5_48,"Kabalagala town, Makindye",0.300454938,32.60469722,2026-08-01 10:00:00,-0.51398027,19.643192,0.0,39.597008,Moderate
aq_g5_48,"Kabalagala town, Makindye",0.300454938,32.60469722,2026-08-01 11:00:00,-0.6830346,14.848194,0.0,34.80201,Moderate
aq_g5_48,"Kabalagala town, Makindye",0.300454938,32.60469722,2026-08-01 12:00:00,-0.7139291,13.971912,0.0,33.925728,Moderate
aq_g5_48,"Kabalagala town, Makindye",0.300454938,32.60469722,2026-08-01 13:00:00,-0.7170932,13.882166,0.0,33.835983,Moderate
aq_g5_48,"Kabalagala town, Makindye",0.300454938,32.60469722,2026-08-01 14:00:00,-0.70210934,14.307163,0.0,34.26098,Moderate
aq_g5_48,"Kabalagala town, Makindye",0.300454938,32.60469722,2026-08-01 15:00:00,-0.6981006,14.420866,0.0,34.37468,Moderate
aq_g5_48,"Kabalagala town, Makindye",0.300454938,32.60469722,2026-08-01 16:00:00,-0.63775986,16.13235,0.0,36.086166,Moderate
aq_g5_48,"Kabalagala town, Makindye",0.300454938,32.60469722,2026-08-01 17:00:00,-0.5984249,17.248034,0.0,37.20185,Moderate
aq_g5_48,"Kabalagala town, Makindye",0.300454938,32.60469722,2026-08-01 18:00:00,-0.5013585,20.001194,0.04737854,39.95501,Moderate
aq_g5_48,"Kabalagala town, Makindye",0.300454938,32.60469722,2026-08-01 19:00:00,-0.32666692,24.956085,5.0022697,44.9099,Moderate
aq_g5_48,"Kabalagala town, Makindye",0.300454938,32.60469722,2026-08-01 20:00:00,-0.2172107,28.060665,8.10685,48.01448,Moderate
aq_g5_48,"Kabalagala town, Makindye",0.300454938,32.60469722,2026-08-01 21:00:00,-0.20429955,28.426874,8.473059,48.38069,Moderate
aq_g5_48,"Kabalagala town, Makindye",0.300454938,32.60469722,2026-08-01 22:00:00,-0.20826104,28.31451,8.360695,48.268326,Moderate
aq_g5_48,"Kabalagala town, Makindye",0.300454938,32.60469722,2026-08-01 23:00:00,-0.1675433,29.469416,9.5156,49.423233,Moderate
aq_g5_49,Makindye Kcca division offices,0.28571,32.58069,2026-08-01 00:00:00,-0.35960776,24.021763,4.0679474,43.97558,Moderate
aq_g5_49,Makindye Kcca division offices,0.28571,32.58069,2026-08-01 01:00:00,-0.4364649,21.841812,1.8879967,41.795628,Moderate
aq_g5_49,Makindye Kcca division offices,0.28571,32.58069,2026-08-01 02:00:00,-0.46711537,20.972454,1.0186386,40.92627,Moderate
aq_g5_49,Makindye Kcca division offices,0.28571,32.58069,2026-08-01 03:00:00,-0.4546771,21.325249,1.3714333,41.279064,Moderate
aq_g5_49,Makindye Kcca division offices,0.28571,32.58069,2026-08-01 04:00:00,-0.43092322,21.998997,2.0451813,41.952812,Moderate
aq_g5_49,Makindye Kcca division offices,0.28571,32.58069,2026-08-01 05:00:00,-0.24846303,27.174236,7.220421,47.12805,Moderate
aq_g5_49,Makindye Kcca division offices,0.28571,32.58069,2026-08-01 06:00:00,-0.15548462,29.811443,9.857628,49.76526,Moderate
aq_g5_49,Makindye Kcca division offices,0.28571,32.58069,2026-08-01 07:00:00,-0.13945341,30.266148,10.312332,50.219963,Moderate
aq_g5_49,Makindye Kcca division offices,0.28571,32.58069,2026-08-01 08:00:00,0.015154318,34.65139,14.697575,54.605206,Moderate
aq_g5_49,Makindye Kcca division offices,0.28571,32.58069,2026-08-01 09:00:00,-0.09744112,31.457771,11.503956,51.411587,Moderate
aq_g5_49,Makindye Kcca division offices,0.28571,32.58069,2026-08-01 10:00:00,-0.46938905,20.907963,0.95414734,40.86178,Moderate
aq_g5_49,Makindye Kcca division offices,0.28571,32.58069,2026-08-01 11:00:00,-0.68982726,14.655529,0.0,34.609344,Moderate
aq_g5_49,Makindye Kcca division offices,0.28571,32.58069,2026-08-01 12:00:00,-0.73284715,13.435328,0.0,33.389145,Moderate
aq_g5_49,Makindye Kcca division offices,0.28571,32.58069,2026-08-01 13:00:00,-0.7360895,13.343361,0.0,33.297176,Moderate
aq_g5_49,Makindye Kcca division offices,0.28571,32.58069,2026-08-01 14:00:00,-0.737317,13.308544,0.0,33.26236,Moderate
aq_g5_49,Makindye Kcca division offices,0.28571,32.58069,2026-08-01 15:00:00,-0.729877,13.519571,0.0,33.47339,Moderate
aq_g5_49,Makindye Kcca division offices,0.28571,32.58069,2026-08-01 16:00:00,-0.6445126,15.940819,0.0,35.894634,Moderate
aq_g5_49,Makindye Kcca division offices,0.28571,32.58069,2026-08-01 17:00:00,-0.4549819,21.316605,1.3627892,41.27042,Moderate
aq_g5_49,Makindye Kcca division offices,0.28571,32.58069,2026-08-01 18:00:00,-0.45219356,21.39569,1.4418755,41.349506,Moderate
aq_g5_49,Makindye Kcca division offices,0.28571,32.58069,2026-08-01 19:00:00,-0.2811739,26.246435,6.2926197,46.20025,Moderate
aq_g5_49,Makindye Kcca division offices,0.28571,32.58069,2026-08-01 20:00:00,-0.24522954,27.26595,7.312134,47.219765,Moderate
aq_g5_49,Makindye Kcca division offices,0.28571,32.58069,2026-08-01 21:00:00,-0.22218458,27.919588,7.9657726,47.873405,Moderate
aq_g5_49,Makindye Kcca division offices,0.28571,32.58069,2026-08-01 22:00:00,-0.23725009,27.492275,7.53846,47.44609,Moderate
aq_g5_49,Makindye Kcca division offices,0.28571,32.58069,2026-08-01 23:00:00,-0.2552323,26.982235,7.0284195,46.93605,Moderate
aq_g5_5,Pece Gulu,2.766827028,32.30435305,2026-08-01 00:00:00,-0.34444258,24.451904,4.498089,44.40572,Moderate
aq_g5_5,Pece Gulu,2.766827028,32.30435305,2026-08-01 01:00:00,-0.36359304,23.908726,3.9549103,43.86254,Moderate
aq_g5_5,Pece Gulu,2.766827028,32.30435305,2026-08-01 02:00:00,-0.37481126,23.590538,3.6367226,43.544353,Moderate
aq_g5_5,Pece Gulu,2.766827028,32.30435305,2026-08-01 03:00:00,-0.62765723,16.418898,0.0,36.37271,Moderate
aq_g5_5,Pece Gulu,2.766827028,32.30435305,2026-08-01 04:00:00,-0.7122978,14.018181,0.0,33.971996,Moderate
aq_g5_5,Pece Gulu,2.766827028,32.30435305,2026-08-01 05:00:00,-0.74527806,13.082741,0.0,33.036556,Moderate
aq_g5_5,Pece Gulu,2.766827028,32.30435305,2026-08-01 06:00:00,-0.5654752,18.182608,0.0,38.13642,Moderate
aq_g5_5,Pece Gulu,2.766827028,32.30435305,2026-08-01 07:00:00,-0.5194918,19.486866,0.0,39.44068,Moderate
aq_g5_5,Pece Gulu,2.766827028,32.30435305,2026-08-01 08:00:00,-0.46952257,20.904177,0.95036125,40.857994,Moderate
aq_g5_5,Pece Gulu,2.766827028,32.30435305,2026-08-01 09:00:00,-0.58667624,17.58127,0.0,37.535088,Moderate
aq_g5_5,Pece Gulu,2.766827028,32.30435305,2026-08-01 10:00:00,-0.6885933,14.690527,0.0,34.64434,Moderate
aq_g5_5,Pece Gulu,2.766827028,32.30435305,2026-08-01 11:00:00,-0.75807756,12.7197,0.0,32.673515,Moderate
aq_g5_5,Pece Gulu,2.766827028,32.30435305,2026-08-01 12:00:00,-0.76422316,12.545389,0.0,32.499207,Moderate
aq_g5_5,Pece Gulu,2.766827028,32.30435305,2026-08-01 13:00:00,-0.75224876,12.885025,0.0,32.83884,Moderate
aq_g5_5,Pece Gulu,2.766827028,32.30435305,2026-08-01 14:00:00,-0.7491757,12.972189,0.0,32.926003,Moderate
aq_g5_5,Pece Gulu,2.766827028,32.30435305,2026-08-01 15:00:00,-0.74087,13.207769,0.0,33.161583,Moderate
aq_g5_5,Pece Gulu,2.766827028,32.30435305,2026-08-01 16:00:00,-0.6937253,14.544966,0.0,34.49878,Moderate
aq_g5_5,Pece Gulu,2.766827028,32.30435305,2026-08-01 17:00:00,-0.6807496,14.913004,0.0,34.86682,Moderate
aq_g5_5,Pece Gulu,2.766827028,32.30435305,2026-08-01 18:00:00,-0.61732656,16.711914,0.0,36.66573,Moderate
aq_g5_5,Pece Gulu,2.766827028,32.30435305,2026-08-01 19:00:00,-0.4849094,20.46775,0.5139351,40.421566,Moderate
aq_g5_5,Pece Gulu,2.766827028,32.30435305,2026-08-01 20:00:00,-0.38425085,23.322796,3.3689804,43.27661,Moderate
aq_g5_5,Pece Gulu,2.766827028,32.30435305,2026-08-01 21:00:00,-0.3480263,24.350256,4.3964405,44.30407,Moderate
aq_g5_5,Pece Gulu,2.766827028,32.30435305,2026-08-01 22:00:00,-0.27903178,26.307194,6.3533783,46.26101,Moderate
aq_g5_5,Pece Gulu,2.766827028,32.30435305,2026-08-01 23:00:00,-0.21763374,28.048668,8.094852,48.002483,Moderate
aq_g5_50,"Rushoroza Hill, Kabale",-1.24,29.99,2026-08-01 00:00:00,-0.22114351,27.949118,7.995302,47.90293,Moderate
aq_g5_50,"Rushoroza Hill, Kabale",-1.24,29.99,2026-08-01 01:00:00,-0.26575458,26.683784,6.729969,46.6376,Moderate
aq_g5_50,"Rushoroza Hill, Kabale",-1.24,29.99,2026-08-01 02:00:00,-0.289455,26.011553,6.0577374,45.96537,Moderate
aq_g5_50,"Rushoroza Hill, Kabale",-1.24,29.99,2026-08-01 03:00:00,-0.2548367,26.993454,7.0396385,46.94727,Moderate
aq_g5_50,"Rushoroza Hill, Kabale",-1.24,29.99,2026-08-01 04:00:00,-0.20517431,28.402061,8.448246,48.355877,Moderate
aq_g5_50,"Rushoroza Hill, Kabale",-1.24,29.99,2026-08-01 05:00:00,-0.17613445,29.225739,9.271923,49.179554,Moderate
aq_g5_50,"Rushoroza Hill, Kabale",-1.24,29.99,2026-08-01 06:00:00,-0.103866674,31.275518,11.321703,51.229332,Moderate
aq_g5_50,"Rushoroza Hill, Kabale",-1.24,29.99,2026-08-01 07:00:00,0.028368875,35.026203,15.072388,54.98002,Moderate
aq_g5_50,"Rushoroza Hill, Kabale",-1.24,29.99,2026-08-01 08:00:00,0.08715216,36.693512,16.739697,56.647327,Unhealthy for Sensitive Groups
aq_g5_50,"Rushoroza Hill, Kabale",-1.24,29.99,2026-08-01 09:00:00,-0.2510921,27.099665,7.145849,47.053482,Moderate
aq_g5_50,"Rushoroza Hill, Kabale",-1.24,29.99,2026-08-01 10:00:00,-0.38837302,23.205875,3.25206,43.15969,Moderate
aq_g5_50,"Rushoroza Hill, Kabale",-1.24,29.99,2026-08-01 11:00:00,-0.5190845,19.498419,0.0,39.452232,Moderate
aq_g5_50,"Rushoroza Hill, Kabale",-1.24,29.99,2026-08-01 12:00:00,-0.4823959,20.539043,0.58522797,40.49286,Moderate
aq_g5_50,"Rushoroza Hill, Kabale",-1.24,29.99,2026-08-01 13:00:00,-0.46305782,21.08754,1.1337242,41.041355,Moderate
aq_g5_50,"Rushoroza Hill, Kabale",-1.24,29.99,2026-08-01 14:00:00,-0.45558342,21.299541,1.345726,41.253357,Moderate
aq_g5_50,"Rushoroza Hill, Kabale",-1.24,29.99,2026-08-01 15:00:00,-0.5035663,19.938572,0.0,39.892387,Moderate
aq_g5_50,"Rushoroza Hill, Kabale",-1.24,29.99,2026-08-01 16:00:00,-0.4219054,22.254774,2.3009586,42.208588,Moderate
aq_g5_50,"Rushoroza Hill, Kabale",-1.24,29.99,2026-08-01 17:00:00,-0.3783137,23.491196,3.5373802,43.44501,Moderate
aq_g5_50,"Rushoroza Hill, Kabale",-1.24,29.99,2026-08-01 18:00:00,-0.3365289,24.676365,4.7225494,44.63018,Moderate
aq_g5_50,"Rushoroza Hill, Kabale",-1.24,29.99,2026-08-01 19:00:00,-0.1718415,29.347504,9.393688,49.30132,Moderate
aq_g5_50,"Rushoroza Hill, Kabale",-1.24,29.99,2026-08-01 20:00:00,-0.18053852,29.100822,9.147007,49.054638,Moderate
aq_g5_50,"Rushoroza Hill, Kabale",-1.24,29.99,2026-08-01 21:00:00,-0.053721882,32.697807,12.743992,52.651623,Moderate
aq_g5_50,"Rushoroza Hill, Kabale",-1.24,29.99,2026-08-01 22:00:00,-0.056290045,32.624966,12.67115,52.57878,Moderate
aq_g5_50,"Rushoroza Hill, Kabale",-1.24,29.99,2026-08-01 23:00:00,-0.049677353,32.812527,12.858711,52.766342,Moderate
aq_g5_51,"Muyenga tank hill, Makindye",0.298243605,32.61538528,2026-08-01 00:00:00,-0.2889089,26.027042,6.073227,45.980858,Moderate
aq_g5_51,"Muyenga tank hill, Makindye",0.298243605,32.61538528,2026-08-01 01:00:00,-0.47931504,20.626427,0.67261124,40.580242,Moderate
aq_g5_51,"Muyenga tank hill, Makindye",0.298243605,32.61538528,2026-08-01 02:00:00,-0.5255547,19.3149,0.0,39.268715,Moderate
aq_g5_51,"Muyenga tank hill, Makindye",0.298243605,32.61538528,2026-08-01 03:00:00,-0.49516648,20.176823,0.2230072,40.13064,Moderate
aq_g5_51,"Muyenga tank hill, Makindye",0.298243605,32.61538528,2026-08-01 04:00:00,-0.48604435,20.435558,0.48174286,40.389374,Moderate
aq_g5_51,"Muyenga tank hill, Makindye",0.298243605,32.61538528,2026-08-01 05:00:00,-0.33073962,24.84057,4.886755,44.794388,Moderate
aq_g5_51,"Muyenga tank hill, Makindye",0.298243605,32.61538528,2026-08-01 06:00:00,-0.23411861,27.581097,7.627281,47.534912,Moderate
aq_g5_51,"Muyenga tank hill, Makindye",0.298243605,32.61538528,2026-08-01 07:00:00,-0.2913795,25.956966,6.003151,45.91078,Moderate
aq_g5_51,"Muyenga tank hill, Makindye",0.298243605,32.61538528,2026-08-01 08:00:00,-0.16748585,29.471045,9.517229,49.42486,Moderate
aq_g5_51,"Muyenga tank hill, Makindye",0.298243605,32.61538528,2026-08-01 09:00:00,-0.29923117,25.734264,5.780449,45.68808,Moderate
aq_g5_51,"Muyenga tank hill, Makindye",0.298243605,32.61538528,2026-08-01 10:00:00,-0.48708856,20.405941,0.45212555,40.359756,Moderate
aq_g5_51,"Muyenga tank hill, Makindye",0.298243605,32.61538528,2026-08-01 11:00:00,-0.67828697,14.982853,0.0,34.93667,Moderate
aq_g5_51,"Muyenga tank hill, Makindye",0.298243605,32.61538528,2026-08-01 12:00:00,-0.7081238,14.136572,0.0,34.090385,Moderate
aq_g5_51,"Muyenga tank hill, Makindye",0.298243605,32.61538528,2026-08-01 13:00:00,-0.7132003,13.992584,0.0,33.9464,Moderate
aq_g5_51,"Muyenga tank hill, Makindye",0.298243605,32.61538528,2026-08-01 14:00:00,-0.70105314,14.337122,0.0,34.29094,Moderate
aq_g5_51,"Muyenga tank hill, Makindye",0.298243605,32.61538528,2026-08-01 15:00:00,-0.66894096,15.24794,0.0,35.201756,Moderate
aq_g5_51,"Muyenga tank hill, Makindye",0.298243605,32.61538528,2026-08-01 16:00:00,-0.6611085,15.4700985,0.0,35.423912,Moderate
aq_g5_51,"Muyenga tank hill, Makindye",0.298243605,32.61538528,2026-08-01 17:00:00,-0.36572433,23.848274,3.8944588,43.80209,Moderate
aq_g5_51,"Muyenga tank hill, Makindye",0.298243605,32.61538528,2026-08-01 18:00:00,-0.4438374,21.632702,1.6788864,41.586517,Moderate
aq_g5_51,"Muyenga tank hill, Makindye",0.298243605,32.61538528,2026-08-01 19:00:00,-0.3316096,24.815895,4.8620796,44.76971,Moderate
aq_g5_51,"Muyenga tank hill, Makindye",0.298243605,32.61538528,2026-08-01 20:00:00,-0.27597266,26.39396,6.4401455,46.34778,Moderate
aq_g5_51,"Muyenga tank hill, Makindye",0.298243605,32.61538528,2026-08-01 21:00:00,-0.21487617,28.126883,8.173067,48.080696,Moderate
aq_g5_51,"Muyenga tank hill, Makindye",0.298243605,32.61538528,2026-08-01 22:00:00,-0.23185793,27.645218,7.6914024,47.599033,Moderate
aq_g5_51,"Muyenga tank hill, Makindye",0.298243605,32.61538528,2026-08-01 23:00:00,-0.22494987,27.841156,7.8873405,47.79497,Moderate
aq_g5_53,Kansanga Seed Secondary School,0.28863,32.60297,2026-08-01 00:00:00,-0.1474189,30.040218,10.086403,49.994034,Moderate
aq_g5_53,Kansanga Seed Secondary School,0.28863,32.60297,2026-08-01 01:00:00,-0.3889306,23.19006,3.2362442,43.143875,Moderate
aq_g5_53,Kansanga Seed Secondary School,0.28863,32.60297,2026-08-01 02:00:00,-0.50015247,20.0354,0.08158493,39.989216,Moderate
aq_g5_53,Kansanga Seed Secondary School,0.28863,32.60297,2026-08-01 03:00:00,-0.52688926,19.277046,0.0,39.23086,Moderate
aq_g5_53,Kansanga Seed Secondary School,0.28863,32.60297,2026-08-01 04:00:00,-0.5609098,18.3121,0.0,38.265915,Moderate
aq_g5_53,Kansanga Seed Secondary School,0.28863,32.60297,2026-08-01 05:00:00,-0.2920689,25.937412,5.983597,45.891228,Moderate
aq_g5_53,Kansanga Seed Secondary School,0.28863,32.60297,2026-08-01 06:00:00,-0.0593534,32.53808,12.584263,52.491894,Moderate
aq_g5_53,Kansanga Seed Secondary School,0.28863,32.60297,2026-08-01 07:00:00,0.12645517,37.80829,17.854473,57.762104,Unhealthy for Sensitive Groups
aq_g5_53,Kansanga Seed Secondary School,0.28863,32.60297,2026-08-01 08:00:00,0.09699198,36.972607,17.018791,56.926422,Unhealthy for Sensitive Groups
aq_g5_53,Kansanga Seed Secondary School,0.28863,32.60297,2026-08-01 09:00:00,0.027569097,35.003517,15.049702,54.957333,Moderate
aq_g5_53,Kansanga Seed Secondary School,0.28863,32.60297,2026-08-01 10:00:00,-0.41407531,22.476864,2.5230484,42.43068,Moderate
aq_g5_53,Kansanga Seed Secondary School,0.28863,32.60297,2026-08-01 11:00:00,-0.6265228,16.451077,0.0,36.404892,Moderate
aq_g5_53,Kansanga Seed Secondary School,0.28863,32.60297,2026-08-01 12:00:00,-0.67410815,15.101379,0.0,35.055195,Moderate
aq_g5_53,Kansanga Seed Secondary School,0.28863,32.60297,2026-08-01 13:00:00,-0.6759901,15.048,0.0,35.001816,Moderate
aq_g5_53,Kansanga Seed Secondary School,0.28863,32.60297,2026-08-01 14:00:00,-0.66140836,15.461592,0.0,35.415405,Moderate
aq_g5_53,Kansanga Seed Secondary School,0.28863,32.60297,2026-08-01 15:00:00,-0.6516822,15.737463,0.0,35.691277,Moderate
aq_g5_53,Kansanga Seed Secondary School,0.28863,32.60297,2026-08-01 16:00:00,-0.58963007,17.497488,0.0,37.4513,Moderate
aq_g5_53,Kansanga Seed Secondary School,0.28863,32.60297,2026-08-01 17:00:00,-0.41081646,22.569298,2.6154823,42.523113,Moderate
aq_g5_53,Kansanga Seed Secondary School,0.28863,32.60297,2026-08-01 18:00:00,-0.3887887,23.194084,3.2402687,43.1479,Moderate
aq_g5_53,Kansanga Seed Secondary School,0.28863,32.60297,2026-08-01 19:00:00,-0.20322315,28.457405,8.50359,48.41122,Moderate
aq_g5_53,Kansanga Seed Secondary School,0.28863,32.60297,2026-08-01 20:00:00,-0.114435524,30.975746,11.021931,50.92956,Moderate
aq_g5_53,Kansanga Seed Secondary School,0.28863,32.60297,2026-08-01 21:00:00,-0.09075016,31.64755,11.693735,51.601364,Moderate
aq_g5_53,Kansanga Seed Secondary School,0.28863,32.60297,2026-08-01 22:00:00,-0.0940128,31.55501,11.601194,51.508827,Moderate
aq_g5_53,Kansanga Seed Secondary School,0.28863,32.60297,2026-08-01 23:00:00,-0.08791314,31.72802,11.774204,51.681835,Moderate
aq_g5_54,KCCA Division Rubaga,0.30887,32.56618,2026-08-01 00:00:00,-0.19337799,28.736649,8.782833,48.690464,Moderate
aq_g5_54,KCCA Division Rubaga,0.30887,32.56618,2026-08-01 01:00:00,-0.24363069,27.311298,7.357483,47.265114,Moderate
aq_g5_54,KCCA Division Rubaga,0.30887,32.56618,2026-08-01 02:00:00,-0.27657372,26.376913,6.4230976,46.330727,Moderate
aq_g5_54,KCCA Division Rubaga,0.30887,32.56618,2026-08-01 03:00:00,-0.25203487,27.072926,7.11911,47.02674,Moderate
aq_g5_54,KCCA Division Rubaga,0.30887,32.56618,2026-08-01 04:00:00,-0.20540379,28.395554,8.441738,48.34937,Moderate
aq_g5_54,KCCA Division Rubaga,0.30887,32.56618,2026-08-01 05:00:00,-0.15359654,29.864998,9.911182,49.818813,Moderate
aq_g5_54,KCCA Division Rubaga,0.30887,32.56618,2026-08-01 06:00:00,-0.03612969,33.19679,13.242973,53.150604,Moderate
aq_g5_54,KCCA Division Rubaga,0.30887,32.56618,2026-08-01 07:00:00,0.29549208,42.602795,22.64898,62.55661,Unhealthy for Sensitive Groups
aq_g5_54,KCCA Division Rubaga,0.30887,32.56618,2026-08-01 08:00:00,0.14244309,38.261765,18.30795,58.21558,Unhealthy for Sensitive Groups
aq_g5_54,KCCA Division Rubaga,0.30887,32.56618,2026-08-01 09:00:00,0.3559603,44.317898,24.364082,64.27171,Unhealthy for Sensitive Groups
aq_g5_54,KCCA Division Rubaga,0.30887,32.56618,2026-08-01 10:00:00,-0.3667947,23.817917,3.8641014,43.771732,Moderate
aq_g5_54,KCCA Division Rubaga,0.30887,32.56618,2026-08-01 11:00:00,-0.6208389,16.612291,0.0,36.56611,Moderate
aq_g5_54,KCCA Division Rubaga,0.30887,32.56618,2026-08-01 12:00:00,-0.6724622,15.148064,0.0,35.10188,Moderate
aq_g5_54,KCCA Division Rubaga,0.30887,32.56618,2026-08-01 13:00:00,-0.68441063,14.809164,0.0,34.762978,Moderate
aq_g5_54,KCCA Division Rubaga,0.30887,32.56618,2026-08-01 14:00:00,-0.62636703,16.455494,0.0,36.40931,Moderate
aq_g5_54,KCCA Division Rubaga,0.30887,32.56618,2026-08-01 15:00:00,-0.5897229,17.494856,0.0,37.44867,Moderate
aq_g5_54,KCCA Division Rubaga,0.30887,32.56618,2026-08-01 16:00:00,-0.5361746,19.013681,0.0,38.9675,Moderate
aq_g5_54,KCCA Division Rubaga,0.30887,32.56618,2026-08-01 17:00:00,-0.40285534,22.795105,2.8412895,42.74892,Moderate
aq_g5_54,KCCA Division Rubaga,0.30887,32.56618,2026-08-01 18:00:00,-0.36355266,23.909872,3.9560566,43.863686,Moderate
aq_g5_54,KCCA Division Rubaga,0.30887,32.56618,2026-08-01 19:00:00,-0.15329699,29.873493,9.919678,49.82731,Moderate
aq_g5_54,KCCA Division Rubaga,0.30887,32.56618,2026-08-01 20:00:00,-0.08834405,31.715797,11.761982,51.669613,Moderate
aq_g5_54,KCCA Division Rubaga,0.30887,32.56618,2026-08-01 21:00:00,-0.059604846,32.530945,12.577129,52.48476,Moderate
aq_g5_54,KCCA Division Rubaga,0.30887,32.56618,2026-08-01 22:00:00,-0.07530867,32.08553,12.131714,52.039345,Moderate
aq_g5_54,KCCA Division Rubaga,0.30887,32.56618,2026-08-01 23:00:00,-0.09111215,31.637283,11.683468,51.5911,Moderate
aq_g5_59,"Kikungiri Hill, Kabale Municipality Kabale",-1.2726,29.98752,2026-08-01 00:00:00,1.0758361,64.73621,44.7824,84.69003,Unhealthy
aq_g5_59,"Kikungiri Hill, Kabale Municipality Kabale",-1.2726,29.98752,2026-08-01 01:00:00,1.2277654,69.04549,49.09167,88.9993,Unhealthy
aq_g5_59,"Kikungiri Hill, Kabale Municipality Kabale",-1.2726,29.98752,2026-08-01 02:00:00,1.2325119,69.180115,49.2263,89.13393,Unhealthy
aq_g5_59,"Kikungiri Hill, Kabale Municipality Kabale",-1.2726,29.98752,2026-08-01 03:00:00,0.8166071,57.38353,37.429714,77.33734,Unhealthy
aq_g5_59,"Kikungiri Hill, Kabale Municipality Kabale",-1.2726,29.98752,2026-08-01 04:00:00,0.68823,53.74228,33.788464,73.69609,Unhealthy for Sensitive Groups
aq_g5_59,"Kikungiri Hill, Kabale Municipality Kabale",-1.2726,29.98752,2026-08-01 05:00:00,0.76622087,55.95439,36.000576,75.9082,Unhealthy
aq_g5_59,"Kikungiri Hill, Kabale Municipality Kabale",-1.2726,29.98752,2026-08-01 06:00:00,0.7360866,55.09967,35.145855,75.05348,Unhealthy for Sensitive Groups
aq_g5_59,"Kikungiri Hill, Kabale Municipality Kabale",-1.2726,29.98752,2026-08-01 07:00:00,0.63681275,52.2839,32.330086,72.23772,Unhealthy for Sensitive Groups
aq_g5_59,"Kikungiri Hill, Kabale Municipality Kabale",-1.2726,29.98752,2026-08-01 08:00:00,0.3078243,42.952583,22.998768,62.9064,Unhealthy for Sensitive Groups
aq_g5_59,"Kikungiri Hill, Kabale Municipality Kabale",-1.2726,29.98752,2026-08-01 09:00:00,-0.09163566,31.622435,11.668619,51.57625,Moderate
aq_g5_59,"Kikungiri Hill, Kabale Municipality Kabale",-1.2726,29.98752,2026-08-01 10:00:00,-0.489893,20.326397,0.37258148,40.280212,Moderate
aq_g5_59,"Kikungiri Hill, Kabale Municipality Kabale",-1.2726,29.98752,2026-08-01 11:00:00,-0.59581727,17.321997,0.0,37.27581,Moderate
aq_g5_59,"Kikungiri Hill, Kabale Municipality Kabale",-1.2726,29.98752,2026-08-01 12:00:00,-0.6644635,15.374937,0.0,35.32875,Moderate
aq_g5_59,"Kikungiri Hill, Kabale Municipality Kabale",-1.2726,29.98752,2026-08-01 13:00:00,-0.708003,14.1399975,0.0,34.09381,Moderate
aq_g5_59,"Kikungiri Hill, Kabale Municipality Kabale",-1.2726,29.98752,2026-08-01 14:00:00,-0.6985261,14.408798,0.0,34.362614,Moderate
aq_g5_59,"Kikungiri Hill, Kabale Municipality Kabale",-1.2726,29.98752,2026-08-01 15:00:00,-0.65840226,15.546856,0.0,35.50067,Moderate
aq_g5_59,"Kikungiri Hill, Kabale Municipality Kabale",-1.2726,29.98752,2026-08-01 16:00:00,-0.60237855,17.135895,0.0,37.08971,Moderate
aq_g5_59,"Kikungiri Hill, Kabale Municipality Kabale",-1.2726,29.98752,2026-08-01 17:00:00,-0.5539616,18.509178,0.0,38.462994,Moderate
aq_g5_59,"Kikungiri Hill, Kabale Municipality Kabale",-1.2726,29.98752,2026-08-01 18:00:00,-0.32090294,25.119576,5.16576,45.07339,Moderate
aq_g5_59,"Kikungiri Hill, Kabale Municipality Kabale",-1.2726,29.98752,2026-08-01 19:00:00,0.096518844,36.959187,17.005371,56.913002,Unhealthy for Sensitive Groups
aq_g5_59,"Kikungiri Hill, Kabale Municipality Kabale",-1.2726,29.98752,2026-08-01 20:00:00,0.5037378,48.509407,28.555592,68.46323,Unhealthy for Sensitive Groups
aq_g5_59,"Kikungiri Hill, Kabale Municipality Kabale",-1.2726,29.98752,2026-08-01 21:00:00,0.8430352,58.133125,38.17931,78.086945,Unhealthy
aq_g5_59,"Kikungiri Hill, Kabale Municipality Kabale",-1.2726,29.98752,2026-08-01 22:00:00,0.91404843,60.147324,40.19351,80.101135,Unhealthy
aq_g5_59,"Kikungiri Hill, Kabale Municipality Kabale",-1.2726,29.98752,2026-08-01 23:00:00,1.1169344,65.90191,45.948093,85.85573,Unhealthy
aq_g5_62,"Bunyonyi Region, Kabale",-1.27106,29.93945,2026-08-01 00:00:00,-0.49338093,20.227467,0.27365112,40.181282,Moderate
aq_g5_62,"Bunyonyi Region, Kabale",-1.27106,29.93945,2026-08-01 01:00:00,-0.53186834,19.135822,0.0,39.089638,Moderate
aq_g5_62,"Bunyonyi Region, Kabale",-1.27106,29.93945,2026-08-01 02:00:00,-0.53257835,19.115685,0.0,39.0695,Moderate
aq_g5_62,"Bunyonyi Region, Kabale",-1.27106,29.93945,2026-08-01 03:00:00,-0.5286163,19.228062,0.0,39.181877,Moderate
aq_g5_62,"Bunyonyi Region, Kabale",-1.27106,29.93945,2026-08-01 04:00:00,-0.5688382,18.087223,0.0,38.04104,Moderate
aq_g5_62,"Bunyonyi Region, Kabale",-1.27106,29.93945,2026-08-01 05:00:00,-0.5841498,17.65293,0.0,37.606743,Moderate
aq_g5_62,"Bunyonyi Region, Kabale",-1.27106,29.93945,2026-08-01 06:00:00,-0.529696,19.197437,0.0,39.151253,Moderate
aq_g5_62,"Bunyonyi Region, Kabale",-1.27106,29.93945,2026-08-01 07:00:00,-0.43700615,21.826462,1.8726463,41.780277,Moderate
aq_g5_62,"Bunyonyi Region, Kabale",-1.27106,29.93945,2026-08-01 08:00:00,-0.36146238,23.96916,4.0153446,43.922974,Moderate
aq_g5_62,"Bunyonyi Region, Kabale",-1.27106,29.93945,2026-08-01 09:00:00,-0.35014957,24.290031,4.336216,44.243847,Moderate
aq_g5_62,"Bunyonyi Region, Kabale",-1.27106,29.93945,2026-08-01 10:00:00,-0.52245796,19.402737,0.0,39.356552,Moderate
aq_g5_62,"Bunyonyi Region, Kabale",-1.27106,29.93945,2026-08-01 11:00:00,-0.5933981,17.390614,0.0,37.34443,Moderate
aq_g5_62,"Bunyonyi Region, Kabale",-1.27106,29.93945,2026-08-01 12:00:00,-0.6313855,16.31315,0.0,36.266968,Moderate
aq_g5_62,"Bunyonyi Region, Kabale",-1.27106,29.93945,2026-08-01 13:00:00,-0.6277281,16.416887,0.0,36.370705,Moderate
aq_g5_62,"Bunyonyi Region, Kabale",-1.27106,29.93945,2026-08-01 14:00:00,-0.6889714,14.679804,0.0,34.63362,Moderate
aq_g5_62,"Bunyonyi Region, Kabale",-1.27106,29.93945,2026-08-01 15:00:00,-0.63775235,16.132565,0.0,36.08638,Moderate
aq_g5_62,"Bunyonyi Region, Kabale",-1.27106,29.93945,2026-08-01 16:00:00,-0.591933,17.432169,0.0,37.385986,Moderate
aq_g5_62,"Bunyonyi Region, Kabale",-1.27106,29.93945,2026-08-01 17:00:00,-0.51683015,19.56236,0.0,39.516174,Moderate
aq_g5_62,"Bunyonyi Region, Kabale",-1.27106,29.93945,2026-08-01 18:00:00,-0.31763405,25.212292,5.2584763,45.166107,Moderate
aq_g5_62,"Bunyonyi Region, Kabale",-1.27106,29.93945,2026-08-01 19:00:00,-0.22902335,27.725616,7.771801,47.679432,Moderate
aq_g5_62,"Bunyonyi Region, Kabale",-1.27106,29.93945,2026-08-01 20:00:00,-0.17447592,29.272781,9.318966,49.226597,Moderate
aq_g5_62,"Bunyonyi Region, Kabale",-1.27106,29.93945,2026-08-01 21:00:00,-0.252466,27.060698,7.106882,47.01451,Moderate
aq_g5_62,"Bunyonyi Region, Kabale",-1.27106,29.93945,2026-08-01 22:00:00,-0.25536457,26.978483,7.0246677,46.932297,Moderate
aq_g5_62,"Bunyonyi Region, Kabale",-1.27106,29.93945,2026-08-01 23:00:00,-0.33808628,24.63219,4.6783752,44.586006,Moderate
aq_g5_71,"Kyebando, Kampala",0.36133702,32.58709202,2026-08-01 00:00:00,-0.20198433,28.492542,8.538727,48.446358,Moderate
aq_g5_71,"Kyebando, Kampala",0.36133702,32.58709202,2026-08-01 01:00:00,-0.25440875,27.005592,7.051777,46.959408,Moderate
aq_g5_71,"Kyebando, Kampala",0.36133702,32.58709202,2026-08-01 02:00:00,-0.25599238,26.960676,7.0068607,46.91449,Moderate
aq_g5_71,"Kyebando, Kampala",0.36133702,32.58709202,2026-08-01 03:00:00,-0.039816245,33.092224,13.138409,53.04604,Moderate
aq_g5_71,"Kyebando, Kampala",0.36133702,32.58709202,2026-08-01 04:00:00,-0.26025572,26.839752,6.8859367,46.793568,Moderate
aq_g5_71,"Kyebando, Kampala",0.36133702,32.58709202,2026-08-01 05:00:00,-0.16992132,29.401966,9.448151,49.35578,Moderate
aq_g5_71,"Kyebando, Kampala",0.36133702,32.58709202,2026-08-01 06:00:00,-0.092615865,31.594633,11.640818,51.548447,Moderate
aq_g5_71,"Kyebando, Kampala",0.36133702,32.58709202,2026-08-01 07:00:00,0.24081957,41.052082,21.098267,61.005898,Unhealthy for Sensitive Groups
aq_g5_71,"Kyebando, Kampala",0.36133702,32.58709202,2026-08-01 08:00:00,0.32069135,43.31754,23.363724,63.271355,Unhealthy for Sensitive Groups
aq_g5_71,"Kyebando, Kampala",0.36133702,32.58709202,2026-08-01 09:00:00,0.017458929,34.71676,14.762943,54.670574,Moderate
aq_g5_71,"Kyebando, Kampala",0.36133702,32.58709202,2026-08-01 10:00:00,-0.40057498,22.859783,2.9059677,42.8136,Moderate
aq_g5_71,"Kyebando, Kampala",0.36133702,32.58709202,2026-08-01 11:00:00,-0.6467326,15.87785,0.0,35.831665,Moderate
aq_g5_71,"Kyebando, Kampala",0.36133702,32.58709202,2026-08-01 12:00:00,-0.6963824,14.469601,0.0,34.423416,Moderate
aq_g5_71,"Kyebando, Kampala",0.36133702,32.58709202,2026-08-01 13:00:00,-0.6893448,14.669212,0.0,34.623028,Moderate
aq_g5_71,"Kyebando, Kampala",0.36133702,32.58709202,2026-08-01 14:00:00,-0.65621775,15.608818,0.0,35.562634,Moderate
aq_g5_71,"Kyebando, Kampala",0.36133702,32.58709202,2026-08-01 15:00:00,-0.62869555,16.389448,0.0,36.34326,Moderate
aq_g5_71,"Kyebando, Kampala",0.36133702,32.58709202,2026-08-01 16:00:00,-0.6141188,16.802898,0.0,36.756714,Moderate
aq_g5_71,"Kyebando, Kampala",0.36133702,32.58709202,2026-08-01 17:00:00,-0.43742684,21.81453,1.860714,41.768345,Moderate
aq_g5_71,"Kyebando, Kampala",0.36133702,32.58709202,2026-08-01 18:00:00,-0.36189285,23.956951,4.0031357,43.910767,Moderate
aq_g5_71,"Kyebando, Kampala",0.36133702,32.58709202,2026-08-01 19:00:00,-0.11965728,30.827639,10.873823,50.781456,Moderate
aq_g5_71,"Kyebando, Kampala",0.36133702,32.58709202,2026-08-01 20:00:00,-0.040209793,33.081062,13.127247,53.034878,Moderate
aq_g5_71,"Kyebando, Kampala",0.36133702,32.58709202,2026-08-01 21:00:00,-0.012203489,33.875423,13.921608,53.82924,Moderate
aq_g5_71,"Kyebando, Kampala",0.36133702,32.58709202,2026-08-01 22:00:00,-0.0018675374,34.168587,14.214771,54.122402,Moderate
aq_g5_71,"Kyebando, Kampala",0.36133702,32.58709202,2026-08-01 23:00:00,-0.010732307,33.91715,13.963333,53.870964,Moderate
aq_g5_75,Faculty of Engineering Technology and Applied Art,-1.250234846,29.98132346,2026-08-01 00:00:00,0.1849957,39.46871,19.514896,59.422527,Unhealthy for Sensitive Groups
aq_g5_75,Faculty of Engineering Technology and Applied Art,-1.250234846,29.98132346,2026-08-01 01:00:00,0.1599355,38.757915,18.8041,58.71173,Unhealthy for Sensitive Groups
aq_g5_75,Faculty of Engineering Technology and Applied Art,-1.250234846,29.98132346,2026-08-01 02:00:00,0.19306153,39.69749,19.743675,59.651306,Unhealthy for Sensitive Groups
aq_g5_75,Faculty of Engineering Technology and Applied Art,-1.250234846,29.98132346,2026-08-01 03:00:00,0.052010108,35.696754,15.742939,55.65057,Unhealthy for Sensitive Groups
aq_g5_75,Faculty of Engineering Technology and Applied Art,-1.250234846,29.98132346,2026-08-01 04:00:00,0.025455806,34.943577,14.989761,54.897392,Moderate
aq_g5_75,Faculty of Engineering Technology and Applied Art,-1.250234846,29.98132346,2026-08-01 05:00:00,-0.06546951,32.3646,12.410786,52.318417,Moderate
aq_g5_75,Faculty of Engineering Technology and Applied Art,-1.250234846,29.98132346,2026-08-01 06:00:00,-0.012862319,33.856735,13.90292,53.81055,Moderate
aq_g5_75,Faculty of Engineering Technology and Applied Art,-1.250234846,29.98132346,2026-08-01 07:00:00,0.10698255,37.255974,17.302158,57.20979,Unhealthy for Sensitive Groups
aq_g5_75,Faculty of Engineering Technology and Applied Art,-1.250234846,29.98132346,2026-08-01 08:00:00,0.15870939,38.723137,18.769321,58.676952,Unhealthy for Sensitive Groups
aq_g5_75,Faculty of Engineering Technology and Applied Art,-1.250234846,29.98132346,2026-08-01 09:00:00,-0.046852585,32.892647,12.938831,52.846462,Moderate
aq_g5_75,Faculty of Engineering Technology and Applied Art,-1.250234846,29.98132346,2026-08-01 10:00:00,-0.4270969,22.107525,2.1537094,42.06134,Moderate
aq_g5_75,Faculty of Engineering Technology and Applied Art,-1.250234846,29.98132346,2026-08-01 11:00:00,-0.5240352,19.357998,0.0,39.311813,Moderate
aq_g5_75,Faculty of Engineering Technology and Applied Art,-1.250234846,29.98132346,2026-08-01 12:00:00,-0.5900391,17.485888,0.0,37.439705,Moderate
aq_g5_75,Faculty of Engineering Technology and Applied Art,-1.250234846,29.98132346,2026-08-01 13:00:00,-0.6747459,15.08329,0.0,35.037106,Moderate
aq_g5_75,Faculty of Engineering Technology and Applied Art,-1.250234846,29.98132346,2026-08-01 14:00:00,-0.6587066,15.538225,0.0,35.492043,Moderate
aq_g5_75,Faculty of Engineering Technology and Applied Art,-1.250234846,29.98132346,2026-08-01 15:00:00,-0.62391704,16.524984,0.0,36.478798,Moderate
aq_g5_75,Faculty of Engineering Technology and Applied Art,-1.250234846,29.98132346,2026-08-01 16:00:00,-0.5895562,17.499582,0.0,37.4534,Moderate
aq_g5_75,Faculty of Engineering Technology and Applied Art,-1.250234846,29.98132346,2026-08-01 17:00:00,-0.5767571,17.862614,0.0,37.81643,Moderate
aq_g5_75,Faculty of Engineering Technology and Applied Art,-1.250234846,29.98132346,2026-08-01 18:00:00,-0.46888417,20.922283,0.9684677,40.8761,Moderate
aq_g5_75,Faculty of Engineering Technology and Applied Art,-1.250234846,29.98132346,2026-08-01 19:00:00,-0.111787535,31.050854,11.097038,51.00467,Moderate
aq_g5_75,Faculty of Engineering Technology and Applied Art,-1.250234846,29.98132346,2026-08-01 20:00:00,0.12913474,37.884293,17.930477,57.838108,Unhealthy for Sensitive Groups
aq_g5_75,Faculty of Engineering Technology and Applied Art,-1.250234846,29.98132346,2026-08-01 21:00:00,0.3690322,44.688663,24.734848,64.64248,Unhealthy for Sensitive Groups
aq_g5_75,Faculty of Engineering Technology and Applied Art,-1.250234846,29.98132346,2026-08-01 22:00:00,0.38741413,45.21004,25.256226,65.16386,Unhealthy for Sensitive Groups
aq_g5_75,Faculty of Engineering Technology and Applied Art,-1.250234846,29.98132346,2026-08-01 23:00:00,0.3539272,44.26023,24.306416,64.21405,Unhealthy for Sensitive Groups
aq_g5_79,Lapeta Health Centre 3,2.825667643,32.325165,2026-08-01 00:00:00,-0.66472197,15.367607,0.0,35.321423,Moderate
aq_g5_79,Lapeta Health Centre 3,2.825667643,32.325165,2026-08-01 01:00:00,-0.6958093,14.485855,0.0,34.43967,Moderate
aq_g5_79,Lapeta Health Centre 3,2.825667643,32.325165,2026-08-01 02:00:00,-0.6933614,14.555286,0.0,34.5091,Moderate
aq_g5_79,Lapeta Health Centre 3,2.825667643,32.325165,2026-08-01 03:00:00,-0.831856,10.627073,0.0,30.580889,Moderate
aq_g5_79,Lapeta Health Centre 3,2.825667643,32.325165,2026-08-01 04:00:00,-0.8384782,10.439243,0.0,30.393059,Moderate
aq_g5_79,Lapeta Health Centre 3,2.825667643,32.325165,2026-08-01 05:00:00,-0.8319264,10.625076,0.0,30.578892,Moderate
aq_g5_79,Lapeta Health Centre 3,2.825667643,32.325165,2026-08-01 06:00:00,-0.80223525,11.467226,0.0,31.421041,Moderate
aq_g5_79,Lapeta Health Centre 3,2.825667643,32.325165,2026-08-01 07:00:00,-0.5877903,17.549671,0.0,37.503487,Moderate
aq_g5_79,Lapeta Health Centre 3,2.825667643,32.325165,2026-08-01 08:00:00,-0.6159161,16.75192,0.0,36.705734,Moderate
aq_g5_79,Lapeta Health Centre 3,2.825667643,32.325165,2026-08-01 09:00:00,-0.69206786,14.591976,0.0,34.54579,Moderate
aq_g5_79,Lapeta Health Centre 3,2.825667643,32.325165,2026-08-01 10:00:00,-0.76393145,12.553661,0.0,32.507477,Moderate
aq_g5_79,Lapeta Health Centre 3,2.825667643,32.325165,2026-08-01 11:00:00,-0.7960571,11.642462,0.0,31.596277,Moderate
aq_g5_79,Lapeta Health Centre 3,2.825667643,32.325165,2026-08-01 12:00:00,-0.80262065,11.456295,0.0,31.41011,Moderate
aq_g5_79,Lapeta Health Centre 3,2.825667643,32.325165,2026-08-01 13:00:00,-0.7994853,11.545223,0.0,31.499039,Moderate
aq_g5_79,Lapeta Health Centre 3,2.825667643,32.325165,2026-08-01 14:00:00,-0.7974528,11.602873,0.0,31.556688,Moderate
aq_g5_79,Lapeta Health Centre 3,2.825667643,32.325165,2026-08-01 15:00:00,-0.79173666,11.765005,0.0,31.71882,Moderate
aq_g5_79,Lapeta Health Centre 3,2.825667643,32.325165,2026-08-01 16:00:00,-0.7213312,13.761963,0.0,33.71578,Moderate
aq_g5_79,Lapeta Health Centre 3,2.825667643,32.325165,2026-08-01 17:00:00,-0.7002103,14.361029,0.0,34.314842,Moderate
aq_g5_79,Lapeta Health Centre 3,2.825667643,32.325165,2026-08-01 18:00:00,-0.6413906,16.02937,0.0,35.983185,Moderate
aq_g5_79,Lapeta Health Centre 3,2.825667643,32.325165,2026-08-01 19:00:00,-0.53783745,18.966516,0.0,38.920334,Moderate
aq_g5_79,Lapeta Health Centre 3,2.825667643,32.325165,2026-08-01 20:00:00,-0.398635,22.914808,2.9609928,42.86862,Moderate
aq_g5_79,Lapeta Health Centre 3,2.825667643,32.325165,2026-08-01 21:00:00,-0.37090886,23.701223,3.747408,43.655037,Moderate
aq_g5_79,Lapeta Health Centre 3,2.825667643,32.325165,2026-08-01 22:00:00,-0.38246414,23.373474,3.4196587,43.32729,Moderate
aq_g5_79,Lapeta Health Centre 3,2.825667643,32.325165,2026-08-01 23:00:00,-0.5444677,18.778458,0.0,38.732273,Moderate
aq_g5_86,Makerere Main Gate Area.,0.329036389,32.571301500000004,2026-08-01 00:00:00,-0.342107,24.51815,4.564335,44.471966,Moderate
aq_g5_86,Makerere Main Gate Area.,0.329036389,32.571301500000004,2026-08-01 01:00:00,-0.40729246,22.66925,2.715435,42.623066,Moderate
aq_g5_86,Makerere Main Gate Area.,0.329036389,32.571301500000004,2026-08-01 02:00:00,-0.33699358,24.663185,4.7093697,44.617,Moderate
aq_g5_86,Makerere Main Gate Area.,0.329036389,32.571301500000004,2026-08-01 03:00:00,-0.3027187,25.635345,5.68153,45.58916,Moderate
aq_g5_86,Makerere Main Gate Area.,0.329036389,32.571301500000004,2026-08-01 04:00:00,-0.39910412,22.901503,2.9476871,42.855316,Moderate
aq_g5_86,Makerere Main Gate Area.,0.329036389,32.571301500000004,2026-08-01 05:00:00,-0.37035394,23.716963,3.7631474,43.670776,Moderate
aq_g5_86,Makerere Main Gate Area.,0.329036389,32.571301500000004,2026-08-01 06:00:00,-0.26910824,26.588661,6.6348457,46.542477,Moderate
aq_g5_86,Makerere Main Gate Area.,0.329036389,32.571301500000004,2026-08-01 07:00:00,-0.024764964,33.51913,13.565315,53.472946,Moderate
aq_g5_86,Makerere Main Gate Area.,0.329036389,32.571301500000004,2026-08-01 08:00:00,-0.115223385,30.9534,10.999584,50.907215,Moderate
aq_g5_86,Makerere Main Gate Area.,0.329036389,32.571301500000004,2026-08-01 09:00:00,-0.05556807,32.645443,12.6916275,52.59926,Moderate
aq_g5_86,Makerere Main Gate Area.,0.329036389,32.571301500000004,2026-08-01 10:00:00,-0.45906094,21.200907,1.2470913,41.154724,Moderate
aq_g5_86,Makerere Main Gate Area.,0.329036389,32.571301500000004,2026-08-01 11:00:00,-0.69312334,14.56204,0.0,34.515854,Moderate
aq_g5_86,Makerere Main Gate Area.,0.329036389,32.571301500000004,2026-08-01 12:00:00,-0.6870519,14.734249,0.0,34.688065,Moderate
aq_g5_86,Makerere Main Gate Area.,0.329036389,32.571301500000004,2026-08-01 13:00:00,-0.67927027,14.954964,0.0,34.90878,Moderate
aq_g5_86,Makerere Main Gate Area.,0.329036389,32.571301500000004,2026-08-01 14:00:00,-0.62161386,16.590311,0.0,36.54413,Moderate
aq_g5_86,Makerere Main Gate Area.,0.329036389,32.571301500000004,2026-08-01 15:00:00,-0.66614646,15.327204,0.0,35.28102,Moderate
aq_g5_86,Makerere Main Gate Area.,0.329036389,32.571301500000004,2026-08-01 16:00:00,-0.40202937,22.818531,2.8647156,42.772346,Moderate
aq_g5_86,Makerere Main Gate Area.,0.329036389,32.571301500000004,2026-08-01 17:00:00,-0.39102396,23.130684,3.1768684,43.0845,Moderate
aq_g5_86,Makerere Main Gate Area.,0.329036389,32.571301500000004,2026-08-01 18:00:00,-0.4238561,22.199444,2.2456284,42.15326,Moderate
aq_g5_86,Makerere Main Gate Area.,0.329036389,32.571301500000004,2026-08-01 19:00:00,-0.2737599,26.456724,6.5029087,46.410538,Moderate
aq_g5_86,Makerere Main Gate Area.,0.329036389,32.571301500000004,2026-08-01 20:00:00,-0.22850919,27.7402,7.7863846,47.694016,Moderate
aq_g5_86,Makerere Main Gate Area.,0.329036389,32.571301500000004,2026-08-01 21:00:00,-0.20457707,28.419003,8.465187,48.372818,Moderate
aq_g5_86,Makerere Main Gate Area.,0.329036389,32.571301500000004,2026-08-01 22:00:00,-0.25293565,27.047375,7.0935593,47.00119,Moderate
aq_g5_86,Makerere Main Gate Area.,0.329036389,32.571301500000004,2026-08-01 23:00:00,-0.29508585,25.851841,5.8980255,45.805656,Moderate
aq_g5_93,Gulu university,2.786562513,32.30920085,2026-08-01 00:00:00,-0.6811123,14.902718,0.0,34.856533,Moderate
aq_g5_93,Gulu university,2.786562513,32.30920085,2026-08-01 01:00:00,-0.7092587,14.104382,0.0,34.058197,Moderate
aq_g5_93,Gulu university,2.786562513,32.30920085,2026-08-01 02:00:00,-0.7068108,14.173815,0.0,34.127632,Moderate
aq_g5_93,Gulu university,2.786562513,32.30920085,2026-08-01 03:00:00,-0.795914,11.646521,0.0,31.600336,Moderate
aq_g5_93,Gulu university,2.786562513,32.30920085,2026-08-01 04:00:00,-0.8407672,10.374319,0.0,30.328135,Moderate
aq_g5_93,Gulu university,2.786562513,32.30920085,2026-08-01 05:00:00,-0.8380247,10.452106,0.0,30.405922,Moderate
aq_g5_93,Gulu university,2.786562513,32.30920085,2026-08-01 06:00:00,-0.7816117,12.052187,0.0,32.006004,Moderate
aq_g5_93,Gulu university,2.786562513,32.30920085,2026-08-01 07:00:00,-0.673041,15.131649,0.0,35.085464,Moderate
aq_g5_93,Gulu university,2.786562513,32.30920085,2026-08-01 08:00:00,-0.553231,18.5299,0.0,38.483715,Moderate
aq_g5_93,Gulu university,2.786562513,32.30920085,2026-08-01 09:00:00,-0.7173939,13.873638,0.0,33.827454,Moderate
aq_g5_93,Gulu university,2.786562513,32.30920085,2026-08-01 10:00:00,-0.7811662,12.064821,0.0,32.01864,Moderate
aq_g5_93,Gulu university,2.786562513,32.30920085,2026-08-01 11:00:00,-0.80783266,11.308462,0.0,31.262278,Moderate
aq_g5_93,Gulu university,2.786562513,32.30920085,2026-08-01 12:00:00,-0.81427884,11.125626,0.0,31.079441,Moderate
aq_g5_93,Gulu university,2.786562513,32.30920085,2026-08-01 13:00:00,-0.8111435,11.214556,0.0,31.168371,Moderate
aq_g5_93,Gulu university,2.786562513,32.30920085,2026-08-01 14:00:00,-0.81086683,11.222403,0.0,31.176218,Moderate
aq_g5_93,Gulu university,2.786562513,32.30920085,2026-08-01 15:00:00,-0.79832774,11.578056,0.0,31.531872,Moderate
aq_g5_93,Gulu university,2.786562513,32.30920085,2026-08-01 16:00:00,-0.7512947,12.912088,0.0,32.865906,Moderate
aq_g5_93,Gulu university,2.786562513,32.30920085,2026-08-01 17:00:00,-0.7350102,13.373974,0.0,33.32779,Moderate
aq_g5_93,Gulu university,2.786562513,32.30920085,2026-08-01 18:00:00,-0.68827015,14.699694,0.0,34.65351,Moderate
aq_g5_93,Gulu university,2.786562513,32.30920085,2026-08-01 19:00:00,-0.6266406,16.447733,0.0,36.40155,Moderate
aq_g5_93,Gulu university,2.786562513,32.30920085,2026-08-01 20:00:00,-0.52378625,19.365059,0.0,39.318874,Moderate
aq_g5_93,Gulu university,2.786562513,32.30920085,2026-08-01 21:00:00,-0.51149714,19.713623,0.0,39.66744,Moderate
aq_g5_93,Gulu university,2.786562513,32.30920085,2026-08-01 22:00:00,-0.51425993,19.635262,0.0,39.589077,Moderate
aq_g5_93,Gulu university,2.786562513,32.30920085,2026-08-01 23:00:00,-0.5753905,17.901375,0.0,37.85519,Moderate
aq_g5_97,"Mbuya II, Nakawa",0.322924498,32.62850498,2026-08-01 00:00:00,-0.5229508,19.388756,0.0,39.34257,Moderate
aq_g5_97,"Mbuya II, Nakawa",0.322924498,32.62850498,2026-08-01 01:00:00,-0.5354379,19.034576,0.0,38.98839,Moderate
aq_g5_97,"Mbuya II, Nakawa",0.322924498,32.62850498,2026-08-01 02:00:00,-0.5402852,18.897089,0.0,38.850906,Moderate
aq_g5_97,"Mbuya II, Nakawa",0.322924498,32.62850498,2026-08-01 03:00:00,-0.45721188,21.253353,1.2995377,41.20717,Moderate
aq_g5_97,"Mbuya II, Nakawa",0.322924498,32.62850498,2026-08-01 04:00:00,-0.5490141,18.649506,0.0,38.60332,Moderate
aq_g5_97,"Mbuya II, Nakawa",0.322924498,32.62850498,2026-08-01 05:00:00,-0.6157595,16.756361,0.0,36.710175,Moderate
aq_g5_97,"Mbuya II, Nakawa",0.322924498,32.62850498,2026-08-01 06:00:00,-0.34014434,24.573818,4.6200027,44.527634,Moderate
aq_g5_97,"Mbuya II, Nakawa",0.322924498,32.62850498,2026-08-01 07:00:00,-0.3367289,24.670692,4.716877,44.624508,Moderate
aq_g5_97,"Mbuya II, Nakawa",0.322924498,32.62850498,2026-08-01 08:00:00,-0.2265396,27.796064,7.842249,47.749878,Moderate
aq_g5_97,"Mbuya II, Nakawa",0.322924498,32.62850498,2026-08-01 09:00:00,-0.2698909,26.566463,6.612648,46.52028,Moderate
aq_g5_97,"Mbuya II, Nakawa",0.322924498,32.62850498,2026-08-01 10:00:00,-0.5558614,18.455292,0.0,38.409107,Moderate
aq_g5_97,"Mbuya II, Nakawa",0.322924498,32.62850498,2026-08-01 11:00:00,-0.7203009,13.791183,0.0,33.745,Moderate
aq_g5_97,"Mbuya II, Nakawa",0.322924498,32.62850498,2026-08-01 12:00:00,-0.72456497,13.67024,0.0,33.624054,Moderate
aq_g5_97,"Mbuya II, Nakawa",0.322924498,32.62850498,2026-08-01 13:00:00,-0.7418897,13.178846,0.0,33.13266,Moderate
aq_g5_97,"Mbuya II, Nakawa",0.322924498,32.62850498,2026-08-01 14:00:00,-0.7442633,13.111523,0.0,33.06534,Moderate
aq_g5_97,"Mbuya II, Nakawa",0.322924498,32.62850498,2026-08-01 15:00:00,-0.734743,13.381554,0.0,33.33537,Moderate
aq_g5_97,"Mbuya II, Nakawa",0.322924498,32.62850498,2026-08-01 16:00:00,-0.71420366,13.964125,0.0,33.91794,Moderate
aq_g5_97,"Mbuya II, Nakawa",0.322924498,32.62850498,2026-08-01 17:00:00,-0.6767217,15.02725,0.0,34.981064,Moderate
aq_g5_97,"Mbuya II, Nakawa",0.322924498,32.62850498,2026-08-01 18:00:00,-0.6535516,15.684441,0.0,35.638256,Moderate
aq_g5_97,"Mbuya II, Nakawa",0.322924498,32.62850498,2026-08-01 19:00:00,-0.39486945,23.021614,3.0677986,42.97543,Moderate
aq_g5_97,"Mbuya II, Nakawa",0.322924498,32.62850498,2026-08-01 20:00:00,-0.43855044,21.78266,1.8288441,41.736473,Moderate
aq_g5_97,"Mbuya II, Nakawa",0.322924498,32.62850498,2026-08-01 21:00:00,-0.2588086,26.880796,6.926981,46.83461,Moderate
aq_g5_97,"Mbuya II, Nakawa",0.322924498,32.62850498,2026-08-01 22:00:00,-0.2811484,26.247158,6.2933426,46.200974,Moderate
aq_g5_97,"Mbuya II, Nakawa",0.322924498,32.62850498,2026-08-01 23:00:00,-0.23326609,27.605276,7.6514606,47.55909,Moderate
